{"type": "FeatureCollection", "features": [{"type": "Feature", "properties": {"id": "lago-calafquen", "name": "Lago Calafquén", "type": "lake", "region": "los-rios", "season": "2026-2027", "opens": "2026-10-09", "closes": "2027-05-30", "cat": "oct", "rule_level": "region", "phases": [{"s": "2026-10-09", "e": "2027-05-30", "mode": "retention", "label": "Pesca con retención: 3 ejemplares o hasta 15 kilos"}], "veda": [], "gear": ["Pesca con caña y señuelo artificial con un anzuelo simple o triple (\"araña\"). Plomada máx. 100 g. Una caña a la vez. Chinguillo máx. 100 cm / 70 cm diámetro."], "prohibitions": ["Prohibida toda pesca recreativa entre 22:00 y 06:00 en todos los cursos y cuerpos de agua de la región."], "sources": [{"doc": "Resolución Exenta N° 04, de 02 de septiembre de 2024, DZ Pesca y Acuicultura regiones de La Araucanía y Los Ríos", "url": null}]}, "geometry": {"type": "MultiPolygon", "coordinates": [[[[-72.169715, -39.490525], [-72.164799, -39.490356], [-72.161449, -39.490996], [-72.158472, -39.492613], [-72.15496, -39.49566], [-72.154258, -39.497745], [-72.150777, -39.498829], [-72.148853, -39.49747], [-72.14943, -39.49664], [-72.148905, -39.496245], [-72.149988, -39.494935], [-72.151744, -39.495102], [-72.152533, -39.49429], [-72.151459, -39.492421], [-72.1454, -39.489461], [-72.144605, -39.487363], [-72.141262, -39.484977], [-72.139844, -39.484321], [-72.133685, -39.483739], [-72.132248, -39.484984], [-72.131935, -39.487254], [-72.130781, -39.489318], [-72.129371, -39.489491], [-72.128895, -39.490419], [-72.12742, -39.490462], [-72.126102, -39.491574], [-72.122319, -39.492107], [-72.119938, -39.4937], [-72.118397, -39.493073], [-72.117098, -39.494162], [-72.114053, -39.494053], [-72.112942, -39.495163], [-72.110838, -39.50019], [-72.110717, -39.50159], [-72.111575, -39.503304], [-72.107503, -39.508914], [-72.103105, -39.508211], [-72.101575, -39.509321], [-72.098141, -39.509216], [-72.094274, -39.510133], [-72.09164, -39.512197], [-72.091469, -39.51298], [-72.089233, -39.513684], [-72.08813, -39.5154], [-72.084687, -39.516871], [-72.080609, -39.51775], [-72.077605, -39.517326], [-72.071738, -39.5203], [-72.071052, -39.519676], [-72.069797, -39.519933], [-72.069207, -39.521216], [-72.069266, -39.524042], [-72.069547, -39.525228], [-72.071095, -39.526416], [-72.071374, -39.527665], [-72.070655, -39.528523], [-72.071674, -39.529635], [-72.07057, -39.530989], [-72.071074, -39.533761], [-72.072662, -39.535259], [-72.071266, -39.536635], [-72.069958, -39.53637], [-72.069796, -39.537992], [-72.068916, -39.538406], [-72.067573, -39.537636], [-72.067758, -39.539035], [-72.066792, -39.539399], [-72.062157, -39.538298], [-72.059269, -39.540704], [-72.059249, -39.543271], [-72.056492, -39.545127], [-72.05454, -39.546059], [-72.053324, -39.545897], [-72.053387, -39.546614], [-72.052222, -39.546571], [-72.050895, -39.54748], [-72.047695, -39.54773], [-72.047299, -39.548586], [-72.046515, -39.54869], [-72.044873, -39.548149], [-72.044015, -39.549161], [-72.041751, -39.548975], [-72.038232, -39.550352], [-72.037567, -39.549423], [-72.036269, -39.549967], [-72.034477, -39.549723], [-72.032105, -39.551212], [-72.030108, -39.551391], [-72.029658, -39.55318], [-72.026246, -39.554371], [-72.019263, -39.555156], [-72.016463, -39.557185], [-72.016169, -39.560235], [-72.011344, -39.562718], [-72.010118, -39.566467], [-72.011395, -39.570692], [-72.013684, -39.574378], [-72.017427, -39.578131], [-72.023619, -39.58166], [-72.025932, -39.580117], [-72.027775, -39.579707], [-72.026589, -39.581223], [-72.027155, -39.582546], [-72.029913, -39.583461], [-72.032118, -39.582502], [-72.033282, -39.58089], [-72.037847, -39.58034], [-72.042332, -39.57826], [-72.048962, -39.576999], [-72.051339, -39.575267], [-72.05327, -39.575126], [-72.05511, -39.573315], [-72.060657, -39.569941], [-72.062883, -39.567774], [-72.062995, -39.565748], [-72.067705, -39.563299], [-72.067888, -39.561629], [-72.071074, -39.560289], [-72.070613, -39.559044], [-72.0719, -39.5588], [-72.072185, -39.558084], [-72.079716, -39.556264], [-72.080038, -39.554391], [-72.083412, -39.553291], [-72.083434, -39.552343], [-72.084652, -39.551686], [-72.095311, -39.549729], [-72.097092, -39.550346], [-72.099339, -39.549638], [-72.100455, -39.548579], [-72.105034, -39.54891], [-72.104339, -39.547843], [-72.104505, -39.546247], [-72.100836, -39.544203], [-72.101426, -39.543764], [-72.103057, -39.544641], [-72.102725, -39.542976], [-72.103229, -39.542631], [-72.102628, -39.542101], [-72.106591, -39.540458], [-72.105059, -39.538612], [-72.104963, -39.537333], [-72.106179, -39.536523], [-72.105208, -39.535923], [-72.105535, -39.534839], [-72.107794, -39.534206], [-72.110715, -39.53469], [-72.114462, -39.532545], [-72.124043, -39.530124], [-72.125647, -39.530786], [-72.127988, -39.530664], [-72.127741, -39.531101], [-72.130351, -39.532346], [-72.129906, -39.53365], [-72.131676, -39.534014], [-72.135071, -39.536518], [-72.140987, -39.537959], [-72.139504, -39.53876], [-72.139569, -39.539843], [-72.142718, -39.542356], [-72.148716, -39.544405], [-72.165751, -39.547336], [-72.170888, -39.549304], [-72.172659, -39.550989], [-72.17802, -39.553683], [-72.193081, -39.557743], [-72.203874, -39.559537], [-72.208026, -39.559258], [-72.208996, -39.558406], [-72.209138, -39.557276], [-72.20787, -39.556693], [-72.207931, -39.555859], [-72.209323, -39.556848], [-72.210909, -39.556916], [-72.211968, -39.558215], [-72.221474, -39.563816], [-72.229529, -39.56966], [-72.23632, -39.572808], [-72.244405, -39.571804], [-72.249218, -39.569838], [-72.250329, -39.567959], [-72.248726, -39.566985], [-72.250385, -39.565305], [-72.249985, -39.563871], [-72.252335, -39.562412], [-72.252904, -39.558719], [-72.25419, -39.558267], [-72.258726, -39.559293], [-72.260147, -39.560807], [-72.261659, -39.561381], [-72.265517, -39.560841], [-72.26563, -39.561868], [-72.269759, -39.562824], [-72.273241, -39.565429], [-72.277499, -39.563928], [-72.279894, -39.562093], [-72.281875, -39.554492], [-72.281763, -39.549777], [-72.27725, -39.54889], [-72.275558, -39.547968], [-72.278333, -39.543531], [-72.278897, -39.540138], [-72.276731, -39.536467], [-72.273324, -39.533717], [-72.270865, -39.529958], [-72.271113, -39.526111], [-72.272304, -39.524497], [-72.272241, -39.527034], [-72.273031, -39.527696], [-72.273617, -39.530184], [-72.275265, -39.531733], [-72.276957, -39.530167], [-72.277814, -39.52867], [-72.277724, -39.526599], [-72.278875, -39.526043], [-72.279394, -39.524876], [-72.279707, -39.518112], [-72.274058, -39.515865], [-72.272068, -39.514114], [-72.268023, -39.512976], [-72.266597, -39.511611], [-72.265207, -39.507132], [-72.264005, -39.505986], [-72.258824, -39.502964], [-72.252375, -39.501868], [-72.246244, -39.502873], [-72.24493, -39.503821], [-72.241545, -39.503664], [-72.236443, -39.506764], [-72.225221, -39.503134], [-72.220559, -39.50284], [-72.217523, -39.501963], [-72.210249, -39.501425], [-72.204632, -39.50236], [-72.199359, -39.500005], [-72.194767, -39.496598], [-72.187187, -39.493473], [-72.184939, -39.492893], [-72.183303, -39.494357], [-72.179473, -39.492227], [-72.178438, -39.492165], [-72.177376, -39.493051], [-72.17597, -39.491295], [-72.169715, -39.490525]], [[-72.234236, -39.541277], [-72.230288, -39.54106], [-72.229191, -39.539331], [-72.229292, -39.537582], [-72.230874, -39.536723], [-72.235108, -39.537436], [-72.236347, -39.536453], [-72.237165, -39.536742], [-72.236792, -39.536248], [-72.237211, -39.536171], [-72.23899, -39.53836], [-72.240803, -39.538605], [-72.242102, -39.539608], [-72.24133, -39.540559], [-72.238607, -39.540265], [-72.237423, -39.540923], [-72.23565, -39.540665], [-72.234826, -39.541695], [-72.234236, -39.541277]], [[-72.180803, -39.54175], [-72.17917, -39.542739], [-72.178505, -39.542457], [-72.179052, -39.541766], [-72.180803, -39.54175]], [[-72.179344, -39.544195], [-72.178097, -39.543291], [-72.179492, -39.543444], [-72.179875, -39.543984], [-72.179344, -39.544195]], [[-72.17055, -39.500451], [-72.17055, -39.500451]], [[-72.169492, -39.50067], [-72.170094, -39.500901], [-72.169135, -39.501629], [-72.169492, -39.50067]], [[-72.167122, -39.500737], [-72.168102, -39.500733], [-72.168447, -39.501505], [-72.167553, -39.503657], [-72.167122, -39.500737]], [[-72.19007, -39.530441], [-72.191224, -39.531554], [-72.190285, -39.532121], [-72.187764, -39.531699], [-72.186514, -39.529928], [-72.187399, -39.529899], [-72.187238, -39.529142], [-72.188525, -39.529514], [-72.188241, -39.52992], [-72.189526, -39.530716], [-72.19007, -39.530441]], [[-72.181801, -39.530168], [-72.181801, -39.530168]], [[-72.184129, -39.532876], [-72.184129, -39.532876]], [[-72.18311, -39.533093], [-72.18311, -39.533093]], [[-72.185503, -39.531093], [-72.186356, -39.531875], [-72.185438, -39.531568], [-72.185127, -39.532313], [-72.182697, -39.532888], [-72.180975, -39.531804], [-72.180514, -39.533128], [-72.178448, -39.533823], [-72.176946, -39.533302], [-72.176834, -39.531275], [-72.177783, -39.529326], [-72.180825, -39.530182], [-72.181517, -39.53096], [-72.182322, -39.531026], [-72.183432, -39.529947], [-72.183711, -39.531051], [-72.185503, -39.531093]], [[-72.239317, -39.537387], [-72.239317, -39.537387]], [[-72.226219, -39.53379], [-72.226962, -39.534369], [-72.225704, -39.534442], [-72.224792, -39.533699], [-72.226219, -39.53379]], [[-72.180103, -39.543078], [-72.180103, -39.543078]]]]}}, {"type": "Feature", "properties": {"id": "lago-panguipulli", "name": "Lago Panguipulli", "type": "lake", "region": "los-rios", "season": "2026-2027", "opens": "2026-10-09", "closes": "2027-05-30", "cat": "oct", "rule_level": "region", "phases": [{"s": "2026-10-09", "e": "2027-05-30", "mode": "retention", "label": "Pesca con retención: 3 ejemplares o hasta 15 kilos"}], "veda": [], "gear": ["Pesca con caña y señuelo artificial con un anzuelo simple o triple (\"araña\"). Plomada máx. 100 g. Una caña a la vez. Chinguillo máx. 100 cm / 70 cm diámetro."], "prohibitions": ["Prohibida toda pesca recreativa entre 22:00 y 06:00 en todos los cursos y cuerpos de agua de la región."], "sources": [{"doc": "Resolución Exenta N° 04, de 02 de septiembre de 2024, DZ Pesca y Acuicultura regiones de La Araucanía y Los Ríos", "url": null}]}, "geometry": {"type": "MultiPolygon", "coordinates": [[[[-72.118627, -39.842819], [-72.121977, -39.847085], [-72.120867, -39.84713], [-72.121814, -39.848435], [-72.122482, -39.851759], [-72.127403, -39.857584], [-72.128479, -39.857104], [-72.128369, -39.854501], [-72.127124, -39.852648], [-72.120376, -39.843274], [-72.116404, -39.839988], [-72.115878, -39.838488], [-72.116983, -39.83717], [-72.116634, -39.835671], [-72.120438, -39.835086], [-72.122551, -39.834035], [-72.123007, -39.832474], [-72.122294, -39.830262], [-72.12393, -39.828569], [-72.131247, -39.825619], [-72.134632, -39.82538], [-72.136772, -39.824157], [-72.138956, -39.822084], [-72.141879, -39.8177], [-72.144175, -39.816201], [-72.142689, -39.814177], [-72.140844, -39.813959], [-72.141402, -39.808042], [-72.142421, -39.806146], [-72.145361, -39.80465], [-72.149143, -39.804069], [-72.14969, -39.806117], [-72.150988, -39.806546], [-72.15094, -39.8073], [-72.155065, -39.808313], [-72.155752, -39.809418], [-72.155529, -39.808386], [-72.156057, -39.808027], [-72.16309, -39.80669], [-72.163605, -39.803558], [-72.161658, -39.801266], [-72.163079, -39.799709], [-72.163369, -39.798303], [-72.161422, -39.794507], [-72.159931, -39.79353], [-72.159571, -39.791041], [-72.161368, -39.785299], [-72.164877, -39.782702], [-72.164984, -39.780257], [-72.167886, -39.777433], [-72.17103, -39.776015], [-72.174361, -39.7758], [-72.174806, -39.774584], [-72.176995, -39.774438], [-72.176287, -39.773017], [-72.176592, -39.772081], [-72.178926, -39.771166], [-72.178422, -39.770667], [-72.179065, -39.770424], [-72.179618, -39.768383], [-72.190433, -39.764767], [-72.19268, -39.762408], [-72.195604, -39.761604], [-72.197798, -39.758655], [-72.198023, -39.756169], [-72.201794, -39.751999], [-72.20306, -39.748943], [-72.204192, -39.748217], [-72.208124, -39.74231], [-72.212577, -39.741968], [-72.214562, -39.742863], [-72.218612, -39.74264], [-72.222469, -39.738231], [-72.227157, -39.737955], [-72.227334, -39.736354], [-72.226165, -39.735851], [-72.227034, -39.734898], [-72.231803, -39.734275], [-72.232248, -39.732691], [-72.225296, -39.731305], [-72.228257, -39.727942], [-72.228659, -39.725054], [-72.230596, -39.723672], [-72.229915, -39.722863], [-72.231556, -39.722789], [-72.230805, -39.723631], [-72.231342, -39.724233], [-72.234257, -39.724359], [-72.235464, -39.725112], [-72.235488, -39.725861], [-72.236398, -39.725974], [-72.239305, -39.723827], [-72.240166, -39.722054], [-72.242081, -39.721025], [-72.245748, -39.720194], [-72.245413, -39.721514], [-72.246885, -39.720171], [-72.246855, -39.718683], [-72.248344, -39.717986], [-72.2481, -39.717373], [-72.249691, -39.717371], [-72.249768, -39.714545], [-72.256648, -39.712444], [-72.265698, -39.715568], [-72.269665, -39.716294], [-72.271331, -39.715743], [-72.278783, -39.718497], [-72.287364, -39.719402], [-72.289821, -39.720227], [-72.291343, -39.71903], [-72.297779, -39.718205], [-72.299682, -39.71871], [-72.302969, -39.718285], [-72.306187, -39.716714], [-72.310685, -39.71573], [-72.318505, -39.715437], [-72.326913, -39.716874], [-72.327432, -39.716209], [-72.328297, -39.716315], [-72.330303, -39.718311], [-72.331964, -39.717566], [-72.334386, -39.718338], [-72.339265, -39.715863], [-72.346251, -39.714253], [-72.348642, -39.708277], [-72.348737, -39.701239], [-72.346349, -39.699659], [-72.343689, -39.699778], [-72.344386, -39.699254], [-72.343383, -39.699052], [-72.343018, -39.697397], [-72.342004, -39.697257], [-72.342707, -39.695717], [-72.340486, -39.69556], [-72.340052, -39.696468], [-72.338067, -39.695898], [-72.339939, -39.695189], [-72.339735, -39.694664], [-72.340851, -39.693719], [-72.340588, -39.693108], [-72.337568, -39.69322], [-72.335926, -39.694429], [-72.335996, -39.693327], [-72.335063, -39.692861], [-72.332343, -39.693855], [-72.330101, -39.692749], [-72.327011, -39.69279], [-72.324849, -39.694615], [-72.325712, -39.695692], [-72.327563, -39.696299], [-72.32678, -39.69641], [-72.327676, -39.697715], [-72.32972, -39.698491], [-72.328126, -39.698862], [-72.32406, -39.69788], [-72.322644, -39.698796], [-72.321625, -39.697347], [-72.317381, -39.695007], [-72.317725, -39.694082], [-72.316346, -39.693418], [-72.31464, -39.693826], [-72.31412, -39.694561], [-72.310494, -39.694784], [-72.31022, -39.694479], [-72.31258, -39.692609], [-72.309069, -39.690378], [-72.310322, -39.689139], [-72.308581, -39.684466], [-72.309726, -39.681665], [-72.307603, -39.67894], [-72.306143, -39.679269], [-72.304587, -39.678486], [-72.298858, -39.679902], [-72.294647, -39.679006], [-72.287829, -39.680042], [-72.285737, -39.681215], [-72.286128, -39.682821], [-72.283199, -39.684902], [-72.278731, -39.685612], [-72.274101, -39.688122], [-72.272229, -39.6878], [-72.271494, -39.688782], [-72.272615, -39.690016], [-72.272572, -39.692006], [-72.271607, -39.692501], [-72.264773, -39.691536], [-72.262675, -39.689282], [-72.263442, -39.688134], [-72.262836, -39.687478], [-72.263013, -39.686425], [-72.266082, -39.685591], [-72.265937, -39.682961], [-72.266489, -39.681818], [-72.26981, -39.679915], [-72.270491, -39.67842], [-72.273077, -39.678763], [-72.27578, -39.677115], [-72.275818, -39.675569], [-72.274316, -39.675431], [-72.279112, -39.670629], [-72.280303, -39.668052], [-72.283865, -39.667837], [-72.285243, -39.667007], [-72.287657, -39.66785], [-72.290825, -39.667003], [-72.295715, -39.667569], [-72.2997, -39.666549], [-72.301366, -39.665153], [-72.311494, -39.663453], [-72.31868, -39.6555], [-72.321119, -39.654115], [-72.321792, -39.652382], [-72.327854, -39.64826], [-72.325856, -39.646845], [-72.325793, -39.645023], [-72.324892, -39.643747], [-72.319632, -39.644487], [-72.3174, -39.642647], [-72.314612, -39.643704], [-72.310588, -39.643003], [-72.30373, -39.643802], [-72.293841, -39.64907], [-72.289079, -39.650042], [-72.286872, -39.651864], [-72.285705, -39.65209], [-72.286103, -39.652717], [-72.2829, -39.653367], [-72.283345, -39.656963], [-72.279289, -39.656989], [-72.275462, -39.65609], [-72.273556, -39.656679], [-72.272406, -39.657769], [-72.271148, -39.657743], [-72.269281, -39.656566], [-72.266814, -39.656224], [-72.265408, -39.652452], [-72.262965, -39.649908], [-72.262823, -39.646877], [-72.259164, -39.644442], [-72.256941, -39.641925], [-72.246524, -39.633197], [-72.246199, -39.628942], [-72.245435, -39.627081], [-72.24397, -39.626653], [-72.242072, -39.625017], [-72.24003, -39.624777], [-72.237238, -39.626174], [-72.237124, -39.627549], [-72.232833, -39.627469], [-72.231518, -39.625736], [-72.229224, -39.625665], [-72.22678, -39.623334], [-72.225908, -39.622809], [-72.225596, -39.623446], [-72.223735, -39.620768], [-72.221466, -39.620351], [-72.223917, -39.61897], [-72.225484, -39.619239], [-72.225307, -39.620115], [-72.226557, -39.620458], [-72.226884, -39.619189], [-72.223306, -39.618417], [-72.220291, -39.619165], [-72.21866, -39.622086], [-72.218639, -39.623322], [-72.22102, -39.638178], [-72.220736, -39.639818], [-72.225473, -39.64238], [-72.227828, -39.645118], [-72.232747, -39.646969], [-72.236003, -39.647146], [-72.237784, -39.65119], [-72.237953, -39.653476], [-72.237344, -39.654151], [-72.233605, -39.65366], [-72.230167, -39.651628], [-72.228048, -39.651124], [-72.226111, -39.651384], [-72.225119, -39.652281], [-72.222458, -39.651669], [-72.217501, -39.648278], [-72.216225, -39.645961], [-72.214985, -39.645048], [-72.210957, -39.6467], [-72.209197, -39.648633], [-72.209047, -39.65088], [-72.212395, -39.655184], [-72.212641, -39.657142], [-72.216783, -39.662011], [-72.216445, -39.663278], [-72.216986, -39.664749], [-72.219738, -39.667503], [-72.220495, -39.670108], [-72.220216, -39.673304], [-72.219197, -39.674642], [-72.216353, -39.682553], [-72.21792, -39.68621], [-72.216085, -39.688382], [-72.215259, -39.692411], [-72.215747, -39.694417], [-72.214336, -39.69587], [-72.213762, -39.6988], [-72.212684, -39.699906], [-72.212631, -39.701731], [-72.213923, -39.703594], [-72.212899, -39.705032], [-72.212963, -39.706922], [-72.212201, -39.708664], [-72.212695, -39.709556], [-72.211322, -39.711644], [-72.20953, -39.711949], [-72.209616, -39.712783], [-72.208886, -39.713335], [-72.208049, -39.713302], [-72.208114, -39.712758], [-72.207427, -39.713682], [-72.2063, -39.71341], [-72.205335, -39.713963], [-72.205238, -39.715605], [-72.203468, -39.717718], [-72.203254, -39.718939], [-72.205362, -39.721254], [-72.205142, -39.722384], [-72.202975, -39.722471], [-72.201794, -39.723791], [-72.199482, -39.724353], [-72.199075, -39.725397], [-72.197283, -39.725545], [-72.197127, -39.726494], [-72.195792, -39.727472], [-72.191232, -39.728115], [-72.184473, -39.731969], [-72.184086, -39.733219], [-72.185213, -39.734774], [-72.186232, -39.735079], [-72.186189, -39.735653], [-72.184387, -39.736985], [-72.184553, -39.737645], [-72.183105, -39.739101], [-72.18311, -39.739914], [-72.180052, -39.742781], [-72.179983, -39.743989], [-72.178497, -39.745738], [-72.17428, -39.749182], [-72.172923, -39.749978], [-72.171223, -39.749941], [-72.167832, -39.752131], [-72.165107, -39.752898], [-72.164093, -39.752824], [-72.164206, -39.75171], [-72.162682, -39.750795], [-72.156959, -39.752766], [-72.153171, -39.755492], [-72.151535, -39.757505], [-72.145511, -39.760043], [-72.144653, -39.763678], [-72.143317, -39.764334], [-72.142426, -39.765863], [-72.143027, -39.76647], [-72.145511, -39.765041], [-72.14528, -39.765793], [-72.146208, -39.766713], [-72.145044, -39.767975], [-72.140721, -39.769574], [-72.140259, -39.768741], [-72.137496, -39.769331], [-72.135361, -39.771657], [-72.133098, -39.772444], [-72.133763, -39.772861], [-72.131918, -39.773108], [-72.131563, -39.773875], [-72.123275, -39.775334], [-72.122304, -39.777218], [-72.123313, -39.776909], [-72.121543, -39.777853], [-72.122959, -39.77848], [-72.121001, -39.780698], [-72.120588, -39.782821], [-72.118555, -39.785991], [-72.119754, -39.78825], [-72.119268, -39.790031], [-72.119681, -39.792508], [-72.120936, -39.794111], [-72.121881, -39.794895], [-72.124051, -39.794402], [-72.126923, -39.794736], [-72.128683, -39.796712], [-72.12982, -39.797025], [-72.131628, -39.799832], [-72.127808, -39.804926], [-72.127339, -39.812506], [-72.124061, -39.814721], [-72.114639, -39.816134], [-72.111109, -39.817457], [-72.108024, -39.816316], [-72.104886, -39.816563], [-72.099704, -39.814392], [-72.097397, -39.816205], [-72.097258, -39.818458], [-72.095557, -39.821466], [-72.090976, -39.8244], [-72.091073, -39.824968], [-72.092478, -39.824416], [-72.091298, -39.825611], [-72.090654, -39.825891], [-72.090343, -39.825207], [-72.089549, -39.825825], [-72.089678, -39.828429], [-72.086191, -39.834064], [-72.086944, -39.836057], [-72.086402, -39.837927], [-72.089749, -39.841633], [-72.093685, -39.841924], [-72.098218, -39.841021], [-72.104822, -39.842146], [-72.107509, -39.841701], [-72.110884, -39.842607], [-72.112654, -39.84374], [-72.113528, -39.843452], [-72.112927, -39.841611], [-72.113646, -39.841289], [-72.118627, -39.842819]], [[-72.26135, -39.69193], [-72.261916, -39.692297], [-72.26135, -39.69193]], [[-72.220205, -39.62057], [-72.22182, -39.618776], [-72.223746, -39.618855], [-72.221863, -39.619632], [-72.220822, -39.620929], [-72.220205, -39.62057]], [[-72.212751, -39.711582], [-72.212459, -39.712238], [-72.212751, -39.711582]], [[-72.212242, -39.71199], [-72.211917, -39.712533], [-72.212242, -39.71199]], [[-72.211139, -39.712663], [-72.211139, -39.712663]], [[-72.211541, -39.712785], [-72.211104, -39.713222], [-72.211541, -39.712785]], [[-72.212142, -39.712553], [-72.21178, -39.713232], [-72.212142, -39.712553]], [[-72.212687, -39.712162], [-72.212687, -39.712162]], [[-72.213642, -39.709254], [-72.213642, -39.709254]], [[-72.214009, -39.708264], [-72.213489, -39.709209], [-72.214009, -39.708264]], [[-72.234281, -39.724194], [-72.234748, -39.724181], [-72.234281, -39.724194]], [[-72.234914, -39.724074], [-72.234914, -39.724074]], [[-72.229263, -39.723321], [-72.229263, -39.723321]], [[-72.299727, -39.685496], [-72.298096, -39.684939], [-72.298509, -39.684126], [-72.301782, -39.683638], [-72.299727, -39.685496]], [[-72.287239, -39.691465], [-72.28631, -39.690443], [-72.288086, -39.689917], [-72.288736, -39.691007], [-72.287239, -39.691465]], [[-72.305421, -39.659399], [-72.299917, -39.659702], [-72.298855, -39.659252], [-72.301725, -39.656141], [-72.303569, -39.655188], [-72.305421, -39.659399]], [[-72.156607, -39.760738], [-72.156068, -39.760973], [-72.156607, -39.760738]], [[-72.157423, -39.756872], [-72.158066, -39.758713], [-72.155548, -39.761602], [-72.156484, -39.763113], [-72.152165, -39.764569], [-72.151744, -39.763694], [-72.150406, -39.763336], [-72.153008, -39.76141], [-72.155073, -39.758235], [-72.157423, -39.756872]]]]}}, {"type": "Feature", "properties": {"id": "lago-rinihue", "name": "Lago Riñihue", "type": "lake", "region": "los-rios", "season": "2026-2027", "opens": "2026-10-09", "closes": "2027-05-30", "cat": "oct", "rule_level": "region", "phases": [{"s": "2026-10-09", "e": "2027-05-30", "mode": "retention", "label": "Pesca con retención: 3 ejemplares o hasta 15 kilos"}], "veda": [], "gear": ["Pesca con caña y señuelo artificial con un anzuelo simple o triple (\"araña\"). Plomada máx. 100 g. Una caña a la vez. Chinguillo máx. 100 cm / 70 cm diámetro."], "prohibitions": ["Prohibida toda pesca recreativa entre 22:00 y 06:00 en todos los cursos y cuerpos de agua de la región."], "sources": [{"doc": "Resolución Exenta N° 04, de 02 de septiembre de 2024, DZ Pesca y Acuicultura regiones de La Araucanía y Los Ríos", "url": null}]}, "geometry": {"type": "MultiPolygon", "coordinates": [[[[-72.240515, -39.862029], [-72.241727, -39.861395], [-72.241867, -39.860053], [-72.248229, -39.855548], [-72.250407, -39.853093], [-72.254999, -39.850474], [-72.257338, -39.849592], [-72.260556, -39.849374], [-72.265422, -39.846792], [-72.266736, -39.844177], [-72.26989, -39.842233], [-72.271306, -39.839477], [-72.274788, -39.837364], [-72.279251, -39.831275], [-72.284514, -39.826361], [-72.290876, -39.823254], [-72.296873, -39.821858], [-72.30242, -39.818219], [-72.308187, -39.816802], [-72.308938, -39.815908], [-72.312602, -39.815891], [-72.317269, -39.811903], [-72.319731, -39.810477], [-72.321898, -39.810382], [-72.324484, -39.808511], [-72.325712, -39.805997], [-72.328641, -39.805132], [-72.329634, -39.802866], [-72.332584, -39.80139], [-72.333341, -39.800162], [-72.33804, -39.79717], [-72.344128, -39.794882], [-72.346832, -39.795369], [-72.348479, -39.794128], [-72.350512, -39.79372], [-72.353055, -39.794454], [-72.356488, -39.792865], [-72.362144, -39.792595], [-72.375278, -39.789815], [-72.376524, -39.790191], [-72.382468, -39.787534], [-72.389398, -39.786338], [-72.392022, -39.786501], [-72.396546, -39.784714], [-72.409703, -39.781381], [-72.418053, -39.776606], [-72.421895, -39.775214], [-72.427145, -39.775725], [-72.430779, -39.777126], [-72.437775, -39.776475], [-72.442673, -39.774503], [-72.443962, -39.774774], [-72.44559, -39.774163], [-72.447714, -39.775554], [-72.45015, -39.774093], [-72.454446, -39.774966], [-72.454981, -39.776467], [-72.45183, -39.778605], [-72.451462, -39.780587], [-72.445364, -39.785499], [-72.439451, -39.789052], [-72.43759, -39.791685], [-72.435601, -39.791827], [-72.434993, -39.793313], [-72.427568, -39.798451], [-72.421379, -39.799739], [-72.414765, -39.802159], [-72.412628, -39.80465], [-72.412676, -39.807682], [-72.41344, -39.808896], [-72.415576, -39.809957], [-72.418781, -39.810424], [-72.424989, -39.808386], [-72.432892, -39.811471], [-72.437582, -39.814293], [-72.440527, -39.816819], [-72.440836, -39.818022], [-72.440569, -39.82051], [-72.43965, -39.821391], [-72.4397, -39.823298], [-72.438474, -39.824928], [-72.433832, -39.825847], [-72.430682, -39.824503], [-72.425763, -39.823909], [-72.421821, -39.824673], [-72.418615, -39.82606], [-72.415944, -39.828323], [-72.412425, -39.829271], [-72.403271, -39.830035], [-72.394822, -39.829306], [-72.392386, -39.830261], [-72.389356, -39.829306], [-72.385888, -39.829865], [-72.380274, -39.829232], [-72.377281, -39.826332], [-72.376746, -39.824558], [-72.375564, -39.823312], [-72.370741, -39.823246], [-72.369389, -39.824927], [-72.366868, -39.825619], [-72.364658, -39.824754], [-72.363102, -39.82248], [-72.354498, -39.820766], [-72.35129, -39.821483], [-72.348801, -39.823518], [-72.346827, -39.826987], [-72.34482, -39.828462], [-72.342514, -39.829121], [-72.339874, -39.828585], [-72.339059, -39.829772], [-72.337579, -39.830143], [-72.337482, -39.833652], [-72.338211, -39.836182], [-72.335776, -39.839411], [-72.331055, -39.843703], [-72.327933, -39.844625], [-72.326539, -39.846817], [-72.316325, -39.852204], [-72.310735, -39.853447], [-72.309115, -39.854641], [-72.306385, -39.854976], [-72.303117, -39.856676], [-72.298375, -39.857252], [-72.291477, -39.863124], [-72.288526, -39.863808], [-72.285179, -39.867398], [-72.282636, -39.868485], [-72.281295, -39.867991], [-72.277669, -39.868642], [-72.274461, -39.872635], [-72.272058, -39.873426], [-72.269826, -39.875073], [-72.266318, -39.87574], [-72.262724, -39.880424], [-72.255396, -39.886838], [-72.252982, -39.888114], [-72.252789, -39.889143], [-72.25399, -39.890065], [-72.253314, -39.892295], [-72.252038, -39.893168], [-72.250106, -39.893382], [-72.245579, -39.897012], [-72.244484, -39.898897], [-72.241759, -39.900675], [-72.238927, -39.901811], [-72.234206, -39.902444], [-72.227769, -39.905374], [-72.22072, -39.904963], [-72.212266, -39.902592], [-72.205045, -39.906428], [-72.199853, -39.906856], [-72.190754, -39.911645], [-72.188429, -39.912127], [-72.183848, -39.914435], [-72.182676, -39.916106], [-72.181605, -39.916303], [-72.179698, -39.918171], [-72.17759, -39.918829], [-72.176262, -39.918529], [-72.171005, -39.915978], [-72.170131, -39.914752], [-72.170366, -39.913294], [-72.17332, -39.904938], [-72.171882, -39.902148], [-72.173352, -39.901333], [-72.174136, -39.899695], [-72.176839, -39.897226], [-72.177569, -39.894798], [-72.182418, -39.891769], [-72.18922, -39.889719], [-72.201172, -39.889192], [-72.203307, -39.888476], [-72.204691, -39.887233], [-72.208382, -39.886442], [-72.210195, -39.884442], [-72.216547, -39.883108], [-72.222576, -39.879247], [-72.222764, -39.878436], [-72.224164, -39.878037], [-72.22182, -39.878218], [-72.221015, -39.875822], [-72.219046, -39.875315], [-72.214073, -39.8773], [-72.211686, -39.877452], [-72.204954, -39.881038], [-72.201816, -39.88203], [-72.197524, -39.881474], [-72.198104, -39.881272], [-72.197267, -39.880202], [-72.197331, -39.879173], [-72.199799, -39.878786], [-72.202427, -39.876744], [-72.206762, -39.875665], [-72.208457, -39.874529], [-72.210764, -39.874653], [-72.213339, -39.873854], [-72.21512, -39.872421], [-72.214905, -39.870387], [-72.216461, -39.869169], [-72.220656, -39.867933], [-72.225645, -39.867448], [-72.240515, -39.862029]], [[-72.224226, -39.877858], [-72.224226, -39.877858]], [[-72.2166, -39.884903], [-72.213843, -39.887764], [-72.210726, -39.887747], [-72.212858, -39.886066], [-72.2166, -39.884903]]]]}}, {"type": "Feature", "properties": {"id": "lago-pellaifa", "name": "Lago Pellaifa", "type": "lake", "region": "los-rios", "season": "2026-2027", "opens": "2026-10-09", "closes": "2027-05-30", "cat": "oct", "rule_level": "region", "phases": [{"s": "2026-10-09", "e": "2027-05-30", "mode": "retention", "label": "Pesca con retención: 3 ejemplares o hasta 15 kilos"}], "veda": [], "gear": ["Pesca con caña y señuelo artificial con un anzuelo simple o triple (\"araña\"). Plomada máx. 100 g. Una caña a la vez. Chinguillo máx. 100 cm / 70 cm diámetro."], "prohibitions": ["Prohibida toda pesca recreativa entre 22:00 y 06:00 en todos los cursos y cuerpos de agua de la región."], "sources": [{"doc": "Resolución Exenta N° 04, de 02 de septiembre de 2024, DZ Pesca y Acuicultura regiones de La Araucanía y Los Ríos", "url": null}]}, "geometry": {"type": "MultiPolygon", "coordinates": [[[[-71.941255, -39.620317], [-71.943494, -39.61849], [-71.943443, -39.615486], [-71.944333, -39.614867], [-71.943293, -39.610292], [-71.945276, -39.606969], [-71.948129, -39.604864], [-71.949193, -39.60479], [-71.949798, -39.60546], [-71.94721, -39.610788], [-71.947573, -39.611831], [-71.948395, -39.611943], [-71.95149, -39.609093], [-71.952554, -39.607435], [-71.952868, -39.605386], [-71.955141, -39.60343], [-71.961476, -39.602945], [-71.973572, -39.605205], [-71.979289, -39.604521], [-71.980611, -39.60362], [-71.982113, -39.603919], [-71.982545, -39.601758], [-71.981494, -39.60067], [-71.980212, -39.600757], [-71.98011, -39.601262], [-71.97864, -39.600237], [-71.976028, -39.59626], [-71.974118, -39.591792], [-71.96664, -39.587455], [-71.961544, -39.587389], [-71.955498, -39.588418], [-71.949935, -39.590477], [-71.944565, -39.593747], [-71.944415, -39.594383], [-71.945246, -39.595049], [-71.947092, -39.594421], [-71.945836, -39.600361], [-71.943224, -39.602679], [-71.93786, -39.609949], [-71.933455, -39.611412], [-71.932227, -39.614098], [-71.931959, -39.619532], [-71.927614, -39.622772], [-71.927308, -39.625115], [-71.928091, -39.625755], [-71.930789, -39.625722], [-71.932543, -39.626433], [-71.937763, -39.625644], [-71.939485, -39.623867], [-71.941014, -39.623462], [-71.940198, -39.622417], [-71.941255, -39.620317]]]]}}, {"type": "Feature", "properties": {"id": "lago-neltume", "name": "Lago Neltume", "type": "lake", "region": "los-rios", "season": "2026-2027", "opens": "2026-10-09", "closes": "2027-05-30", "cat": "oct", "rule_level": "region", "phases": [{"s": "2026-10-09", "e": "2027-05-30", "mode": "retention", "label": "Pesca con retención: 3 ejemplares o hasta 15 kilos"}], "veda": [], "gear": ["Pesca con caña y señuelo artificial con un anzuelo simple o triple (\"araña\"). Plomada máx. 100 g. Una caña a la vez. Chinguillo máx. 100 cm / 70 cm diámetro."], "prohibitions": ["Prohibida toda pesca recreativa entre 22:00 y 06:00 en todos los cursos y cuerpos de agua de la región."], "sources": [{"doc": "Resolución Exenta N° 04, de 02 de septiembre de 2024, DZ Pesca y Acuicultura regiones de La Araucanía y Los Ríos", "url": null}]}, "geometry": {"type": "MultiPolygon", "coordinates": [[[[-71.971242, -39.766721], [-71.97165, -39.771084], [-71.973882, -39.774819], [-71.977004, -39.776237], [-71.977637, -39.777697], [-71.980222, -39.779346], [-71.981821, -39.779412], [-71.986231, -39.781918], [-71.991788, -39.786585], [-71.996101, -39.789058], [-71.998215, -39.791177], [-71.998687, -39.793666], [-72.001659, -39.794977], [-72.003204, -39.798563], [-72.002893, -39.79947], [-72.001723, -39.800879], [-72.000039, -39.801052], [-71.998848, -39.80247], [-71.999835, -39.803615], [-71.999545, -39.805066], [-72.001648, -39.809982], [-72.003906, -39.813712], [-72.003847, -39.815109], [-72.002273, -39.814155], [-72.000162, -39.814746], [-71.988596, -39.811416], [-71.987931, -39.806925], [-71.986037, -39.805046], [-71.981065, -39.80383], [-71.979557, -39.80411], [-71.978098, -39.806096], [-71.977071, -39.80614], [-71.974611, -39.803137], [-71.974227, -39.800448], [-71.972527, -39.800032], [-71.97164, -39.79793], [-71.968141, -39.793406], [-71.966343, -39.792403], [-71.961834, -39.786912], [-71.960651, -39.78358], [-71.95873, -39.780646], [-71.958406, -39.777372], [-71.959444, -39.776631], [-71.959021, -39.774847], [-71.959942, -39.774085], [-71.959297, -39.772908], [-71.960836, -39.772931], [-71.961159, -39.774105], [-71.960589, -39.775023], [-71.962626, -39.776441], [-71.961484, -39.774561], [-71.96311, -39.773351], [-71.962413, -39.772605], [-71.962783, -39.771302], [-71.963609, -39.770572], [-71.965122, -39.770494], [-71.965127, -39.767744], [-71.968067, -39.766779], [-71.967756, -39.766082], [-71.96462, -39.765318], [-71.963708, -39.763671], [-71.967037, -39.763719], [-71.967374, -39.76489], [-71.969653, -39.765217], [-71.971242, -39.766721]]]]}}, {"type": "Feature", "properties": {"id": "lago-pirihueico", "name": "Lago Pirihueico", "type": "lake", "region": "los-rios", "season": "2026-2027", "opens": "2026-10-09", "closes": "2027-05-30", "cat": "oct", "rule_level": "region", "phases": [{"s": "2026-10-09", "e": "2027-05-30", "mode": "retention", "label": "Pesca con retención: 3 ejemplares o hasta 15 kilos"}], "veda": [], "gear": ["Pesca con caña y señuelo artificial con un anzuelo simple o triple (\"araña\"). Plomada máx. 100 g. Una caña a la vez. Chinguillo máx. 100 cm / 70 cm diámetro."], "prohibitions": ["Prohibida toda pesca recreativa entre 22:00 y 06:00 en todos los cursos y cuerpos de agua de la región."], "sources": [{"doc": "Resolución Exenta N° 04, de 02 de septiembre de 2024, DZ Pesca y Acuicultura regiones de La Araucanía y Los Ríos", "url": null}]}, "geometry": {"type": "MultiPolygon", "coordinates": [[[[-71.723299, -40.012213], [-71.723578, -40.013326], [-71.722897, -40.013367], [-71.724957, -40.016108], [-71.727097, -40.014929], [-71.727794, -40.015606], [-71.72604, -40.01871], [-71.726287, -40.021812], [-71.724082, -40.022093], [-71.722293, -40.024022], [-71.724469, -40.026054], [-71.727593, -40.026871], [-71.732877, -40.026998], [-71.737785, -40.025981], [-71.740443, -40.024668], [-71.744309, -40.021468], [-71.745896, -40.01824], [-71.749225, -40.015899], [-71.74878, -40.013363], [-71.751065, -40.011048], [-71.747332, -40.007695], [-71.747391, -40.006325], [-71.749874, -40.001309], [-71.749188, -40.000224], [-71.751559, -39.995001], [-71.752487, -39.99087], [-71.751618, -39.989329], [-71.752701, -39.988256], [-71.751285, -39.98572], [-71.751425, -39.984084], [-71.74937, -39.980743], [-71.750169, -39.979657], [-71.749322, -39.978021], [-71.750942, -39.975843], [-71.747965, -39.973401], [-71.748142, -39.971107], [-71.747224, -39.970404], [-71.746811, -39.967974], [-71.745551, -39.966079], [-71.745143, -39.962198], [-71.749282, -39.954701], [-71.74926, -39.95383], [-71.750317, -39.953258], [-71.750746, -39.951988], [-71.755655, -39.947744], [-71.756574, -39.94601], [-71.761161, -39.944052], [-71.760861, -39.942436], [-71.761397, -39.941626], [-71.760684, -39.940449], [-71.761675, -39.938607], [-71.760527, -39.935674], [-71.763831, -39.933539], [-71.763091, -39.932273], [-71.763466, -39.931742], [-71.7686, -39.931462], [-71.775815, -39.934383], [-71.778401, -39.933293], [-71.78126, -39.933416], [-71.785466, -39.935831], [-71.78752, -39.934991], [-71.797498, -39.933996], [-71.798255, -39.932116], [-71.799853, -39.930796], [-71.800309, -39.929047], [-71.801924, -39.928369], [-71.802511, -39.927188], [-71.801661, -39.925485], [-71.805078, -39.925345], [-71.808919, -39.923992], [-71.809895, -39.922206], [-71.812438, -39.920098], [-71.813141, -39.917621], [-71.814471, -39.916312], [-71.814364, -39.91449], [-71.815271, -39.913432], [-71.815662, -39.910457], [-71.815013, -39.909581], [-71.815534, -39.908079], [-71.814107, -39.907421], [-71.8129, -39.908602], [-71.809654, -39.907293], [-71.809933, -39.906672], [-71.809161, -39.9061], [-71.809842, -39.904902], [-71.811752, -39.904536], [-71.815984, -39.906071], [-71.817894, -39.903886], [-71.820217, -39.9031], [-71.821992, -39.901544], [-71.830023, -39.899939], [-71.834739, -39.895412], [-71.833626, -39.894632], [-71.83398, -39.893443], [-71.836005, -39.890208], [-71.838001, -39.889685], [-71.838701, -39.886742], [-71.841039, -39.882422], [-71.844483, -39.88162], [-71.847632, -39.883583], [-71.849193, -39.885205], [-71.849032, -39.886135], [-71.851192, -39.889497], [-71.852249, -39.889637], [-71.853611, -39.892053], [-71.855408, -39.8933], [-71.86356, -39.894899], [-71.868264, -39.89664], [-71.869369, -39.897623], [-71.871713, -39.897509], [-71.875472, -39.895563], [-71.880096, -39.890517], [-71.881287, -39.88783], [-71.880407, -39.886735], [-71.880541, -39.885767], [-71.880975, -39.885092], [-71.882553, -39.884751], [-71.880975, -39.883454], [-71.881432, -39.882977], [-71.881078, -39.882376], [-71.884447, -39.881528], [-71.884361, -39.880762], [-71.882044, -39.878984], [-71.88213, -39.878053], [-71.882924, -39.876975], [-71.885831, -39.877707], [-71.884318, -39.876802], [-71.883589, -39.875237], [-71.884576, -39.874356], [-71.887974, -39.874006], [-71.889745, -39.874789], [-71.888983, -39.872197], [-71.886431, -39.870167], [-71.881175, -39.870585], [-71.878257, -39.869861], [-71.876443, -39.870832], [-71.873107, -39.871005], [-71.866695, -39.877637], [-71.864375, -39.879185], [-71.859311, -39.878543], [-71.854757, -39.875266], [-71.854092, -39.873763], [-71.847729, -39.873249], [-71.845342, -39.874171], [-71.840619, -39.873817], [-71.837744, -39.874541], [-71.836719, -39.876209], [-71.834777, -39.876443], [-71.833141, -39.878782], [-71.833168, -39.88084], [-71.830716, -39.882581], [-71.830062, -39.885475], [-71.824129, -39.891513], [-71.823335, -39.893077], [-71.820647, -39.894687], [-71.819564, -39.894506], [-71.818936, -39.89565], [-71.812434, -39.897905], [-71.810707, -39.899597], [-71.807714, -39.900235], [-71.804613, -39.902424], [-71.804779, -39.903095], [-71.803143, -39.903543], [-71.80303, -39.905432], [-71.801614, -39.907136], [-71.802607, -39.910794], [-71.802134, -39.913908], [-71.798766, -39.918809], [-71.795, -39.920901], [-71.79209, -39.921501], [-71.792433, -39.922221], [-71.79077, -39.923456], [-71.790395, -39.924824], [-71.789348, -39.924484], [-71.78989, -39.924994], [-71.788005, -39.925206], [-71.786787, -39.926745], [-71.785553, -39.927185], [-71.780527, -39.926683], [-71.773494, -39.928588], [-71.76924, -39.926391], [-71.764825, -39.925568], [-71.761657, -39.927582], [-71.758629, -39.928222], [-71.756253, -39.929538], [-71.755528, -39.932485], [-71.752809, -39.933647], [-71.751076, -39.935539], [-71.751081, -39.936346], [-71.746881, -39.942717], [-71.747455, -39.94474], [-71.74628, -39.946241], [-71.743952, -39.947463], [-71.738185, -39.957127], [-71.740153, -39.960365], [-71.74, -39.961349], [-71.735024, -39.964727], [-71.73366, -39.96876], [-71.733827, -39.971743], [-71.729758, -39.977979], [-71.729683, -39.979915], [-71.728395, -39.981872], [-71.729723, -39.993319], [-71.728484, -39.99585], [-71.724388, -39.999795], [-71.72508, -40.003021], [-71.72699, -40.004488], [-71.724785, -40.008609], [-71.725911, -40.009361], [-71.728245, -40.008289], [-71.728245, -40.009361], [-71.726909, -40.010906], [-71.725268, -40.010319], [-71.723637, -40.011654], [-71.722553, -40.011687], [-71.723299, -40.012213]], [[-71.861397, -39.88057], [-71.86182, -39.880984], [-71.861008, -39.880969], [-71.860872, -39.880459], [-71.861397, -39.88057]], [[-71.757428, -39.942362], [-71.757798, -39.942596], [-71.75702, -39.943279], [-71.757428, -39.942362]]]]}}, {"type": "Feature", "properties": {"id": "lago-ranco", "name": "Lago Ranco", "type": "lake", "region": "los-rios", "season": "2026-2027", "opens": "2026-10-09", "closes": "2027-05-30", "cat": "oct", "rule_level": "region", "phases": [{"s": "2026-10-09", "e": "2027-05-30", "mode": "retention", "label": "Pesca con retención: 3 ejemplares o hasta 15 kilos"}], "veda": [], "gear": ["Pesca con caña y señuelo artificial con un anzuelo simple o triple (\"araña\"). Plomada máx. 100 g. Una caña a la vez. Chinguillo máx. 100 cm / 70 cm diámetro."], "prohibitions": ["Prohibida toda pesca recreativa entre 22:00 y 06:00 en todos los cursos y cuerpos de agua de la región."], "sources": [{"doc": "Resolución Exenta N° 04, de 02 de septiembre de 2024, DZ Pesca y Acuicultura regiones de La Araucanía y Los Ríos", "url": null}]}, "geometry": {"type": "MultiPolygon", "coordinates": [[[[-72.430621, -40.142615], [-72.427717, -40.143833], [-72.42658, -40.142853], [-72.425528, -40.139212], [-72.426377, -40.13493], [-72.425053, -40.132878], [-72.422963, -40.132463], [-72.415804, -40.137407], [-72.41331, -40.136616], [-72.412757, -40.131842], [-72.411121, -40.130898], [-72.410365, -40.12799], [-72.407747, -40.127457], [-72.403794, -40.127915], [-72.398984, -40.130876], [-72.396497, -40.135725], [-72.392985, -40.137373], [-72.393521, -40.138526], [-72.395638, -40.139741], [-72.395117, -40.141197], [-72.395978, -40.141348], [-72.39523, -40.141765], [-72.396735, -40.142023], [-72.397231, -40.142882], [-72.399001, -40.143641], [-72.397665, -40.147007], [-72.394683, -40.149328], [-72.394576, -40.151214], [-72.393063, -40.153367], [-72.393433, -40.154445], [-72.395144, -40.154827], [-72.390112, -40.156622], [-72.386395, -40.155954], [-72.380124, -40.15365], [-72.378675, -40.151594], [-72.379005, -40.150782], [-72.378351, -40.150476], [-72.371667, -40.153045], [-72.357438, -40.155688], [-72.355673, -40.15537], [-72.35607, -40.154531], [-72.355413, -40.149417], [-72.357373, -40.147048], [-72.357926, -40.144875], [-72.357464, -40.139946], [-72.358142, -40.130306], [-72.360985, -40.127038], [-72.363465, -40.12126], [-72.360937, -40.120606], [-72.359478, -40.121776], [-72.358493, -40.123706], [-72.35508, -40.125781], [-72.347168, -40.125924], [-72.344575, -40.125651], [-72.341011, -40.123709], [-72.333952, -40.123663], [-72.326281, -40.12596], [-72.322955, -40.126083], [-72.321174, -40.127035], [-72.320868, -40.128524], [-72.319779, -40.129192], [-72.320305, -40.130821], [-72.318712, -40.131953], [-72.319795, -40.134807], [-72.327344, -40.135844], [-72.333514, -40.134341], [-72.336049, -40.135754], [-72.33829, -40.13825], [-72.337452, -40.141546], [-72.333357, -40.144949], [-72.332053, -40.14727], [-72.331667, -40.149993], [-72.326748, -40.157045], [-72.326748, -40.158008], [-72.324672, -40.158906], [-72.324151, -40.160357], [-72.318594, -40.164477], [-72.317779, -40.166548], [-72.31405, -40.169893], [-72.310654, -40.17193], [-72.309399, -40.173828], [-72.307532, -40.175377], [-72.30573, -40.175877], [-72.305537, -40.176533], [-72.303654, -40.177215], [-72.297142, -40.177217], [-72.296208, -40.178218], [-72.294824, -40.177603], [-72.291332, -40.178013], [-72.288403, -40.176763], [-72.287389, -40.175525], [-72.28799, -40.172742], [-72.28788, -40.166097], [-72.286308, -40.161774], [-72.28763, -40.157037], [-72.290645, -40.152914], [-72.290522, -40.15061], [-72.289149, -40.1493], [-72.281687, -40.151458], [-72.278543, -40.156094], [-72.278913, -40.158082], [-72.276961, -40.162973], [-72.272288, -40.168122], [-72.270829, -40.168474], [-72.272696, -40.176185], [-72.271631, -40.178304], [-72.268418, -40.179631], [-72.262525, -40.179761], [-72.260664, -40.179123], [-72.258165, -40.179568], [-72.254757, -40.180769], [-72.253156, -40.184068], [-72.253025, -40.185918], [-72.256396, -40.187957], [-72.255697, -40.188864], [-72.256038, -40.190107], [-72.260739, -40.190633], [-72.2644, -40.193616], [-72.267718, -40.194405], [-72.268871, -40.196253], [-72.269155, -40.198894], [-72.268276, -40.200322], [-72.269104, -40.202262], [-72.269016, -40.204735], [-72.271677, -40.207803], [-72.27232, -40.210622], [-72.26848, -40.213664], [-72.267852, -40.215947], [-72.266806, -40.216386], [-72.265634, -40.218995], [-72.266913, -40.219527], [-72.266146, -40.220678], [-72.266757, -40.221227], [-72.268447, -40.220961], [-72.272347, -40.22375], [-72.272551, -40.225102], [-72.271913, -40.225733], [-72.273002, -40.226814], [-72.272508, -40.226916], [-72.272857, -40.229611], [-72.272342, -40.230373], [-72.271398, -40.228686], [-72.271644, -40.227637], [-72.270582, -40.226245], [-72.270668, -40.227703], [-72.269332, -40.226568], [-72.267836, -40.226396], [-72.26937, -40.226728], [-72.27099, -40.228391], [-72.271446, -40.231972], [-72.270301, -40.233309], [-72.272066, -40.232695], [-72.269965, -40.233463], [-72.269067, -40.235318], [-72.267557, -40.234923], [-72.267036, -40.235871], [-72.265207, -40.236076], [-72.264864, -40.236659], [-72.25966, -40.236172], [-72.258177, -40.236612], [-72.257429, -40.239479], [-72.256082, -40.239915], [-72.255637, -40.241534], [-72.252888, -40.241825], [-72.252788, -40.243086], [-72.251917, -40.243733], [-72.24799, -40.244368], [-72.24696, -40.245781], [-72.24383, -40.246688], [-72.243707, -40.248577], [-72.244699, -40.250589], [-72.251222, -40.256329], [-72.252579, -40.258974], [-72.252402, -40.260272], [-72.249876, -40.264125], [-72.24927, -40.267514], [-72.251203, -40.269203], [-72.253109, -40.26889], [-72.255248, -40.269889], [-72.25784, -40.269743], [-72.259947, -40.268824], [-72.263403, -40.263992], [-72.26505, -40.263737], [-72.267108, -40.264616], [-72.270059, -40.263874], [-72.272133, -40.264198], [-72.26775, -40.268234], [-72.26768, -40.27017], [-72.263574, -40.274245], [-72.263941, -40.276786], [-72.267659, -40.277739], [-72.269162, -40.277162], [-72.268497, -40.274529], [-72.269995, -40.275728], [-72.270651, -40.274838], [-72.270623, -40.273072], [-72.271366, -40.273002], [-72.276095, -40.267672], [-72.277087, -40.267866], [-72.28038, -40.266233], [-72.289187, -40.264798], [-72.29084, -40.263573], [-72.290776, -40.262887], [-72.30303, -40.258882], [-72.307422, -40.258654], [-72.308679, -40.258951], [-72.311207, -40.261216], [-72.31403, -40.260181], [-72.312798, -40.261066], [-72.312274, -40.262492], [-72.314274, -40.26216], [-72.315114, -40.262953], [-72.312852, -40.265698], [-72.3152, -40.266807], [-72.31596, -40.266472], [-72.317219, -40.267985], [-72.31891, -40.268561], [-72.322969, -40.26475], [-72.323923, -40.264668], [-72.324256, -40.263698], [-72.326909, -40.262888], [-72.328486, -40.261185], [-72.329806, -40.262286], [-72.329417, -40.263526], [-72.331476, -40.263743], [-72.332182, -40.262892], [-72.334263, -40.262602], [-72.335299, -40.26343], [-72.33408, -40.264124], [-72.332464, -40.264024], [-72.333388, -40.266258], [-72.332696, -40.267295], [-72.333089, -40.268212], [-72.331976, -40.269186], [-72.334719, -40.269451], [-72.335482, -40.268973], [-72.336259, -40.270266], [-72.333614, -40.271039], [-72.332021, -40.272603], [-72.329781, -40.273155], [-72.329776, -40.274752], [-72.331085, -40.275537], [-72.328422, -40.277547], [-72.328625, -40.278075], [-72.329738, -40.278042], [-72.329612, -40.278767], [-72.328961, -40.279485], [-72.327582, -40.279511], [-72.327271, -40.280706], [-72.323623, -40.281152], [-72.322419, -40.281936], [-72.321276, -40.281621], [-72.320512, -40.2823], [-72.317261, -40.282319], [-72.3132, -40.283663], [-72.310176, -40.285732], [-72.304906, -40.285876], [-72.304006, -40.286481], [-72.302085, -40.285568], [-72.300508, -40.285938], [-72.30091, -40.287483], [-72.299403, -40.288218], [-72.298904, -40.289237], [-72.299561, -40.289887], [-72.299059, -40.290571], [-72.300449, -40.291411], [-72.300553, -40.292201], [-72.297539, -40.293238], [-72.298244, -40.294007], [-72.297608, -40.294564], [-72.298968, -40.294977], [-72.296007, -40.297956], [-72.291992, -40.298631], [-72.291136, -40.299296], [-72.28965, -40.298267], [-72.284256, -40.297569], [-72.283199, -40.298461], [-72.281413, -40.298265], [-72.281384, -40.298975], [-72.279055, -40.299756], [-72.275003, -40.299224], [-72.273369, -40.299836], [-72.272342, -40.298567], [-72.271942, -40.295961], [-72.270883, -40.295411], [-72.266181, -40.298054], [-72.263086, -40.298979], [-72.260771, -40.297563], [-72.261082, -40.295746], [-72.263845, -40.294339], [-72.264719, -40.292882], [-72.262959, -40.292488], [-72.261384, -40.290976], [-72.259022, -40.291049], [-72.25303, -40.295096], [-72.251641, -40.297424], [-72.249967, -40.298079], [-72.249393, -40.299204], [-72.243878, -40.301298], [-72.241602, -40.305076], [-72.240132, -40.30653], [-72.237861, -40.307091], [-72.236943, -40.308659], [-72.232914, -40.307558], [-72.229234, -40.308552], [-72.226881, -40.311264], [-72.227063, -40.313937], [-72.227986, -40.315655], [-72.227645, -40.316242], [-72.231379, -40.320005], [-72.233418, -40.325596], [-72.235614, -40.328456], [-72.239243, -40.330327], [-72.242349, -40.330998], [-72.241813, -40.331644], [-72.242172, -40.332204], [-72.243664, -40.331984], [-72.243809, -40.333104], [-72.242553, -40.335161], [-72.241931, -40.334985], [-72.242162, -40.333971], [-72.241083, -40.334838], [-72.243363, -40.335406], [-72.245407, -40.337107], [-72.247806, -40.335884], [-72.256801, -40.335456], [-72.260395, -40.333922], [-72.263391, -40.334313], [-72.267459, -40.331696], [-72.270749, -40.332805], [-72.277486, -40.333047], [-72.281322, -40.332507], [-72.286354, -40.333362], [-72.290758, -40.332254], [-72.293306, -40.332777], [-72.297801, -40.331023], [-72.299282, -40.331284], [-72.301744, -40.33009], [-72.307089, -40.329341], [-72.314963, -40.32965], [-72.316387, -40.329111], [-72.318892, -40.325619], [-72.323738, -40.325346], [-72.325725, -40.323901], [-72.326031, -40.322541], [-72.329731, -40.321283], [-72.331276, -40.318235], [-72.331463, -40.31577], [-72.335458, -40.314829], [-72.338541, -40.315696], [-72.339713, -40.315205], [-72.341765, -40.315603], [-72.342101, -40.316799], [-72.344492, -40.318573], [-72.346779, -40.318909], [-72.348328, -40.317573], [-72.353994, -40.317754], [-72.355557, -40.317198], [-72.356245, -40.316111], [-72.358359, -40.315549], [-72.358314, -40.313091], [-72.359555, -40.312118], [-72.361906, -40.311674], [-72.363173, -40.31214], [-72.365986, -40.311192], [-72.367901, -40.312411], [-72.365809, -40.313017], [-72.365829, -40.313656], [-72.36842, -40.315414], [-72.37507, -40.315027], [-72.377383, -40.313665], [-72.377645, -40.312111], [-72.380558, -40.311477], [-72.383804, -40.312037], [-72.384662, -40.311477], [-72.384002, -40.312409], [-72.384543, -40.312933], [-72.389528, -40.31326], [-72.390885, -40.312589], [-72.391668, -40.313064], [-72.391668, -40.314107], [-72.393535, -40.31364], [-72.394801, -40.31452], [-72.395611, -40.314262], [-72.395257, -40.313117], [-72.395954, -40.312487], [-72.397108, -40.312593], [-72.39861, -40.31173], [-72.400466, -40.313775], [-72.403287, -40.314229], [-72.404061, -40.315287], [-72.408657, -40.317817], [-72.42092, -40.320942], [-72.426353, -40.320451], [-72.430022, -40.318971], [-72.432028, -40.316909], [-72.432769, -40.314502], [-72.436828, -40.312897], [-72.440069, -40.312827], [-72.444357, -40.314938], [-72.451264, -40.315252], [-72.455627, -40.312393], [-72.456663, -40.310863], [-72.460258, -40.31014], [-72.461185, -40.310225], [-72.46217, -40.311544], [-72.469375, -40.316692], [-72.474039, -40.31763], [-72.476682, -40.319296], [-72.504111, -40.325121], [-72.513302, -40.324096], [-72.515651, -40.323528], [-72.520236, -40.320834], [-72.522503, -40.31825], [-72.523735, -40.314957], [-72.527162, -40.313436], [-72.529034, -40.309674], [-72.530194, -40.30876], [-72.530287, -40.30564], [-72.527376, -40.301717], [-72.527271, -40.300459], [-72.530618, -40.2988], [-72.532002, -40.297284], [-72.53275, -40.295416], [-72.531824, -40.292489], [-72.532286, -40.292003], [-72.536213, -40.291836], [-72.538522, -40.28941], [-72.538796, -40.287487], [-72.536952, -40.28532], [-72.537776, -40.283312], [-72.539022, -40.282757], [-72.544222, -40.283293], [-72.546292, -40.282331], [-72.5491, -40.279695], [-72.551955, -40.28092], [-72.554836, -40.278551], [-72.558527, -40.278943], [-72.560457, -40.277738], [-72.562947, -40.277959], [-72.563424, -40.277336], [-72.563081, -40.275446], [-72.564792, -40.274219], [-72.564937, -40.27311], [-72.57027, -40.271675], [-72.570791, -40.270336], [-72.569853, -40.269652], [-72.569858, -40.267952], [-72.570659, -40.267823], [-72.570652, -40.26664], [-72.572329, -40.265882], [-72.572253, -40.262034], [-72.574258, -40.260925], [-72.573536, -40.256092], [-72.57095, -40.25012], [-72.568013, -40.247363], [-72.565684, -40.246346], [-72.561609, -40.246816], [-72.558302, -40.242779], [-72.55401, -40.240372], [-72.551154, -40.23531], [-72.550893, -40.231891], [-72.551919, -40.229602], [-72.550086, -40.225759], [-72.551005, -40.224457], [-72.550514, -40.22277], [-72.550926, -40.220432], [-72.549798, -40.216935], [-72.548347, -40.215153], [-72.543975, -40.212627], [-72.535929, -40.210865], [-72.535986, -40.206067], [-72.536447, -40.205582], [-72.535911, -40.20241], [-72.534219, -40.200857], [-72.534051, -40.201346], [-72.529514, -40.200628], [-72.526844, -40.196762], [-72.528617, -40.195181], [-72.536291, -40.191971], [-72.537429, -40.189743], [-72.537776, -40.187351], [-72.536295, -40.18338], [-72.532428, -40.177165], [-72.527106, -40.17434], [-72.525149, -40.171601], [-72.518775, -40.165888], [-72.513181, -40.165867], [-72.507554, -40.167013], [-72.504365, -40.164592], [-72.499318, -40.163424], [-72.49506, -40.158496], [-72.487672, -40.151937], [-72.484521, -40.150461], [-72.473919, -40.150529], [-72.470539, -40.149113], [-72.468009, -40.145239], [-72.463475, -40.141397], [-72.460772, -40.140092], [-72.457369, -40.140161], [-72.454251, -40.142333], [-72.453661, -40.143667], [-72.451402, -40.144777], [-72.451375, -40.142581], [-72.447689, -40.143814], [-72.439769, -40.144218], [-72.437179, -40.144127], [-72.43375, -40.14216], [-72.430621, -40.142615]], [[-72.397971, -40.140598], [-72.398518, -40.140229], [-72.397971, -40.140598]], [[-72.391048, -40.212398], [-72.391448, -40.212779], [-72.390724, -40.213072], [-72.391048, -40.212398]], [[-72.37057, -40.216982], [-72.371516, -40.21631], [-72.37057, -40.216982]], [[-72.394655, -40.223409], [-72.395289, -40.223341], [-72.394655, -40.223409]], [[-72.43698, -40.224954], [-72.437921, -40.224995], [-72.43698, -40.224954]], [[-72.43159, -40.226986], [-72.432087, -40.227131], [-72.431309, -40.227719], [-72.43159, -40.226986]], [[-72.34743, -40.16583], [-72.348189, -40.165205], [-72.34743, -40.16583]], [[-72.549952, -40.223173], [-72.548438, -40.22258], [-72.549043, -40.223861], [-72.549952, -40.223173]], [[-72.337008, -40.267919], [-72.337669, -40.267693], [-72.33781, -40.268156], [-72.336698, -40.269279], [-72.337008, -40.267919]], [[-72.347358, -40.167804], [-72.345832, -40.168644], [-72.346923, -40.166406], [-72.348793, -40.166546], [-72.347358, -40.167804]], [[-72.33189, -40.171735], [-72.327472, -40.174209], [-72.324983, -40.173996], [-72.325337, -40.173053], [-72.324666, -40.172545], [-72.327429, -40.169442], [-72.32943, -40.168593], [-72.333056, -40.165476], [-72.340754, -40.163127], [-72.341441, -40.164246], [-72.343343, -40.164902], [-72.340776, -40.16863], [-72.33583, -40.17269], [-72.334902, -40.172541], [-72.333915, -40.170862], [-72.33189, -40.171735]], [[-72.324221, -40.249746], [-72.326426, -40.250414], [-72.321239, -40.252784], [-72.31927, -40.252755], [-72.318572, -40.252141], [-72.32104, -40.249103], [-72.324221, -40.249746]], [[-72.450697, -40.218933], [-72.452066, -40.21761], [-72.455161, -40.216994], [-72.455423, -40.217427], [-72.453138, -40.217994], [-72.451089, -40.219509], [-72.450697, -40.218933]], [[-72.435933, -40.214436], [-72.436785, -40.213731], [-72.438755, -40.213773], [-72.438849, -40.214341], [-72.435933, -40.214436]], [[-72.391174, -40.206691], [-72.392328, -40.20757], [-72.390676, -40.209077], [-72.391979, -40.209673], [-72.391212, -40.210015], [-72.391317, -40.21071], [-72.392601, -40.21053], [-72.392676, -40.210952], [-72.390085, -40.21249], [-72.389785, -40.213381], [-72.387435, -40.213493], [-72.387502, -40.214221], [-72.38843, -40.214094], [-72.388777, -40.214677], [-72.386733, -40.214704], [-72.386306, -40.21546], [-72.387374, -40.217766], [-72.386652, -40.219005], [-72.388999, -40.221412], [-72.391113, -40.221383], [-72.389388, -40.222485], [-72.389466, -40.223814], [-72.391062, -40.225051], [-72.393114, -40.225016], [-72.392923, -40.225946], [-72.394876, -40.22691], [-72.400114, -40.223478], [-72.4023, -40.223386], [-72.403977, -40.224727], [-72.404317, -40.225751], [-72.407059, -40.227344], [-72.405119, -40.228364], [-72.405948, -40.229489], [-72.401665, -40.230615], [-72.39961, -40.232114], [-72.399648, -40.232712], [-72.397357, -40.233136], [-72.395415, -40.23272], [-72.394626, -40.233742], [-72.394302, -40.236764], [-72.391142, -40.236645], [-72.388143, -40.240595], [-72.385555, -40.240523], [-72.385266, -40.241858], [-72.38305, -40.241487], [-72.380738, -40.238998], [-72.368349, -40.236361], [-72.367142, -40.23351], [-72.367399, -40.232294], [-72.370543, -40.227082], [-72.3698, -40.225176], [-72.370047, -40.224191], [-72.369596, -40.223363], [-72.368545, -40.223118], [-72.369207, -40.222255], [-72.368923, -40.221528], [-72.374191, -40.21589], [-72.371728, -40.216091], [-72.368907, -40.214327], [-72.368832, -40.213653], [-72.370157, -40.212199], [-72.370232, -40.207545], [-72.371398, -40.204573], [-72.373729, -40.203319], [-72.375886, -40.204362], [-72.379222, -40.201125], [-72.381612, -40.20034], [-72.384244, -40.200455], [-72.386684, -40.201281], [-72.386542, -40.201975], [-72.388801, -40.203571], [-72.388098, -40.204233], [-72.390786, -40.205861], [-72.391174, -40.206691]], [[-72.35364, -40.278462], [-72.353286, -40.279164], [-72.351113, -40.27972], [-72.35364, -40.278462]], [[-72.382239, -40.264512], [-72.383407, -40.266269], [-72.383422, -40.267099], [-72.382293, -40.267472], [-72.384163, -40.268788], [-72.382743, -40.268767], [-72.380631, -40.267192], [-72.379717, -40.263745], [-72.38151, -40.263473], [-72.382239, -40.264512]], [[-72.413663, -40.269365], [-72.418463, -40.268057], [-72.418635, -40.265945], [-72.415406, -40.266846], [-72.413045, -40.266789], [-72.416092, -40.264971], [-72.413775, -40.264447], [-72.411039, -40.266044], [-72.411114, -40.265176], [-72.409419, -40.264054], [-72.411007, -40.262859], [-72.4137, -40.262065], [-72.411125, -40.261353], [-72.412273, -40.259748], [-72.414118, -40.25879], [-72.417862, -40.259191], [-72.419987, -40.263039], [-72.418517, -40.265282], [-72.420298, -40.26597], [-72.422154, -40.268287], [-72.425265, -40.26931], [-72.42592, -40.270317], [-72.425147, -40.270202], [-72.424611, -40.270923], [-72.424815, -40.273288], [-72.423967, -40.274377], [-72.424182, -40.27522], [-72.422497, -40.27576], [-72.422122, -40.276505], [-72.422055, -40.278022], [-72.422937, -40.278388], [-72.421854, -40.27928], [-72.421789, -40.280704], [-72.418023, -40.280494], [-72.41547, -40.27811], [-72.414687, -40.278281], [-72.415009, -40.279067], [-72.413367, -40.281531], [-72.411929, -40.280868], [-72.41121, -40.27919], [-72.409987, -40.279902], [-72.409312, -40.278142], [-72.410674, -40.276399], [-72.409473, -40.273992], [-72.412122, -40.27012], [-72.413663, -40.269365]], [[-72.455841, -40.24814], [-72.452894, -40.24669], [-72.454966, -40.243868], [-72.454986, -40.242954], [-72.456548, -40.244306], [-72.460358, -40.24393], [-72.461708, -40.246112], [-72.461186, -40.246811], [-72.459242, -40.247222], [-72.460378, -40.248425], [-72.459898, -40.248897], [-72.455841, -40.24814]]]]}}, {"type": "Feature", "properties": {"id": "lago-maihue", "name": "Lago Maihue", "type": "lake", "region": "los-rios", "season": "2026-2027", "opens": "2026-10-09", "closes": "2027-05-30", "cat": "oct", "rule_level": "region", "phases": [{"s": "2026-10-09", "e": "2027-05-30", "mode": "retention", "label": "Pesca con retención: 3 ejemplares o hasta 15 kilos"}], "veda": [], "gear": ["Pesca con caña y señuelo artificial con un anzuelo simple o triple (\"araña\"). Plomada máx. 100 g. Una caña a la vez. Chinguillo máx. 100 cm / 70 cm diámetro."], "prohibitions": ["Prohibida toda pesca recreativa entre 22:00 y 06:00 en todos los cursos y cuerpos de agua de la región."], "sources": [{"doc": "Resolución Exenta N° 04, de 02 de septiembre de 2024, DZ Pesca y Acuicultura regiones de La Araucanía y Los Ríos", "url": null}]}, "geometry": {"type": "MultiPolygon", "coordinates": [[[[-72.028352, -40.299433], [-72.027657, -40.300417], [-72.027958, -40.301804], [-72.027346, -40.303747], [-72.025624, -40.303782], [-72.024726, -40.304577], [-72.023033, -40.306764], [-72.020981, -40.311757], [-72.020478, -40.315793], [-72.021305, -40.32179], [-72.020704, -40.323761], [-72.019706, -40.324718], [-72.018075, -40.325078], [-72.017517, -40.326493], [-72.016563, -40.326902], [-72.017174, -40.328497], [-72.01682, -40.329159], [-72.012432, -40.330059], [-72.01181, -40.328652], [-72.010694, -40.328407], [-72.01025, -40.33125], [-72.00925, -40.332], [-72.00525, -40.3325], [-72.003, -40.33025], [-71.9995, -40.331], [-71.994431, -40.328454], [-71.99275, -40.326], [-71.991976, -40.320984], [-71.990316, -40.31823], [-71.993049, -40.316113], [-71.993771, -40.315008], [-71.993501, -40.314392], [-71.990168, -40.312135], [-71.986885, -40.31326], [-71.986155, -40.31273], [-71.98652, -40.311149], [-71.983859, -40.311427], [-71.980035, -40.310462], [-71.97828, -40.308912], [-71.978576, -40.307621], [-71.977318, -40.307089], [-71.977669, -40.305686], [-71.979874, -40.303888], [-71.981561, -40.300638], [-71.982714, -40.300073], [-71.98328, -40.298852], [-71.986075, -40.297412], [-71.987051, -40.296], [-71.985641, -40.292011], [-71.985952, -40.289793], [-71.985125, -40.288488], [-71.985324, -40.2855], [-71.986955, -40.284502], [-71.989583, -40.284093], [-71.990954, -40.282548], [-71.993896, -40.28183], [-71.994621, -40.280291], [-71.993666, -40.277172], [-71.994175, -40.275814], [-71.99736, -40.27514], [-71.999486, -40.276247], [-72.002721, -40.273464], [-72.00249, -40.269601], [-72.006749, -40.264795], [-72.008037, -40.261385], [-72.007766, -40.256643], [-72.008758, -40.254512], [-72.010775, -40.252764], [-72.013128, -40.25218], [-72.016411, -40.253503], [-72.024439, -40.254461], [-72.028805, -40.257083], [-72.038507, -40.259042], [-72.039043, -40.256862], [-72.040985, -40.257881], [-72.041763, -40.256876], [-72.043901, -40.257744], [-72.042933, -40.255625], [-72.044746, -40.257201], [-72.045668, -40.256763], [-72.045357, -40.256248], [-72.046586, -40.256477], [-72.047465, -40.253533], [-72.050164, -40.250794], [-72.050083, -40.248182], [-72.050684, -40.245304], [-72.051569, -40.244034], [-72.057567, -40.243265], [-72.061461, -40.244391], [-72.06535, -40.246798], [-72.068451, -40.246855], [-72.072169, -40.248944], [-72.077522, -40.249918], [-72.07896, -40.251093], [-72.078402, -40.251318], [-72.07918, -40.252289], [-72.084035, -40.251846], [-72.084979, -40.251003], [-72.085655, -40.248964], [-72.089319, -40.247666], [-72.097805, -40.241553], [-72.101281, -40.240713], [-72.111677, -40.241856], [-72.115363, -40.239522], [-72.11841, -40.240525], [-72.120518, -40.237917], [-72.123007, -40.237306], [-72.126623, -40.233629], [-72.129723, -40.23245], [-72.130171, -40.229486], [-72.130896, -40.228438], [-72.132282, -40.227971], [-72.134653, -40.22846], [-72.138644, -40.224967], [-72.141471, -40.226359], [-72.14375, -40.22875], [-72.145, -40.22875], [-72.147, -40.23025], [-72.145045, -40.232297], [-72.14225, -40.2375], [-72.14025, -40.23825], [-72.138, -40.24], [-72.1375, -40.24125], [-72.13525, -40.24225], [-72.134, -40.24375], [-72.13375, -40.24525], [-72.13125, -40.24725], [-72.13075, -40.2485], [-72.1265, -40.25], [-72.12375, -40.24775], [-72.11825, -40.248], [-72.1155, -40.24875], [-72.11525, -40.2495], [-72.118782, -40.252825], [-72.118291, -40.253612], [-72.11975, -40.254], [-72.11975, -40.2555], [-72.11825, -40.257], [-72.116, -40.26125], [-72.11325, -40.26325], [-72.11125, -40.2635], [-72.1085, -40.266], [-72.105, -40.263], [-72.10575, -40.26225], [-72.105, -40.26175], [-72.103, -40.263], [-72.0975, -40.26475], [-72.09325, -40.26175], [-72.0905, -40.26125], [-72.089, -40.26], [-72.08875, -40.2585], [-72.08625, -40.25825], [-72.0835, -40.26075], [-72.0805, -40.26025], [-72.07725, -40.26075], [-72.07575, -40.2595], [-72.07425, -40.25925], [-72.07375, -40.25825], [-72.072, -40.25725], [-72.07225, -40.26025], [-72.07075, -40.2605], [-72.07025, -40.265], [-72.06925, -40.266], [-72.07, -40.26875], [-72.067, -40.2725], [-72.06725, -40.27525], [-72.065, -40.279], [-72.065, -40.2805], [-72.06325, -40.282], [-72.057, -40.28475], [-72.057, -40.28925], [-72.05525, -40.29125], [-72.045821, -40.295347], [-72.034867, -40.294365], [-72.030828, -40.296462], [-72.029186, -40.297794], [-72.028352, -40.299433]], [[-71.989261, -40.310118], [-71.990265, -40.311117], [-71.988473, -40.311628], [-71.988355, -40.310511], [-71.989261, -40.310118]]]]}}, {"type": "Feature", "properties": {"id": "lago-huishue", "name": "Lago Huishue", "type": "lake", "region": "los-rios", "season": "2026-2027", "opens": "2026-11-13", "closes": "2027-05-02", "cat": "nov", "rule_level": "waterbody", "phases": [{"s": "2026-11-13", "e": "2027-05-02", "mode": "catch_and_release", "label": "Pesca con devolución obligatoria"}], "veda": [], "gear": ["Pesca con mosca, señuelo simple sin rebarba. Protocolo anti-didymo obligatorio."], "prohibitions": [], "sources": [{"doc": "Resolución Exenta N° 01, de 31 de enero de 2025, DZ La Araucanía y Los Ríos", "url": null}]}, "geometry": {"type": "MultiPolygon", "coordinates": [[[[-71.987562, -40.458419], [-71.987899, -40.459507], [-71.984788, -40.462385], [-71.985367, -40.463074], [-71.984611, -40.463758], [-71.988301, -40.462458], [-71.991219, -40.462781], [-71.992416, -40.46176], [-71.992212, -40.460662], [-71.993387, -40.457993], [-71.996002, -40.457199], [-71.999652, -40.458095], [-71.999835, -40.457487], [-71.999143, -40.456985], [-72.000264, -40.456209], [-72.000049, -40.455675], [-72.002096, -40.452938], [-72.002042, -40.451815], [-72.003241, -40.450562], [-72.002984, -40.448649], [-72.004727, -40.449025], [-72.006631, -40.447241], [-72.009582, -40.447135], [-72.010757, -40.448445], [-72.013884, -40.449462], [-72.013659, -40.447841], [-72.014388, -40.447629], [-72.013801, -40.446051], [-72.014029, -40.443781], [-72.014853, -40.443436], [-72.014001, -40.441926], [-72.015153, -40.440178], [-72.014592, -40.437523], [-72.01563, -40.433688], [-72.01505, -40.431625], [-72.018143, -40.425109], [-72.019278, -40.423908], [-72.019042, -40.421873], [-72.022384, -40.422224], [-72.023331, -40.421615], [-72.02648, -40.422939], [-72.024232, -40.42057], [-72.024248, -40.419455], [-72.021035, -40.41914], [-72.019364, -40.417231], [-72.020686, -40.41348], [-72.020472, -40.412557], [-72.019013, -40.413133], [-72.018508, -40.412642], [-72.018192, -40.411699], [-72.019764, -40.411135], [-72.018954, -40.410555], [-72.011508, -40.408333], [-72.006755, -40.40799], [-72.004802, -40.407116], [-72.004389, -40.405805], [-72.00367, -40.405899], [-72.002592, -40.407802], [-72.003225, -40.412577], [-71.999395, -40.417727], [-71.998059, -40.422608], [-71.994798, -40.425446], [-71.992813, -40.428995], [-71.993, -40.429648], [-71.98931, -40.432861], [-71.987078, -40.433027], [-71.985549, -40.433872], [-71.98335, -40.437649], [-71.981773, -40.438521], [-71.981236, -40.441032], [-71.979697, -40.442718], [-71.975277, -40.442742], [-71.974579, -40.443538], [-71.975899, -40.443387], [-71.97518, -40.446298], [-71.971317, -40.448921], [-71.966404, -40.44938], [-71.968453, -40.450972], [-71.967498, -40.452164], [-71.967981, -40.452891], [-71.966532, -40.454303], [-71.966307, -40.456156], [-71.965438, -40.457181], [-71.966116, -40.45856], [-71.970507, -40.457883], [-71.971607, -40.458871], [-71.971098, -40.460013], [-71.97283, -40.461058], [-71.973721, -40.460319], [-71.976339, -40.461226], [-71.979294, -40.460471], [-71.982036, -40.458062], [-71.984648, -40.459258], [-71.987562, -40.458419]]]]}}, {"type": "Feature", "properties": {"id": "lago-gris", "name": "Lago Gris", "type": "lake", "region": "los-rios", "season": "2026-2027", "opens": "2026-11-13", "closes": "2027-05-02", "cat": "nov", "rule_level": "waterbody", "phases": [{"s": "2026-11-13", "e": "2027-05-02", "mode": "catch_and_release", "label": "Pesca con devolución obligatoria"}], "veda": [], "gear": ["Pesca con mosca, señuelo simple sin rebarba. Protocolo anti-didymo obligatorio."], "prohibitions": [], "sources": [{"doc": "Resolución Exenta N° 01, de 31 de enero de 2025, DZ La Araucanía y Los Ríos", "url": null}]}, "geometry": {"type": "MultiPolygon", "coordinates": [[[[-71.908271, -40.524303], [-71.911699, -40.521314], [-71.913413, -40.520848], [-71.917441, -40.520371], [-71.920317, -40.521149], [-71.92153, -40.520595], [-71.928883, -40.521555], [-71.93134, -40.518896], [-71.933337, -40.518189], [-71.933699, -40.516982], [-71.938301, -40.513452], [-71.942805, -40.512859], [-71.946091, -40.516692], [-71.94793, -40.5169], [-71.949309, -40.518144], [-71.951144, -40.521455], [-71.95396, -40.523245], [-71.95432, -40.524762], [-71.950576, -40.529046], [-71.945226, -40.532866], [-71.941819, -40.533553], [-71.938843, -40.532931], [-71.933495, -40.533526], [-71.927941, -40.531553], [-71.925206, -40.53214], [-71.923017, -40.530725], [-71.921697, -40.528833], [-71.919897, -40.528589], [-71.917788, -40.529977], [-71.917436, -40.530946], [-71.911493, -40.534564], [-71.910259, -40.53456], [-71.908569, -40.535661], [-71.905243, -40.535017], [-71.90332, -40.536729], [-71.900461, -40.536859], [-71.898664, -40.537936], [-71.891443, -40.537149], [-71.889877, -40.536097], [-71.882365, -40.534567], [-71.881208, -40.535975], [-71.877946, -40.537744], [-71.871901, -40.535], [-71.868194, -40.534829], [-71.867448, -40.533726], [-71.868543, -40.532148], [-71.870814, -40.532281], [-71.874052, -40.530615], [-71.8787, -40.533614], [-71.881414, -40.53363], [-71.881999, -40.533064], [-71.881856, -40.530811], [-71.883299, -40.526403], [-71.886043, -40.525076], [-71.885192, -40.52339], [-71.885445, -40.521482], [-71.888052, -40.519936], [-71.888309, -40.518735], [-71.889371, -40.518242], [-71.890471, -40.518287], [-71.891246, -40.519985], [-71.893546, -40.520754], [-71.894439, -40.522491], [-71.897492, -40.524403], [-71.905833, -40.525329], [-71.907603, -40.525148], [-71.908271, -40.524303]]], [[[-71.855244, -40.542251], [-71.858817, -40.543684], [-71.859427, -40.545284], [-71.858609, -40.546727], [-71.854893, -40.547412], [-71.851318, -40.546961], [-71.850579, -40.546305], [-71.853844, -40.544235], [-71.855244, -40.542251]]]]}}, {"type": "Feature", "properties": {"id": "rio-calcurrupe", "name": "Río Calcurrupe", "type": "river", "region": "los-rios", "season": "2026-2027", "opens": "2026-10-09", "closes": "2027-05-30", "cat": "oct", "rule_level": "region", "phases": [{"s": "2026-10-09", "e": "2027-05-30", "mode": "retention", "label": "Pesca con retención: 3 ejemplares o hasta 15 kilos"}], "veda": [], "gear": ["Pesca con caña y señuelo artificial con un anzuelo simple o triple (\"araña\"). Plomada máx. 100 g. Una caña a la vez. Chinguillo máx. 100 cm / 70 cm diámetro."], "prohibitions": ["Prohibida toda pesca recreativa entre 22:00 y 06:00 en todos los cursos y cuerpos de agua de la región."], "sources": [{"doc": "Resolución Exenta N° 04, de 02 de septiembre de 2024, DZ Pesca y Acuicultura regiones de La Araucanía y Los Ríos", "url": null}]}, "geometry": {"type": "MultiLineString", "coordinates": [[[-72.14621, -40.229741], [-72.149933, -40.228315], [-72.151949, -40.228209], [-72.155907, -40.225364], [-72.160376, -40.223837], [-72.16207, -40.22133], [-72.164609, -40.219493], [-72.166783, -40.219209], [-72.172045, -40.220028], [-72.17488, -40.219329], [-72.17629, -40.218125], [-72.179927, -40.212173], [-72.184494, -40.209374], [-72.188209, -40.209739], [-72.189941, -40.213589], [-72.191736, -40.214672], [-72.196254, -40.211241], [-72.198727, -40.211214], [-72.201584, -40.212938], [-72.202978, -40.213067], [-72.206976, -40.210067], [-72.213743, -40.210248], [-72.218924, -40.20685], [-72.226571, -40.208965], [-72.228437, -40.211269], [-72.226396, -40.214804], [-72.226406, -40.216189], [-72.235231, -40.217279], [-72.236019, -40.220773], [-72.237532, -40.223329], [-72.240917, -40.225327], [-72.244916, -40.226642]], [[-72.244916, -40.226642], [-72.251973, -40.22679], [-72.253797, -40.22751], [-72.255331, -40.229382], [-72.256029, -40.233604], [-72.257182, -40.234763]], [[-72.257182, -40.234763], [-72.258502, -40.234694], [-72.259832, -40.233539], [-72.264628, -40.223271], [-72.266757, -40.221227]], [[-72.244916, -40.226642], [-72.245046, -40.227875], [-72.247059, -40.228604], [-72.248297, -40.230396], [-72.252064, -40.231643], [-72.255235, -40.234231], [-72.257182, -40.234763]], [[-72.181307, -40.210985], [-72.182231, -40.209104], [-72.185741, -40.209171]], [[-72.204399, -40.211996], [-72.2067, -40.211708], [-72.208004, -40.210765], [-72.209386, -40.211014], [-72.212367, -40.210263]], [[-72.14621, -40.229741], [-72.149933, -40.228315], [-72.151949, -40.228209], [-72.155907, -40.225364], [-72.160376, -40.223837], [-72.16207, -40.22133], [-72.164609, -40.219493], [-72.166783, -40.219209], [-72.172045, -40.220028], [-72.17488, -40.219329], [-72.17629, -40.218125], [-72.179927, -40.212173], [-72.184494, -40.209374], [-72.188209, -40.209739], [-72.189941, -40.213589], [-72.191736, -40.214672], [-72.196254, -40.211241], [-72.198727, -40.211214], [-72.201584, -40.212938], [-72.202978, -40.213067], [-72.206976, -40.210067], [-72.213743, -40.210248], [-72.218924, -40.20685], [-72.226571, -40.208965], [-72.228437, -40.211269], [-72.226396, -40.214804], [-72.226406, -40.216189], [-72.235231, -40.217279], [-72.236019, -40.220773], [-72.237532, -40.223329], [-72.240917, -40.225327], [-72.244916, -40.226642]], [[-72.244916, -40.226642], [-72.251973, -40.22679], [-72.253797, -40.22751], [-72.255331, -40.229382], [-72.256029, -40.233604], [-72.257182, -40.234763]], [[-72.257182, -40.234763], [-72.258502, -40.234694], [-72.259832, -40.233539], [-72.264628, -40.223271], [-72.266757, -40.221227]], [[-72.244916, -40.226642], [-72.245046, -40.227875], [-72.247059, -40.228604], [-72.248297, -40.230396], [-72.252064, -40.231643], [-72.255235, -40.234231], [-72.257182, -40.234763]]]}}, {"type": "Feature", "properties": {"id": "rio-conaripe", "name": "Río Coñaripe", "type": "river", "region": "los-rios", "season": "2026-2027", "opens": "2026-11-13", "closes": "2027-05-02", "cat": "nov", "rule_level": "waterbody", "phases": [{"s": "2026-11-13", "e": "2027-05-02", "mode": "retention", "label": "Pesca con devolución obligatoria (trucha cafe, trucha arcoiris) · Pesca con retención: 1 ejemplar de salmón coho, del atlántico (salar) o chinook (salmon coho, salmon salar, salmon chinook)"}], "veda": [], "gear": ["Pesca con mosca, señuelo simple sin rebarba. Nacimiento/desembocadura: radio 500 m en lagos Pellaifa y Calafquén.", "Pesca con mosca, señuelo simple sin rebarba."], "prohibitions": [], "sources": [{"doc": "Resolución Exenta N° 02, de 01 de octubre de 2020, DZ La Araucanía y Los Ríos", "url": null}]}, "geometry": {"type": "MultiLineString", "coordinates": [[[-71.982374, -39.601652], [-71.985927, -39.601211], [-71.993096, -39.602344], [-71.995393, -39.601332], [-71.995188, -39.600298], [-71.997311, -39.599303], [-71.998124, -39.598299], [-71.998245, -39.596597], [-71.999547, -39.596378], [-72.000278, -39.595326], [-72.005414, -39.59585], [-72.006443, -39.594539], [-72.010235, -39.593145], [-72.0107, -39.59152], [-72.012262, -39.590504], [-72.012827, -39.588134], [-72.015276, -39.587471], [-72.017547, -39.58442], [-72.024463, -39.584207], [-72.025183, -39.582842], [-72.024672, -39.581006]], [[-71.857811, -39.499599], [-71.858299, -39.501044], [-71.857893, -39.505779], [-71.859202, -39.508428], [-71.861865, -39.511704], [-71.867047, -39.513699], [-71.870587, -39.516273], [-71.872247, -39.516705], [-71.874833, -39.51553], [-71.882847, -39.515405], [-71.885007, -39.514303], [-71.885465, -39.512682], [-71.887074, -39.511872], [-71.890733, -39.51082], [-71.8954, -39.510473], [-71.897664, -39.511416], [-71.898565, -39.51303], [-71.900588, -39.512836], [-71.901969, -39.513467], [-71.903873, -39.512461], [-71.910606, -39.517614], [-71.913889, -39.518621], [-71.914683, -39.520848], [-71.916818, -39.52218], [-71.917483, -39.525275], [-71.917043, -39.535205], [-71.917987, -39.54055], [-71.9223, -39.544996], [-71.922997, -39.546808], [-71.922955, -39.549141], [-71.924661, -39.549091], [-71.925905, -39.549984], [-71.92642, -39.553434], [-71.925835, -39.554586], [-71.924379, -39.555346]], [[-71.954886, -39.579103], [-71.956056, -39.578315], [-71.957629, -39.578818]], [[-71.983054, -39.592641], [-71.986807, -39.593851], [-71.987333, -39.595219], [-71.991296, -39.597993], [-71.994348, -39.601698]], [[-71.924379, -39.555346], [-71.922028, -39.557393], [-71.921995, -39.559121], [-71.920645, -39.562468], [-71.91926, -39.56425], [-71.919978, -39.567723], [-71.918476, -39.569493], [-71.91968, -39.572806], [-71.919483, -39.576794], [-71.921007, -39.580861], [-71.922049, -39.581503], [-71.92225, -39.583995], [-71.928273, -39.585447], [-71.932295, -39.584498], [-71.934636, -39.585155], [-71.943058, -39.583447], [-71.945555, -39.581383], [-71.953304, -39.580078], [-71.95519, -39.579014], [-71.96407, -39.578322], [-71.96753, -39.579241], [-71.96844, -39.581114], [-71.969912, -39.581654], [-71.970878, -39.581129], [-71.969878, -39.580093], [-71.970139, -39.579604], [-71.974635, -39.579323], [-71.977402, -39.581447], [-71.980751, -39.582319], [-71.980469, -39.584458], [-71.981037, -39.585171], [-71.981166, -39.587948], [-71.980747, -39.589745], [-71.981878, -39.592344], [-71.983054, -39.592641]], [[-71.877151, -39.438513], [-71.867387, -39.439623], [-71.861486, -39.443153], [-71.857882, -39.446517], [-71.857624, -39.451032], [-71.858182, -39.45413], [-71.85654, -39.456218], [-71.855832, -39.459225], [-71.858751, -39.462795], [-71.859738, -39.465363], [-71.857517, -39.468065], [-71.857018, -39.471831], [-71.856267, -39.472245], [-71.854674, -39.475682], [-71.854352, -39.479616], [-71.854953, -39.484717], [-71.855908, -39.486679], [-71.858826, -39.48865], [-71.858879, -39.489503], [-71.856948, -39.491978], [-71.857002, -39.493767], [-71.85535, -39.496342], [-71.854373, -39.496689], [-71.854148, -39.497782], [-71.857811, -39.499599]]]}}, {"type": "Feature", "properties": {"id": "rio-llanquihue-los-rios", "name": "Río Llanquihue (Los Ríos)", "type": "river", "region": "los-rios", "season": "2026-2027", "opens": "2026-11-13", "closes": "2027-05-02", "cat": "nov", "rule_level": "waterbody", "phases": [{"s": "2026-11-13", "e": "2027-05-02", "mode": "catch_and_release", "label": "Pesca con devolución obligatoria"}], "veda": [], "gear": ["Pesca con mosca, señuelo simple sin rebarba, se permite mosca en tándem (dropper). Zona: río Llanquihue desde unión Neltume+Fuy y desembocadura en lago Panguipulli hasta lago Riñihue; río San Pedro desde lago Riñihue (incl. río Mañío) hasta confluencia con río Malihue."], "prohibitions": [], "sources": [{"doc": "Resolución Exenta N° 02, de 01 de octubre de 2020, DZ La Araucanía y Los Ríos", "url": null}]}, "geometry": {"type": "MultiLineString", "coordinates": [[[-72.041318, -39.826797], [-72.052131, -39.825753], [-72.058879, -39.824401], [-72.068791, -39.823792], [-72.075515, -39.824309], [-72.077814, -39.823236], [-72.077935, -39.820352], [-72.078557, -39.819916], [-72.082997, -39.820602], [-72.08615, -39.822022], [-72.088975, -39.823876], [-72.089945, -39.82552]], [[-72.012644, -39.822226], [-72.016104, -39.823067], [-72.01736, -39.823914], [-72.017788, -39.825748], [-72.018822, -39.826284], [-72.02216, -39.826852], [-72.026204, -39.829035], [-72.03086, -39.826211], [-72.041318, -39.826797]]]}}, {"type": "Feature", "properties": {"id": "rio-san-pedro", "name": "Río San Pedro", "type": "river", "region": "los-rios", "season": "2026-2027", "opens": "2026-11-13", "closes": "2027-05-02", "cat": "nov", "rule_level": "waterbody", "phases": [{"s": "2026-11-13", "e": "2027-05-02", "mode": "catch_and_release", "label": "Pesca con devolución obligatoria"}], "veda": [], "gear": ["Pesca con mosca, señuelo simple sin rebarba, se permite mosca en tándem (dropper). Zona: río Llanquihue desde unión Neltume+Fuy y desembocadura en lago Panguipulli hasta lago Riñihue; río San Pedro desde lago Riñihue (incl. río Mañío) hasta confluencia con río Malihue."], "prohibitions": [], "sources": [{"doc": "Resolución Exenta N° 02, de 01 de octubre de 2020, DZ La Araucanía y Los Ríos", "url": null}]}, "geometry": {"type": "MultiLineString", "coordinates": [[[-72.52827, -39.750632], [-72.530901, -39.749681], [-72.535635, -39.75038], [-72.540643, -39.748725], [-72.548964, -39.749823], [-72.560446, -39.752934], [-72.562217, -39.754449], [-72.567006, -39.756587], [-72.571776, -39.756806], [-72.57715, -39.759765], [-72.580459, -39.759976], [-72.585131, -39.761603], [-72.587103, -39.761297], [-72.59077, -39.758058], [-72.599072, -39.758058], [-72.602479, -39.757278]], [[-73.774148, -42.35986], [-73.771528, -42.357898], [-73.775513, -42.354788], [-73.773345, -42.35187], [-73.776907, -42.35181], [-73.779202, -42.353676], [-73.778206, -42.356191], [-73.780063, -42.355797], [-73.78109, -42.354373], [-73.778118, -42.350816], [-73.781905, -42.349648], [-73.783333, -42.347941], [-73.78351, -42.346574], [-73.782522, -42.346039], [-73.781299, -42.347014], [-73.779819, -42.347165], [-73.778751, -42.346761], [-73.778816, -42.345948], [-73.778108, -42.345381], [-73.769117, -42.343907], [-73.768537, -42.342781], [-73.770785, -42.342403], [-73.775168, -42.340119], [-73.777598, -42.341285], [-73.774696, -42.342511], [-73.775399, -42.343228], [-73.780833, -42.340433], [-73.78146, -42.340385], [-73.781726, -42.341582], [-73.7833, -42.342337], [-73.785811, -42.341797], [-73.781798, -42.339688], [-73.776857, -42.338402], [-73.777108, -42.33554], [-73.77454, -42.335065], [-73.773515, -42.333883], [-73.773747, -42.331396], [-73.77567, -42.330708], [-73.77522, -42.329476], [-73.772095, -42.329331], [-73.767798, -42.327919], [-73.764171, -42.325694], [-73.765609, -42.324984], [-73.768098, -42.326285], [-73.771081, -42.325841], [-73.77056, -42.32452], [-73.770952, -42.319891], [-73.768914, -42.318241], [-73.76606, -42.317765], [-73.763994, -42.318227], [-73.760888, -42.316645], [-73.759005, -42.31368], [-73.7589, -42.307743], [-73.757439, -42.307689], [-73.756261, -42.309832], [-73.754237, -42.309879], [-73.749553, -42.306172], [-73.746659, -42.299786], [-73.747909, -42.298463], [-73.747694, -42.297255], [-73.748407, -42.295775], [-73.740666, -42.295158], [-73.737064, -42.29426], [-73.735692, -42.292767], [-73.73663, -42.290621], [-73.734715, -42.289918], [-73.73346, -42.287906], [-73.733857, -42.286977], [-73.736254, -42.285887], [-73.73439, -42.283728], [-73.734607, -42.282696], [-73.737595, -42.2806], [-73.739473, -42.277857], [-73.74119, -42.276715], [-73.749263, -42.277167], [-73.750953, -42.278493], [-73.753866, -42.277751], [-73.756441, -42.278977], [-73.760437, -42.278318], [-73.759032, -42.276528], [-73.760802, -42.276], [-73.760644, -42.274691], [-73.757776, -42.27184], [-73.758672, -42.270804], [-73.758493, -42.270072], [-73.754978, -42.268859], [-73.755027, -42.266343], [-73.753108, -42.263563], [-73.753121, -42.261959], [-73.754092, -42.260982], [-73.755234, -42.261339], [-73.755926, -42.262495], [-73.758247, -42.262312], [-73.757257, -42.257993], [-73.758346, -42.255389], [-73.76003, -42.255047], [-73.760148, -42.256052], [-73.761677, -42.255972], [-73.761645, -42.25436], [-73.759992, -42.252419], [-73.764419, -42.249401], [-73.767688, -42.244963], [-73.769201, -42.244935], [-73.76982, -42.245942], [-73.768318, -42.24989], [-73.770397, -42.250217], [-73.774132, -42.247134], [-73.775851, -42.244257], [-73.777401, -42.242916], [-73.775758, -42.240814], [-73.772003, -42.240136], [-73.770882, -42.239224], [-73.770563, -42.235033], [-73.772761, -42.234469], [-73.773292, -42.233691], [-73.770418, -42.232944], [-73.769875, -42.23178], [-73.77072, -42.231177], [-73.772538, -42.231744], [-73.773493, -42.23058], [-73.772814, -42.229977], [-73.770063, -42.229935], [-73.76909, -42.228579]], [[-73.789631, -41.011924], [-73.792539, -41.010311], [-73.792111, -41.007568], [-73.79425, -41.005599], [-73.793181, -41.00392], [-73.793651, -41.003468], [-73.802408, -41.003073], [-73.80259, -41.002516], [-73.807829, -41.001024], [-73.811518, -40.998982], [-73.813464, -40.997085], [-73.814308, -40.995173], [-73.816586, -40.993817], [-73.817516, -40.988983], [-73.819451, -40.988119], [-73.819804, -40.986852], [-73.823044, -40.985617], [-73.824274, -40.983664], [-73.825728, -40.98326], [-73.826198, -40.982348], [-73.829235, -40.980968], [-73.829556, -40.979918], [-73.830839, -40.979612], [-73.832362, -40.976308], [-73.836884, -40.97479], [-73.839598, -40.974647], [-73.840709, -40.973175], [-73.846296, -40.972438], [-73.847801, -40.971245], [-73.85199, -40.970686], [-73.857395, -40.968693], [-73.858522, -40.96295], [-73.860019, -40.961968], [-73.861403, -40.959787], [-73.858688, -40.958154], [-73.859596, -40.95603], [-73.859112, -40.954271], [-73.864858, -40.950988], [-73.863905, -40.947876], [-73.861191, -40.945123], [-73.86417, -40.942925], [-73.866325, -40.93915]], [[-74.000557, -42.435947], [-73.995512, -42.43277], [-73.99101, -42.432659], [-73.981097, -42.433926], [-73.97532, -42.436983], [-73.953717, -42.438376], [-73.94897, -42.437521], [-73.944786, -42.435938], [-73.935795, -42.43551], [-73.922582, -42.432548], [-73.914621, -42.43277], [-73.911016, -42.434275], [-73.892648, -42.434243], [-73.888528, -42.433657], [-73.883975, -42.42946], [-73.881142, -42.424107], [-73.882114, -42.422367], [-73.881473, -42.421671], [-73.882346, -42.421269], [-73.881519, -42.420477], [-73.882031, -42.420246], [-73.881827, -42.419627], [-73.88078, -42.418837], [-73.880995, -42.415269], [-73.883096, -42.412154], [-73.880999, -42.4112], [-73.882533, -42.410492], [-73.882407, -42.408788], [-73.881611, -42.40868], [-73.882853, -42.407682], [-73.880482, -42.406498], [-73.88068, -42.405813], [-73.879688, -42.404795], [-73.880401, -42.403915], [-73.878363, -42.403107], [-73.877966, -42.40224], [-73.878246, -42.401472], [-73.879629, -42.401876], [-73.880176, -42.400025], [-73.87876, -42.399459], [-73.878636, -42.398624], [-73.87568, -42.398318], [-73.877167, -42.396865], [-73.875376, -42.396104], [-73.876207, -42.394709], [-73.873969, -42.394658], [-73.875627, -42.393786], [-73.875782, -42.392914], [-73.874496, -42.39242], [-73.874721, -42.391489], [-73.873148, -42.39169], [-73.873443, -42.392392], [-73.872211, -42.391623], [-73.873101, -42.390839], [-73.872806, -42.389777], [-73.874425, -42.390141], [-73.873723, -42.389456], [-73.875081, -42.387677], [-73.874737, -42.386362], [-73.872596, -42.384669], [-73.868595, -42.383101], [-73.863927, -42.383809], [-73.864297, -42.386021], [-73.863707, -42.386563], [-73.862045, -42.385343], [-73.861255, -42.387185], [-73.858596, -42.386473], [-73.857281, -42.386647], [-73.855875, -42.387756], [-73.854185, -42.38734], [-73.85367, -42.386191], [-73.854571, -42.384796], [-73.854074, -42.381848], [-73.857661, -42.381242], [-73.858489, -42.379538], [-73.856294, -42.378104], [-73.856021, -42.376733], [-73.854138, -42.375389], [-73.85448, -42.373459], [-73.853323, -42.370503], [-73.854062, -42.370055], [-73.855751, -42.370994], [-73.856348, -42.369972], [-73.85315, -42.368683], [-73.852711, -42.367308], [-73.853327, -42.364672], [-73.856889, -42.365215], [-73.856996, -42.363578], [-73.852388, -42.362349], [-73.854363, -42.360776], [-73.852341, -42.359607], [-73.849997, -42.359892], [-73.849787, -42.359262], [-73.851263, -42.357494], [-73.849008, -42.355777], [-73.84543, -42.355274], [-73.846101, -42.353569], [-73.839112, -42.353439], [-73.840068, -42.35227], [-73.83917, -42.351944], [-73.836804, -42.353728], [-73.839063, -42.354517], [-73.839079, -42.356863], [-73.834187, -42.355563], [-73.830474, -42.355412], [-73.830738, -42.356443], [-73.83233, -42.357807], [-73.830631, -42.358497], [-73.830453, -42.359456], [-73.829762, -42.359749], [-73.828457, -42.357632], [-73.828715, -42.355682], [-73.821087, -42.356285], [-73.820529, -42.355682], [-73.821022, -42.353621], [-73.816409, -42.355769], [-73.812397, -42.355849], [-73.811013, -42.354683], [-73.807918, -42.358037], [-73.805337, -42.356055], [-73.803985, -42.358005], [-73.80228, -42.357458], [-73.799115, -42.353835], [-73.796535, -42.354636], [-73.794008, -42.354207], [-73.793686, -42.356475], [-73.794244, -42.357878], [-73.791808, -42.358338], [-73.791535, -42.360503], [-73.78816, -42.361707], [-73.78447, -42.360954], [-73.778107, -42.361604], [-73.774148, -42.35986]], [[-72.454745, -39.775804], [-72.459182, -39.776043], [-72.461095, -39.774835], [-72.461886, -39.772706], [-72.460001, -39.77125], [-72.459486, -39.769771], [-72.460648, -39.764612], [-72.461238, -39.763829], [-72.462657, -39.763624], [-72.466056, -39.763975], [-72.46697, -39.762387], [-72.467436, -39.75752], [-72.468274, -39.756847], [-72.473054, -39.755917], [-72.478585, -39.751291], [-72.48605, -39.750596], [-72.488011, -39.748553], [-72.489477, -39.744878], [-72.491696, -39.743678], [-72.492781, -39.743612], [-72.499769, -39.747726], [-72.502407, -39.748041], [-72.505045, -39.747891], [-72.510661, -39.745623], [-72.512845, -39.746439], [-72.518558, -39.745676], [-72.52028, -39.746476], [-72.522914, -39.750853], [-72.524346, -39.752061], [-72.526229, -39.752127], [-72.52827, -39.750632]], [[-72.602479, -39.757278], [-72.606433, -39.757577], [-72.612982, -39.755635], [-72.615639, -39.754201], [-72.620846, -39.753271], [-72.625188, -39.751456], [-72.627225, -39.748652], [-72.629406, -39.748074], [-72.633555, -39.748959], [-72.641545, -39.747232], [-72.646574, -39.748036], [-72.650163, -39.74792], [-72.654426, -39.745496], [-72.656397, -39.745307], [-72.661843, -39.746463], [-72.665179, -39.748923], [-72.66759, -39.749352], [-72.673573, -39.748162], [-72.675403, -39.748559], [-72.676862, -39.75044], [-72.67743, -39.754709], [-72.67845, -39.756861], [-72.680628, -39.758115], [-72.687805, -39.759286], [-72.693856, -39.770358], [-72.701088, -39.774456], [-72.710124, -39.782119], [-72.711934, -39.786568], [-72.71179, -39.790418], [-72.71438, -39.7967], [-72.716543, -39.798349], [-72.719815, -39.799416], [-72.72431, -39.802594], [-72.729084, -39.812649], [-72.729835, -39.816167], [-72.732099, -39.819851], [-72.732689, -39.829335], [-72.734821, -39.83589], [-72.735268, -39.840664], [-72.737306, -39.845291], [-72.740448, -39.84736], [-72.746855, -39.849144], [-72.754615, -39.8532], [-72.757623, -39.853025], [-72.759479, -39.852182]], [[-71.002214, -53.713765], [-71.002514, -53.713117], [-71.001699, -53.711898], [-71.002536, -53.708736], [-70.998352, -53.704379], [-70.992558, -53.702143], [-70.987043, -53.700962], [-70.984576, -53.701242], [-70.978868, -53.700289], [-70.975714, -53.701064], [-70.975263, -53.700086], [-70.973353, -53.699298], [-70.969641, -53.698993], [-70.969341, -53.698282], [-70.967273, -53.698042]], [[-72.602479, -39.757278], [-72.606433, -39.757577], [-72.612982, -39.755635], [-72.615639, -39.754201], [-72.620846, -39.753271], [-72.625188, -39.751456], [-72.627225, -39.748652], [-72.629406, -39.748074], [-72.633555, -39.748959], [-72.641545, -39.747232], [-72.646574, -39.748036], [-72.650163, -39.74792], [-72.654426, -39.745496], [-72.656397, -39.745307], [-72.661843, -39.746463], [-72.665179, -39.748923], [-72.66759, -39.749352], [-72.673573, -39.748162], [-72.675403, -39.748559], [-72.676862, -39.75044], [-72.67743, -39.754709], [-72.67845, -39.756861], [-72.680628, -39.758115], [-72.687805, -39.759286], [-72.693856, -39.770358], [-72.701088, -39.774456], [-72.710124, -39.782119], [-72.711934, -39.786568], [-72.71179, -39.790418], [-72.71438, -39.7967], [-72.716543, -39.798349], [-72.719815, -39.799416], [-72.72431, -39.802594], [-72.729084, -39.812649], [-72.729835, -39.816167], [-72.732099, -39.819851], [-72.732689, -39.829335], [-72.734821, -39.83589], [-72.735268, -39.840664], [-72.737306, -39.845291], [-72.740448, -39.84736], [-72.746855, -39.849144], [-72.754615, -39.8532], [-72.757623, -39.853025], [-72.759479, -39.852182]], [[-72.52827, -39.750632], [-72.530901, -39.749681], [-72.535635, -39.75038], [-72.540643, -39.748725], [-72.548964, -39.749823], [-72.560446, -39.752934], [-72.562217, -39.754449], [-72.567006, -39.756587], [-72.571776, -39.756806], [-72.57715, -39.759765], [-72.580459, -39.759976], [-72.585131, -39.761603], [-72.587103, -39.761297], [-72.59077, -39.758058], [-72.599072, -39.758058], [-72.602479, -39.757278]], [[-72.454745, -39.775804], [-72.459182, -39.776043], [-72.461095, -39.774835], [-72.461886, -39.772706], [-72.460001, -39.77125], [-72.459486, -39.769771], [-72.460648, -39.764612], [-72.461238, -39.763829], [-72.462657, -39.763624], [-72.466056, -39.763975], [-72.46697, -39.762387], [-72.467436, -39.75752], [-72.468274, -39.756847], [-72.473054, -39.755917], [-72.478585, -39.751291], [-72.48605, -39.750596], [-72.488011, -39.748553], [-72.489477, -39.744878], [-72.491696, -39.743678], [-72.492781, -39.743612], [-72.499769, -39.747726], [-72.502407, -39.748041], [-72.505045, -39.747891], [-72.510661, -39.745623], [-72.512845, -39.746439], [-72.518558, -39.745676], [-72.52028, -39.746476], [-72.522914, -39.750853], [-72.524346, -39.752061], [-72.526229, -39.752127], [-72.52827, -39.750632]]]}}, {"type": "Feature", "properties": {"id": "rio-calle-calle", "name": "Río Calle-Calle", "type": "river", "region": "los-rios", "season": "2026-2027", "opens": "2026-10-09", "closes": "2027-05-30", "cat": "oct", "rule_level": "region", "phases": [{"s": "2026-10-09", "e": "2027-05-30", "mode": "retention", "label": "Pesca con retención: 3 ejemplares o hasta 15 kilos"}], "veda": [], "gear": ["Pesca con caña y señuelo artificial con un anzuelo simple o triple (\"araña\"). Plomada máx. 100 g. Una caña a la vez. Chinguillo máx. 100 cm / 70 cm diámetro."], "prohibitions": ["Prohibida toda pesca recreativa entre 22:00 y 06:00 en todos los cursos y cuerpos de agua de la región."], "sources": [{"doc": "Resolución Exenta N° 04, de 02 de septiembre de 2024, DZ Pesca y Acuicultura regiones de La Araucanía y Los Ríos", "url": null}]}, "geometry": {"type": "MultiLineString", "coordinates": [[[-72.861487, -39.819779], [-72.861671, -39.814924], [-72.863068, -39.813196], [-72.867566, -39.810756], [-72.87195, -39.810612]], [[-72.930926, -39.81901], [-72.93856, -39.814375], [-72.941022, -39.80889], [-72.943007, -39.808326], [-72.943951, -39.807341]], [[-72.759479, -39.852182], [-72.762105, -39.850114], [-72.765022, -39.849148], [-72.768246, -39.849278], [-72.771062, -39.850509], [-72.775988, -39.854702], [-72.777667, -39.856933], [-72.77794, -39.857977], [-72.776355, -39.860107], [-72.776329, -39.862027], [-72.777897, -39.865408], [-72.78009, -39.867186], [-72.781052, -39.866792], [-72.781586, -39.864191], [-72.782593, -39.862807], [-72.787033, -39.860738], [-72.789765, -39.85786], [-72.79188, -39.856897], [-72.809172, -39.856004], [-72.817531, -39.857861], [-72.821709, -39.85816], [-72.829845, -39.850725], [-72.829194, -39.841277], [-72.832023, -39.835741], [-72.8318, -39.826368], [-72.834171, -39.823971], [-72.840352, -39.823015], [-72.850949, -39.823265], [-72.857321, -39.82195], [-72.865488, -39.817937], [-72.868755, -39.815533], [-72.869798, -39.814256], [-72.870517, -39.811734], [-72.871606, -39.810784], [-72.878003, -39.809473], [-72.886234, -39.806495], [-72.898599, -39.806765], [-72.901515, -39.807392], [-72.904705, -39.809352], [-72.912244, -39.815965], [-72.917402, -39.818252], [-72.925626, -39.819245], [-72.934977, -39.818534], [-72.940373, -39.816687], [-72.944329, -39.813983], [-72.945782, -39.8099], [-72.943951, -39.807341], [-72.943486, -39.804941], [-72.945846, -39.803029]], [[-73.184292, -39.785066], [-73.187802, -39.783687], [-73.191416, -39.784044], [-73.205782, -39.791043], [-73.208937, -39.793376], [-73.210685, -39.795511], [-73.212316, -39.799237], [-73.211243, -39.806663], [-73.211501, -39.812531], [-73.212552, -39.815144], [-73.21752, -39.820475], [-73.223329, -39.821599], [-73.226006, -39.82106], [-73.237813, -39.809692], [-73.244149, -39.807314]], [[-72.983653, -39.784375], [-72.983959, -39.782949], [-72.987543, -39.781943], [-72.989452, -39.780245], [-72.996622, -39.778813], [-73.003121, -39.780954], [-73.006554, -39.78257], [-73.007786, -39.784024]], [[-72.855232, -39.821515], [-72.857484, -39.817039], [-72.856659, -39.813463], [-72.858919, -39.810469], [-72.861925, -39.809874], [-72.867566, -39.810756]], [[-72.945846, -39.803029], [-72.9517, -39.801342], [-72.960532, -39.801059], [-72.965059, -39.799388], [-72.973523, -39.791702], [-72.973882, -39.786927], [-72.975436, -39.785485], [-72.98567, -39.784161], [-73.001108, -39.784971], [-73.007143, -39.783998], [-73.011091, -39.784817], [-73.019622, -39.789502], [-73.028763, -39.79702], [-73.032087, -39.798856], [-73.040803, -39.800302], [-73.049122, -39.798739], [-73.050974, -39.799581], [-73.052968, -39.802194], [-73.055452, -39.802913], [-73.065455, -39.800982], [-73.071365, -39.800545], [-73.077197, -39.80099], [-73.090626, -39.803446], [-73.094646, -39.803198], [-73.098006, -39.80158], [-73.103407, -39.794777], [-73.109757, -39.789696], [-73.115358, -39.78707], [-73.120716, -39.786815], [-73.125409, -39.78848], [-73.137253, -39.798207], [-73.144926, -39.80329], [-73.150353, -39.805185], [-73.156294, -39.805561], [-73.162066, -39.804368], [-73.166663, -39.801973], [-73.177252, -39.789925], [-73.184292, -39.785066]], [[-72.759479, -39.852182], [-72.762105, -39.850114], [-72.765022, -39.849148], [-72.768246, -39.849278], [-72.771062, -39.850509], [-72.775988, -39.854702], [-72.777667, -39.856933], [-72.77794, -39.857977], [-72.776355, -39.860107], [-72.776329, -39.862027], [-72.777897, -39.865408], [-72.78009, -39.867186], [-72.781052, -39.866792], [-72.781586, -39.864191], [-72.782593, -39.862807], [-72.787033, -39.860738], [-72.789765, -39.85786], [-72.79188, -39.856897], [-72.809172, -39.856004], [-72.817531, -39.857861], [-72.821709, -39.85816], [-72.829845, -39.850725], [-72.829194, -39.841277], [-72.832023, -39.835741], [-72.8318, -39.826368], [-72.834171, -39.823971], [-72.840352, -39.823015], [-72.850949, -39.823265], [-72.857321, -39.82195], [-72.865488, -39.817937], [-72.868755, -39.815533], [-72.869798, -39.814256], [-72.870517, -39.811734], [-72.871606, -39.810784], [-72.878003, -39.809473], [-72.886234, -39.806495], [-72.898599, -39.806765], [-72.901515, -39.807392], [-72.904705, -39.809352], [-72.912244, -39.815965], [-72.917402, -39.818252], [-72.925626, -39.819245], [-72.934977, -39.818534], [-72.940373, -39.816687], [-72.944329, -39.813983], [-72.945782, -39.8099], [-72.943951, -39.807341], [-72.943486, -39.804941], [-72.945846, -39.803029]], [[-72.945846, -39.803029], [-72.9517, -39.801342], [-72.960532, -39.801059], [-72.965059, -39.799388], [-72.973523, -39.791702], [-72.973882, -39.786927], [-72.975436, -39.785485], [-72.98567, -39.784161], [-73.001108, -39.784971], [-73.007143, -39.783998], [-73.011091, -39.784817], [-73.019622, -39.789502], [-73.028763, -39.79702], [-73.032087, -39.798856], [-73.040803, -39.800302], [-73.049122, -39.798739], [-73.050974, -39.799581], [-73.052968, -39.802194], [-73.055452, -39.802913], [-73.065455, -39.800982], [-73.071365, -39.800545], [-73.077197, -39.80099], [-73.090626, -39.803446], [-73.094646, -39.803198], [-73.098006, -39.80158], [-73.103407, -39.794777], [-73.109757, -39.789696], [-73.115358, -39.78707], [-73.120716, -39.786815], [-73.125409, -39.78848], [-73.137253, -39.798207], [-73.144926, -39.80329], [-73.150353, -39.805185], [-73.156294, -39.805561], [-73.162066, -39.804368], [-73.166663, -39.801973], [-73.177252, -39.789925], [-73.184292, -39.785066]], [[-73.184292, -39.785066], [-73.187802, -39.783687], [-73.191416, -39.784044], [-73.205782, -39.791043], [-73.208937, -39.793376], [-73.210685, -39.795511], [-73.212316, -39.799237], [-73.211243, -39.806663], [-73.211501, -39.812531], [-73.212552, -39.815144], [-73.21752, -39.820475], [-73.223329, -39.821599], [-73.226006, -39.82106], [-73.237813, -39.809692], [-73.244149, -39.807314]], [[-72.855232, -39.821515], [-72.857484, -39.817039], [-72.856659, -39.813463], [-72.858919, -39.810469], [-72.861925, -39.809874], [-72.867566, -39.810756]], [[-72.861487, -39.819779], [-72.861671, -39.814924], [-72.863068, -39.813196], [-72.867566, -39.810756], [-72.87195, -39.810612]], [[-72.930926, -39.81901], [-72.93856, -39.814375], [-72.941022, -39.80889], [-72.943007, -39.808326], [-72.943951, -39.807341]]]}}, {"type": "Feature", "properties": {"id": "rio-valdivia", "name": "Río Valdivia", "type": "river", "region": "los-rios", "season": "2026-2027", "opens": "2026-10-09", "closes": "2027-05-30", "cat": "oct", "rule_level": "region", "phases": [{"s": "2026-10-09", "e": "2027-05-30", "mode": "retention", "label": "Pesca con retención: 3 ejemplares o hasta 15 kilos"}], "veda": [], "gear": ["Pesca con caña y señuelo artificial con un anzuelo simple o triple (\"araña\"). Plomada máx. 100 g. Una caña a la vez. Chinguillo máx. 100 cm / 70 cm diámetro."], "prohibitions": ["Prohibida toda pesca recreativa entre 22:00 y 06:00 en todos los cursos y cuerpos de agua de la región."], "sources": [{"doc": "Resolución Exenta N° 04, de 02 de septiembre de 2024, DZ Pesca y Acuicultura regiones de La Araucanía y Los Ríos", "url": null}]}, "geometry": {"type": "MultiLineString", "coordinates": [[[-73.244149, -39.807314], [-73.248322, -39.810454], [-73.252467, -39.821574], [-73.254133, -39.824518], [-73.265035, -39.835358], [-73.271325, -39.845653], [-73.276369, -39.85194], [-73.286165, -39.860497], [-73.291068, -39.861947], [-73.296015, -39.861728], [-73.299531, -39.860509], [-73.309652, -39.854675], [-73.313247, -39.85388], [-73.317305, -39.854036], [-73.326168, -39.856483], [-73.333641, -39.86061], [-73.33939, -39.862838], [-73.370801, -39.870167], [-73.375671, -39.872408], [-73.382529, -39.877038]], [[-73.244149, -39.807314], [-73.248322, -39.810454], [-73.252467, -39.821574], [-73.254133, -39.824518], [-73.265035, -39.835358], [-73.271325, -39.845653], [-73.276369, -39.85194], [-73.286165, -39.860497], [-73.291068, -39.861947], [-73.296015, -39.861728], [-73.299531, -39.860509], [-73.309652, -39.854675], [-73.313247, -39.85388], [-73.317305, -39.854036], [-73.326168, -39.856483], [-73.333641, -39.86061], [-73.33939, -39.862838], [-73.370801, -39.870167], [-73.375671, -39.872408], [-73.382529, -39.877038]]]}}, {"type": "Feature", "properties": {"id": "rio-cruces", "name": "Río Cruces", "type": "river", "region": "los-rios", "season": "2026-2027", "opens": "2026-10-09", "closes": "2027-05-30", "cat": "oct", "rule_level": "region", "phases": [{"s": "2026-10-09", "e": "2027-05-30", "mode": "retention", "label": "Pesca con retención: 3 ejemplares o hasta 15 kilos"}], "veda": [], "gear": ["Pesca con caña y señuelo artificial con un anzuelo simple o triple (\"araña\"). Plomada máx. 100 g. Una caña a la vez. Chinguillo máx. 100 cm / 70 cm diámetro."], "prohibitions": ["Prohibida toda pesca recreativa entre 22:00 y 06:00 en todos los cursos y cuerpos de agua de la región."], "sources": [{"doc": "Resolución Exenta N° 04, de 02 de septiembre de 2024, DZ Pesca y Acuicultura regiones de La Araucanía y Los Ríos", "url": null}]}, "geometry": {"type": "MultiLineString", "coordinates": [[[-72.538453, -39.379373], [-72.540043, -39.380304], [-72.542211, -39.379906], [-72.543755, -39.378374], [-72.542231, -39.37703], [-72.547123, -39.37698], [-72.549699, -39.377883], [-72.55427, -39.381399], [-72.555508, -39.381267], [-72.556291, -39.380645], [-72.556656, -39.378796], [-72.558604, -39.378015], [-72.558819, -39.377302], [-72.557536, -39.375831], [-72.560084, -39.374777], [-72.56304, -39.372331], [-72.574455, -39.37513], [-72.576853, -39.376527], [-72.577169, -39.377543], [-72.576665, -39.378572], [-72.579342, -39.379127], [-72.581842, -39.378551], [-72.582577, -39.377448], [-72.589315, -39.378932], [-72.595907, -39.37831], [-72.597211, -39.377622], [-72.597722, -39.37488], [-72.599115, -39.375106], [-72.600982, -39.373547], [-72.603215, -39.373056], [-72.604717, -39.3742], [-72.602829, -39.376523], [-72.603, -39.37833], [-72.607119, -39.378241], [-72.620552, -39.372402], [-72.623621, -39.371994], [-72.628492, -39.372724], [-72.629093, -39.373354], [-72.628621, -39.376489], [-72.629199, -39.377446], [-72.638364, -39.377255], [-72.640145, -39.378764], [-72.643275, -39.377952], [-72.646687, -39.379541], [-72.648693, -39.378118], [-72.65454, -39.378841], [-72.656786, -39.378395], [-72.657655, -39.378798], [-72.658752, -39.381294], [-72.660895, -39.383773], [-72.663483, -39.38516], [-72.663799, -39.388722], [-72.666514, -39.39203], [-72.665538, -39.392988], [-72.663354, -39.39329], [-72.663193, -39.394584], [-72.675027, -39.396316], [-72.678031, -39.40028], [-72.678316, -39.403749], [-72.679136, -39.404914], [-72.683612, -39.40198], [-72.685815, -39.405478], [-72.687349, -39.406174], [-72.688401, -39.40602], [-72.688808, -39.404379], [-72.689957, -39.404106], [-72.690568, -39.40445], [-72.690938, -39.406261], [-72.693358, -39.405511], [-72.695262, -39.40573], [-72.697306, -39.406775], [-72.697815, -39.408466], [-72.700514, -39.408263], [-72.701501, -39.406597], [-72.70251, -39.406597], [-72.704199, -39.408491], [-72.704918, -39.411454], [-72.704338, -39.412308], [-72.702053, -39.412055], [-72.699843, -39.414861], [-72.699978, -39.415773], [-72.703754, -39.418475], [-72.704435, -39.417977], [-72.703818, -39.415814], [-72.704344, -39.41346], [-72.706318, -39.412963], [-72.708592, -39.414053], [-72.711843, -39.414442], [-72.712154, -39.415321], [-72.710041, -39.416834], [-72.710094, -39.419863], [-72.712659, -39.421736], [-72.715736, -39.422831], [-72.717267, -39.424509]], [[-72.789751, -39.432634], [-72.790432, -39.433923], [-72.792149, -39.43459], [-72.793836, -39.438471], [-72.793948, -39.440519], [-72.791794, -39.446219], [-72.794551, -39.450212], [-72.790539, -39.45215], [-72.787299, -39.452366], [-72.787118, -39.453172]], [[-72.787118, -39.453172], [-72.790073, -39.45422], [-72.793673, -39.456572], [-72.797964, -39.456914], [-72.799158, -39.456474], [-72.799053, -39.453791], [-72.800131, -39.45271], [-72.80116, -39.453045], [-72.80101, -39.455481], [-72.803778, -39.455945], [-72.80442, -39.451522]], [[-72.80442, -39.451522], [-72.805838, -39.449284], [-72.808175, -39.447294], [-72.809623, -39.448408], [-72.814317, -39.447648], [-72.817069, -39.448437], [-72.817823, -39.449547], [-72.815827, -39.451604], [-72.815666, -39.453542], [-72.819346, -39.455441], [-72.822533, -39.455493], [-72.823418, -39.460322], [-72.823037, -39.463246], [-72.821513, -39.466464], [-72.81763, -39.469516], [-72.820913, -39.472672], [-72.820194, -39.47504], [-72.815666, -39.476535], [-72.815779, -39.48027], [-72.815022, -39.481185], [-72.81116, -39.481653], [-72.809964, -39.48251], [-72.809803, -39.485363], [-72.812437, -39.48528], [-72.811981, -39.48648], [-72.807416, -39.489703], [-72.80527, -39.492301], [-72.803865, -39.492583], [-72.802663, -39.491676], [-72.804385, -39.490952], [-72.804959, -39.489639], [-72.802657, -39.487482], [-72.800093, -39.486973], [-72.79924, -39.488898], [-72.797298, -39.489002], [-72.795115, -39.48776], [-72.793651, -39.485031], [-72.79268, -39.484679], [-72.791178, -39.48988], [-72.787036, -39.493659], [-72.789359, -39.495481], [-72.791596, -39.499069], [-72.795951, -39.499907], [-72.796671, -39.50135], [-72.79475, -39.503258], [-72.794884, -39.504419], [-72.798581, -39.503757], [-72.800929, -39.50471], [-72.800764, -39.505961], [-72.799181, -39.505729], [-72.797272, -39.506388], [-72.796375, -39.507983], [-72.796698, -39.509943], [-72.795464, -39.511615], [-72.795767, -39.51228], [-72.79798, -39.512947], [-72.801971, -39.515819], [-72.805823, -39.51516], [-72.807705, -39.51697], [-72.808633, -39.520024], [-72.81071, -39.519643], [-72.811852, -39.520363], [-72.811562, -39.521861], [-72.80925, -39.523516], [-72.804589, -39.524745], [-72.804224, -39.525693], [-72.804825, -39.526761], [-72.805865, -39.527112], [-72.809122, -39.524642], [-72.811753, -39.524265], [-72.813612, -39.525647], [-72.815183, -39.528018], [-72.819298, -39.526736], [-72.82043, -39.528718], [-72.82187, -39.529551], [-72.822586, -39.527737], [-72.819885, -39.523717], [-72.819073, -39.521315], [-72.821267, -39.520893], [-72.82445, -39.521721], [-72.824971, -39.522753], [-72.824346, -39.52578], [-72.824641, -39.527576], [-72.826459, -39.529421], [-72.829978, -39.531275], [-72.831121, -39.533405], [-72.826239, -39.5347], [-72.820848, -39.533865], [-72.817946, -39.536289], [-72.817935, -39.536914], [-72.823375, -39.539011], [-72.827634, -39.53983], [-72.833852, -39.539967], [-72.837548, -39.541547], [-72.839672, -39.5434], [-72.840375, -39.544943], [-72.839618, -39.547049], [-72.837971, -39.548964], [-72.838374, -39.549465], [-72.844505, -39.549415], [-72.846823, -39.547339], [-72.848679, -39.54666], [-72.851597, -39.547272], [-72.853249, -39.548977], [-72.853067, -39.553353], [-72.851157, -39.554883], [-72.85135, -39.555652], [-72.852649, -39.556037], [-72.854623, -39.555202], [-72.859247, -39.555272], [-72.865593, -39.553622], [-72.873489, -39.552616], [-72.875828, -39.553874], [-72.878516, -39.557216], [-72.884545, -39.555421], [-72.887903, -39.555446], [-72.888343, -39.556223], [-72.887464, -39.55892], [-72.888236, -39.559466], [-72.894637, -39.557375], [-72.898933, -39.555015], [-72.903047, -39.549216]], [[-72.717267, -39.424509], [-72.723001, -39.424726], [-72.723784, -39.425646], [-72.725501, -39.426166], [-72.731214, -39.432182], [-72.736021, -39.433193], [-72.737426, -39.435381], [-72.73999, -39.43541], [-72.740323, -39.436466], [-72.735897, -39.436251], [-72.735366, -39.437792], [-72.736165, -39.43969], [-72.740218, -39.441732], [-72.745945, -39.439918], [-72.747731, -39.438337], [-72.750368, -39.437225], [-72.751323, -39.435211], [-72.753273, -39.435893], [-72.75438, -39.438505], [-72.755032, -39.438675], [-72.762797, -39.434465], [-72.764892, -39.431602], [-72.768135, -39.432661], [-72.77134, -39.432516], [-72.771874, -39.431594], [-72.771657, -39.429618], [-72.772745, -39.42772], [-72.776415, -39.431387], [-72.786425, -39.431084], [-72.788651, -39.431644], [-72.789751, -39.432634]], [[-72.788276, -39.453738], [-72.79014, -39.455625], [-72.793673, -39.456572]], [[-72.794635, -39.503625], [-72.792886, -39.504123], [-72.792749, -39.505375], [-72.794174, -39.505951], [-72.79512, -39.504546]], [[-73.248451, -39.727142], [-73.251991, -39.738366], [-73.250704, -39.745214], [-73.248236, -39.749553], [-73.250575, -39.757009], [-73.249717, -39.769595], [-73.250554, -39.773124], [-73.252837, -39.775345]], [[-73.255824, -39.73474], [-73.261454, -39.739101], [-73.263503, -39.7433], [-73.263643, -39.749206], [-73.260963, -39.754552]], [[-73.166805, -39.665517], [-73.168194, -39.67015], [-73.167974, -39.675571], [-73.169691, -39.679836], [-73.171531, -39.681702], [-73.175613, -39.684072], [-73.181428, -39.685554]], [[-72.903047, -39.549216], [-72.904303, -39.543214], [-72.903584, -39.537849], [-72.904479, -39.536835], [-72.906749, -39.536537], [-72.910128, -39.538105], [-72.910187, -39.541129], [-72.911121, -39.5429], [-72.915847, -39.542842], [-72.918288, -39.543876], [-72.91913, -39.546639], [-72.918674, -39.550292], [-72.921533, -39.55121], [-72.923759, -39.553593], [-72.927058, -39.554507], [-72.931983, -39.553977], [-72.936355, -39.551888], [-72.938291, -39.54762], [-72.941478, -39.545332], [-72.943135, -39.545196], [-72.950002, -39.546904], [-72.951161, -39.546242], [-72.952014, -39.544215], [-72.954133, -39.543065], [-72.958725, -39.543301], [-72.963075, -39.541866], [-72.967554, -39.543876], [-72.97169, -39.54853], [-72.983176, -39.551752], [-72.98611, -39.55121], [-72.988524, -39.549283], [-72.988921, -39.547578], [-72.987682, -39.546139], [-72.990246, -39.546064], [-72.994602, -39.543359], [-72.996651, -39.544348], [-73.000127, -39.544224], [-73.0026, -39.543111], [-73.003308, -39.541071], [-73.007702, -39.542147], [-73.01253, -39.540865], [-73.020249, -39.543814], [-73.025935, -39.551694], [-73.027738, -39.552261], [-73.030173, -39.551227], [-73.037576, -39.544104], [-73.038912, -39.54177], [-73.039556, -39.538118], [-73.042224, -39.537571], [-73.044467, -39.538757], [-73.045521, -39.542147], [-73.050893, -39.544984], [-73.051846, -39.546766], [-73.051687, -39.549356], [-73.048907, -39.551723], [-73.045353, -39.553589], [-73.045165, -39.555173], [-73.04667, -39.55896], [-73.051959, -39.563052], [-73.054202, -39.562549], [-73.055106, -39.562992], [-73.058545, -39.565806], [-73.060733, -39.57065], [-73.065545, -39.57385], [-73.073165, -39.577093], [-73.074, -39.576766], [-73.07422, -39.57586], [-73.072323, -39.574926], [-73.071823, -39.573838], [-73.07228, -39.572911], [-73.077391, -39.574977], [-73.081307, -39.575623], [-73.092489, -39.574758], [-73.094031, -39.577199], [-73.097911, -39.579189], [-73.099284, -39.582604], [-73.104541, -39.585923], [-73.105695, -39.585825], [-73.107448, -39.583858], [-73.110139, -39.583753], [-73.111095, -39.582618], [-73.111264, -39.581169], [-73.112253, -39.580941], [-73.113376, -39.581772], [-73.11256, -39.583131], [-73.112973, -39.583978], [-73.118509, -39.586603], [-73.120167, -39.586711], [-73.120982, -39.585376], [-73.123541, -39.584743], [-73.125552, -39.585268], [-73.127811, -39.587058], [-73.131293, -39.587228], [-73.133369, -39.588613], [-73.143073, -39.601419], [-73.147525, -39.604601], [-73.149891, -39.60549]], [[-73.149891, -39.60549], [-73.154697, -39.607945], [-73.158206, -39.610631], [-73.160244, -39.615152], [-73.164826, -39.618516], [-73.171456, -39.624792], [-73.184298, -39.639314], [-73.18447, -39.648088], [-73.180532, -39.657001], [-73.180007, -39.663758], [-73.177571, -39.667168], [-73.176928, -39.669472], [-73.179663, -39.681603], [-73.181428, -39.685554], [-73.193436, -39.690875], [-73.194867, -39.693095], [-73.195916, -39.697942], [-73.200087, -39.703747], [-73.206666, -39.703849], [-73.210434, -39.705033], [-73.211385, -39.705896], [-73.218673, -39.720202], [-73.219929, -39.721423], [-73.223359, -39.721938], [-73.234524, -39.721534], [-73.243331, -39.723954], [-73.247721, -39.726518], [-73.253047, -39.731193], [-73.258697, -39.739119], [-73.261476, -39.747011], [-73.261173, -39.753372], [-73.260802, -39.755452], [-73.254015, -39.769374], [-73.252837, -39.775345], [-73.254448, -39.778015], [-73.259144, -39.781606], [-73.271225, -39.783611], [-73.274611, -39.785779], [-73.27606, -39.788887], [-73.278053, -39.801971], [-73.276358, -39.812666], [-73.27259, -39.818537], [-73.26532, -39.825895], [-73.262765, -39.833015]], [[-72.80442, -39.451522], [-72.805838, -39.449284], [-72.808175, -39.447294], [-72.809623, -39.448408], [-72.814317, -39.447648], [-72.817069, -39.448437], [-72.817823, -39.449547], [-72.815827, -39.451604], [-72.815666, -39.453542], [-72.819346, -39.455441], [-72.822533, -39.455493], [-72.823418, -39.460322], [-72.823037, -39.463246], [-72.821513, -39.466464], [-72.81763, -39.469516], [-72.820913, -39.472672], [-72.820194, -39.47504], [-72.815666, -39.476535], [-72.815779, -39.48027], [-72.815022, -39.481185], [-72.81116, -39.481653], [-72.809964, -39.48251], [-72.809803, -39.485363], [-72.812437, -39.48528], [-72.811981, -39.48648], [-72.807416, -39.489703], [-72.80527, -39.492301], [-72.803865, -39.492583], [-72.802663, -39.491676], [-72.804385, -39.490952], [-72.804959, -39.489639], [-72.802657, -39.487482], [-72.800093, -39.486973], [-72.79924, -39.488898], [-72.797298, -39.489002], [-72.795115, -39.48776], [-72.793651, -39.485031], [-72.79268, -39.484679], [-72.791178, -39.48988], [-72.787036, -39.493659], [-72.789359, -39.495481], [-72.791596, -39.499069], [-72.795951, -39.499907], [-72.796671, -39.50135], [-72.79475, -39.503258], [-72.794884, -39.504419], [-72.798581, -39.503757], [-72.800929, -39.50471], [-72.800764, -39.505961], [-72.799181, -39.505729], [-72.797272, -39.506388], [-72.796375, -39.507983], [-72.796698, -39.509943], [-72.795464, -39.511615], [-72.795767, -39.51228], [-72.79798, -39.512947], [-72.801971, -39.515819], [-72.805823, -39.51516], [-72.807705, -39.51697], [-72.808633, -39.520024], [-72.81071, -39.519643], [-72.811852, -39.520363], [-72.811562, -39.521861], [-72.80925, -39.523516], [-72.804589, -39.524745], [-72.804224, -39.525693], [-72.804825, -39.526761], [-72.805865, -39.527112], [-72.809122, -39.524642], [-72.811753, -39.524265], [-72.813612, -39.525647], [-72.815183, -39.528018], [-72.819298, -39.526736], [-72.82043, -39.528718], [-72.82187, -39.529551], [-72.822586, -39.527737], [-72.819885, -39.523717], [-72.819073, -39.521315], [-72.821267, -39.520893], [-72.82445, -39.521721], [-72.824971, -39.522753], [-72.824346, -39.52578], [-72.824641, -39.527576], [-72.826459, -39.529421], [-72.829978, -39.531275], [-72.831121, -39.533405], [-72.826239, -39.5347], [-72.820848, -39.533865], [-72.817946, -39.536289], [-72.817935, -39.536914], [-72.823375, -39.539011], [-72.827634, -39.53983], [-72.833852, -39.539967], [-72.837548, -39.541547], [-72.839672, -39.5434], [-72.840375, -39.544943], [-72.839618, -39.547049], [-72.837971, -39.548964], [-72.838374, -39.549465], [-72.844505, -39.549415], [-72.846823, -39.547339], [-72.848679, -39.54666], [-72.851597, -39.547272], [-72.853249, -39.548977], [-72.853067, -39.553353], [-72.851157, -39.554883], [-72.85135, -39.555652], [-72.852649, -39.556037], [-72.854623, -39.555202], [-72.859247, -39.555272], [-72.865593, -39.553622], [-72.873489, -39.552616], [-72.875828, -39.553874], [-72.878516, -39.557216], [-72.884545, -39.555421], [-72.887903, -39.555446], [-72.888343, -39.556223], [-72.887464, -39.55892], [-72.888236, -39.559466], [-72.894637, -39.557375], [-72.898933, -39.555015], [-72.903047, -39.549216]], [[-72.903047, -39.549216], [-72.904303, -39.543214], [-72.903584, -39.537849], [-72.904479, -39.536835], [-72.906749, -39.536537], [-72.910128, -39.538105], [-72.910187, -39.541129], [-72.911121, -39.5429], [-72.915847, -39.542842], [-72.918288, -39.543876], [-72.91913, -39.546639], [-72.918674, -39.550292], [-72.921533, -39.55121], [-72.923759, -39.553593], [-72.927058, -39.554507], [-72.931983, -39.553977], [-72.936355, -39.551888], [-72.938291, -39.54762], [-72.941478, -39.545332], [-72.943135, -39.545196], [-72.950002, -39.546904], [-72.951161, -39.546242], [-72.952014, -39.544215], [-72.954133, -39.543065], [-72.958725, -39.543301], [-72.963075, -39.541866], [-72.967554, -39.543876], [-72.97169, -39.54853], [-72.983176, -39.551752], [-72.98611, -39.55121], [-72.988524, -39.549283], [-72.988921, -39.547578], [-72.987682, -39.546139], [-72.990246, -39.546064], [-72.994602, -39.543359], [-72.996651, -39.544348], [-73.000127, -39.544224], [-73.0026, -39.543111], [-73.003308, -39.541071], [-73.007702, -39.542147], [-73.01253, -39.540865], [-73.020249, -39.543814], [-73.025935, -39.551694], [-73.027738, -39.552261], [-73.030173, -39.551227], [-73.037576, -39.544104], [-73.038912, -39.54177], [-73.039556, -39.538118], [-73.042224, -39.537571], [-73.044467, -39.538757], [-73.045521, -39.542147], [-73.050893, -39.544984], [-73.051846, -39.546766], [-73.051687, -39.549356], [-73.048907, -39.551723], [-73.045353, -39.553589], [-73.045165, -39.555173], [-73.04667, -39.55896], [-73.051959, -39.563052], [-73.054202, -39.562549], [-73.055106, -39.562992], [-73.058545, -39.565806], [-73.060733, -39.57065], [-73.065545, -39.57385], [-73.073165, -39.577093], [-73.074, -39.576766], [-73.07422, -39.57586], [-73.072323, -39.574926], [-73.071823, -39.573838], [-73.07228, -39.572911], [-73.077391, -39.574977], [-73.081307, -39.575623], [-73.092489, -39.574758], [-73.094031, -39.577199], [-73.097911, -39.579189], [-73.099284, -39.582604], [-73.104541, -39.585923], [-73.105695, -39.585825], [-73.107448, -39.583858], [-73.110139, -39.583753], [-73.111095, -39.582618], [-73.111264, -39.581169], [-73.112253, -39.580941], [-73.113376, -39.581772], [-73.11256, -39.583131], [-73.112973, -39.583978], [-73.118509, -39.586603], [-73.120167, -39.586711], [-73.120982, -39.585376], [-73.123541, -39.584743], [-73.125552, -39.585268], [-73.127811, -39.587058], [-73.131293, -39.587228], [-73.133369, -39.588613], [-73.143073, -39.601419], [-73.147525, -39.604601], [-73.149891, -39.60549]], [[-73.149891, -39.60549], [-73.154697, -39.607945], [-73.158206, -39.610631], [-73.160244, -39.615152], [-73.164826, -39.618516], [-73.171456, -39.624792], [-73.184298, -39.639314], [-73.18447, -39.648088], [-73.180532, -39.657001], [-73.180007, -39.663758], [-73.177571, -39.667168], [-73.176928, -39.669472], [-73.179663, -39.681603], [-73.181428, -39.685554], [-73.193436, -39.690875], [-73.194867, -39.693095], [-73.195916, -39.697942], [-73.200087, -39.703747], [-73.206666, -39.703849], [-73.210434, -39.705033], [-73.211385, -39.705896], [-73.218673, -39.720202], [-73.219929, -39.721423], [-73.223359, -39.721938], [-73.234524, -39.721534], [-73.243331, -39.723954], [-73.247721, -39.726518], [-73.253047, -39.731193], [-73.258697, -39.739119], [-73.261476, -39.747011], [-73.261173, -39.753372], [-73.260802, -39.755452], [-73.254015, -39.769374], [-73.252837, -39.775345], [-73.254448, -39.778015], [-73.259144, -39.781606], [-73.271225, -39.783611], [-73.274611, -39.785779], [-73.27606, -39.788887], [-73.278053, -39.801971], [-73.276358, -39.812666], [-73.27259, -39.818537], [-73.26532, -39.825895], [-73.262765, -39.833015]], [[-72.787118, -39.453172], [-72.790073, -39.45422], [-72.793673, -39.456572], [-72.797964, -39.456914], [-72.799158, -39.456474], [-72.799053, -39.453791], [-72.800131, -39.45271], [-72.80116, -39.453045], [-72.80101, -39.455481], [-72.803778, -39.455945], [-72.80442, -39.451522]], [[-72.789751, -39.432634], [-72.790432, -39.433923], [-72.792149, -39.43459], [-72.793836, -39.438471], [-72.793948, -39.440519], [-72.791794, -39.446219], [-72.794551, -39.450212], [-72.790539, -39.45215], [-72.787299, -39.452366], [-72.787118, -39.453172]], [[-72.717267, -39.424509], [-72.723001, -39.424726], [-72.723784, -39.425646], [-72.725501, -39.426166], [-72.731214, -39.432182], [-72.736021, -39.433193], [-72.737426, -39.435381], [-72.73999, -39.43541], [-72.740323, -39.436466], [-72.735897, -39.436251], [-72.735366, -39.437792], [-72.736165, -39.43969], [-72.740218, -39.441732], [-72.745945, -39.439918], [-72.747731, -39.438337], [-72.750368, -39.437225], [-72.751323, -39.435211], [-72.753273, -39.435893], [-72.75438, -39.438505], [-72.755032, -39.438675], [-72.762797, -39.434465], [-72.764892, -39.431602], [-72.768135, -39.432661], [-72.77134, -39.432516], [-72.771874, -39.431594], [-72.771657, -39.429618], [-72.772745, -39.42772], [-72.776415, -39.431387], [-72.786425, -39.431084], [-72.788651, -39.431644], [-72.789751, -39.432634]], [[-72.538453, -39.379373], [-72.540043, -39.380304], [-72.542211, -39.379906], [-72.543755, -39.378374], [-72.542231, -39.37703], [-72.547123, -39.37698], [-72.549699, -39.377883], [-72.55427, -39.381399], [-72.555508, -39.381267], [-72.556291, -39.380645], [-72.556656, -39.378796], [-72.558604, -39.378015], [-72.558819, -39.377302], [-72.557536, -39.375831], [-72.560084, -39.374777], [-72.56304, -39.372331], [-72.574455, -39.37513], [-72.576853, -39.376527], [-72.577169, -39.377543], [-72.576665, -39.378572], [-72.579342, -39.379127], [-72.581842, -39.378551], [-72.582577, -39.377448], [-72.589315, -39.378932], [-72.595907, -39.37831], [-72.597211, -39.377622], [-72.597722, -39.37488], [-72.599115, -39.375106], [-72.600982, -39.373547], [-72.603215, -39.373056], [-72.604717, -39.3742], [-72.602829, -39.376523], [-72.603, -39.37833], [-72.607119, -39.378241], [-72.620552, -39.372402], [-72.623621, -39.371994], [-72.628492, -39.372724], [-72.629093, -39.373354], [-72.628621, -39.376489], [-72.629199, -39.377446], [-72.638364, -39.377255], [-72.640145, -39.378764], [-72.643275, -39.377952], [-72.646687, -39.379541], [-72.648693, -39.378118], [-72.65454, -39.378841], [-72.656786, -39.378395], [-72.657655, -39.378798], [-72.658752, -39.381294], [-72.660895, -39.383773], [-72.663483, -39.38516], [-72.663799, -39.388722], [-72.666514, -39.39203], [-72.665538, -39.392988], [-72.663354, -39.39329], [-72.663193, -39.394584], [-72.675027, -39.396316], [-72.678031, -39.40028], [-72.678316, -39.403749], [-72.679136, -39.404914], [-72.683612, -39.40198], [-72.685815, -39.405478], [-72.687349, -39.406174], [-72.688401, -39.40602], [-72.688808, -39.404379], [-72.689957, -39.404106], [-72.690568, -39.40445], [-72.690938, -39.406261], [-72.693358, -39.405511], [-72.695262, -39.40573], [-72.697306, -39.406775], [-72.697815, -39.408466], [-72.700514, -39.408263], [-72.701501, -39.406597], [-72.70251, -39.406597], [-72.704199, -39.408491], [-72.704918, -39.411454], [-72.704338, -39.412308], [-72.702053, -39.412055], [-72.699843, -39.414861], [-72.699978, -39.415773], [-72.703754, -39.418475], [-72.704435, -39.417977], [-72.703818, -39.415814], [-72.704344, -39.41346], [-72.706318, -39.412963], [-72.708592, -39.414053], [-72.711843, -39.414442], [-72.712154, -39.415321], [-72.710041, -39.416834], [-72.710094, -39.419863], [-72.712659, -39.421736], [-72.715736, -39.422831], [-72.717267, -39.424509]], [[-72.514457, -39.377584], [-72.516334, -39.376276], [-72.517448, -39.377875], [-72.521647, -39.379781], [-72.526419, -39.379522], [-72.527958, -39.378502], [-72.529025, -39.379858], [-72.532477, -39.381304], [-72.538453, -39.379373]]]}}, {"type": "Feature", "properties": {"id": "rio-bueno", "name": "Río Bueno", "type": "river", "region": "los-rios", "season": "2026-2027", "opens": "2026-10-09", "closes": "2027-05-30", "cat": "oct", "rule_level": "region", "phases": [{"s": "2026-10-09", "e": "2027-05-30", "mode": "retention", "label": "Pesca con retención: 3 ejemplares o hasta 15 kilos"}], "veda": [], "gear": ["Pesca con caña y señuelo artificial con un anzuelo simple o triple (\"araña\"). Plomada máx. 100 g. Una caña a la vez. Chinguillo máx. 100 cm / 70 cm diámetro."], "prohibitions": ["Prohibida toda pesca recreativa entre 22:00 y 06:00 en todos los cursos y cuerpos de agua de la región."], "sources": [{"doc": "Resolución Exenta N° 04, de 02 de septiembre de 2024, DZ Pesca y Acuicultura regiones de La Araucanía y Los Ríos", "url": null}]}, "geometry": {"type": "MultiPolygon", "coordinates": [[[[-73.095979, -40.325933], [-73.100132, -40.328063], [-73.103221, -40.332283], [-73.103479, -40.334031], [-73.105818, -40.33547], [-73.105775, -40.337416], [-73.106419, -40.336911], [-73.106247, -40.335814], [-73.120345, -40.338332], [-73.126413, -40.337523], [-73.130581, -40.338574], [-73.133161, -40.341044], [-73.133537, -40.342168], [-73.133172, -40.343014], [-73.130849, -40.34355], [-73.127877, -40.346146], [-73.127513, -40.347381], [-73.129036, -40.349074], [-73.128033, -40.350526], [-73.130671, -40.351266], [-73.135361, -40.349967], [-73.137936, -40.350453], [-73.138266, -40.352187], [-73.143563, -40.355787], [-73.14454, -40.357354], [-73.145066, -40.360626], [-73.150184, -40.361211], [-73.158961, -40.360459], [-73.1633, -40.358842], [-73.176343, -40.350004], [-73.176825, -40.348404], [-73.177795, -40.348077], [-73.180626, -40.348015], [-73.184421, -40.349158], [-73.193958, -40.350513], [-73.196035, -40.351558], [-73.199407, -40.354646], [-73.202629, -40.35548], [-73.20797, -40.354563], [-73.213901, -40.352381], [-73.219663, -40.351481], [-73.232913, -40.354458], [-73.254167, -40.351645], [-73.269815, -40.352804], [-73.275292, -40.352119], [-73.281547, -40.349584], [-73.285441, -40.346428], [-73.289593, -40.339388], [-73.294577, -40.336344], [-73.309076, -40.334979], [-73.326821, -40.337138], [-73.338419, -40.335413], [-73.342871, -40.335396], [-73.351519, -40.337662], [-73.360091, -40.342634], [-73.364232, -40.343674], [-73.366432, -40.343043], [-73.372665, -40.339502], [-73.376044, -40.338702], [-73.376463, -40.336475], [-73.372997, -40.337344], [-73.366924, -40.340771], [-73.363834, -40.340975], [-73.358857, -40.339592], [-73.355219, -40.336886], [-73.350875, -40.334914], [-73.343192, -40.333043], [-73.325673, -40.335014], [-73.314311, -40.334235], [-73.31002, -40.333254], [-73.293044, -40.335266], [-73.286739, -40.339568], [-73.271992, -40.338748], [-73.261371, -40.340686], [-73.257997, -40.34252], [-73.255325, -40.343002], [-73.245761, -40.342935], [-73.237419, -40.339118], [-73.234404, -40.339371], [-73.231148, -40.338413], [-73.218059, -40.338151], [-73.217029, -40.338535], [-73.215822, -40.340255], [-73.21521, -40.343198], [-73.205163, -40.348643], [-73.203816, -40.350854], [-73.202024, -40.350441], [-73.202533, -40.347615], [-73.20021, -40.34569], [-73.198428, -40.345132], [-73.19719, -40.346237], [-73.198079, -40.34909], [-73.19752, -40.35035], [-73.193774, -40.349052], [-73.178215, -40.346543], [-73.176378, -40.347328], [-73.175617, -40.348582], [-73.166241, -40.35584], [-73.162596, -40.357868], [-73.151144, -40.360127], [-73.147308, -40.36023], [-73.145952, -40.358474], [-73.145688, -40.353823], [-73.146637, -40.352358], [-73.146418, -40.351146], [-73.143965, -40.350221], [-73.135821, -40.349286], [-73.129824, -40.347683], [-73.129938, -40.346551], [-73.132915, -40.343534], [-73.134658, -40.342949], [-73.134873, -40.341739], [-73.134095, -40.340152], [-73.131424, -40.337657], [-73.126798, -40.335834], [-73.122518, -40.337117], [-73.116849, -40.334733], [-73.115888, -40.335124], [-73.117209, -40.335288], [-73.112044, -40.336012], [-73.109585, -40.33548], [-73.108534, -40.334434], [-73.106605, -40.334056], [-73.103936, -40.329978], [-73.101242, -40.328187], [-73.0986, -40.324996], [-73.09128, -40.323595], [-73.087867, -40.323577], [-73.075344, -40.319658], [-73.060624, -40.319159], [-73.054969, -40.321516], [-73.052091, -40.323447], [-73.042426, -40.326812], [-73.034911, -40.327062], [-73.024064, -40.325376], [-73.007434, -40.326923], [-73.005116, -40.325069], [-73.005203, -40.32568], [-72.997005, -40.326606], [-72.982536, -40.330761], [-72.973951, -40.330564], [-72.955686, -40.327808], [-72.949076, -40.327761], [-72.940429, -40.325216], [-72.936258, -40.323229], [-72.933807, -40.323875], [-72.931682, -40.325343], [-72.926758, -40.332458], [-72.919163, -40.335362], [-72.912002, -40.33611], [-72.905506, -40.333046], [-72.896196, -40.32993], [-72.893395, -40.330145], [-72.890331, -40.329123], [-72.888393, -40.326345], [-72.889925, -40.324896], [-72.889606, -40.32252], [-72.891164, -40.320239], [-72.88521, -40.31644], [-72.871234, -40.312761], [-72.86578, -40.310777], [-72.863943, -40.308803], [-72.861085, -40.308996], [-72.859347, -40.311552], [-72.857662, -40.310886], [-72.856725, -40.31125], [-72.858354, -40.312279], [-72.859607, -40.312177], [-72.861795, -40.309554], [-72.862858, -40.309314], [-72.865667, -40.311363], [-72.87305, -40.314051], [-72.88467, -40.316848], [-72.889762, -40.320547], [-72.888378, -40.322056], [-72.889127, -40.324034], [-72.887767, -40.326576], [-72.8889, -40.328608], [-72.890519, -40.329771], [-72.90008, -40.331832], [-72.911332, -40.336669], [-72.913989, -40.33699], [-72.920726, -40.33572], [-72.92783, -40.332741], [-72.929792, -40.330543], [-72.932796, -40.325342], [-72.935434, -40.324129], [-72.949356, -40.328511], [-72.955802, -40.328468], [-72.970388, -40.330784], [-72.973135, -40.331885], [-72.983802, -40.331452], [-72.997347, -40.327602], [-73.004001, -40.326897], [-73.00831, -40.327872], [-73.022423, -40.326555], [-73.030126, -40.327299], [-73.032754, -40.328398], [-73.041638, -40.328363], [-73.052871, -40.324486], [-73.058289, -40.321255], [-73.064683, -40.319701], [-73.077461, -40.321402], [-73.079725, -40.322433], [-73.081087, -40.32461], [-73.083684, -40.325606], [-73.091623, -40.324864], [-73.095979, -40.325933]], [[-73.120495, -40.337547], [-73.118671, -40.337744], [-73.116053, -40.336664], [-73.119014, -40.336157], [-73.120881, -40.337155], [-73.120495, -40.337547]], [[-73.099348, -40.327152], [-73.09717, -40.325672], [-73.098801, -40.32622], [-73.099348, -40.327152]], [[-73.087257, -40.324281], [-73.087847, -40.324633], [-73.08701, -40.325296], [-73.084993, -40.325574], [-73.082611, -40.325066], [-73.080637, -40.323586], [-73.083201, -40.323357], [-73.087257, -40.324281]], [[-73.03917, -40.327684], [-73.034771, -40.32797], [-73.032851, -40.327021], [-73.039889, -40.327348], [-73.03917, -40.327684]], [[-73.134114, -40.349884], [-73.13067, -40.349018], [-73.129538, -40.350174], [-73.131475, -40.350751], [-73.134114, -40.349884]], [[-73.142269, -40.352783], [-73.142042, -40.351589], [-73.145413, -40.352677], [-73.145942, -40.351951], [-73.141059, -40.350274], [-73.139653, -40.350379], [-73.141407, -40.353085], [-73.142269, -40.352783]], [[-73.222386, -40.339131], [-73.219655, -40.338688], [-73.217627, -40.339088], [-73.215476, -40.343907], [-73.205477, -40.349222], [-73.204343, -40.351381], [-73.20168, -40.351359], [-73.20108, -40.350522], [-73.201648, -40.348344], [-73.199538, -40.346391], [-73.198684, -40.347277], [-73.198678, -40.350767], [-73.196694, -40.351042], [-73.199168, -40.353074], [-73.204179, -40.354863], [-73.211566, -40.351975], [-73.219392, -40.350522], [-73.233501, -40.353506], [-73.253156, -40.350791], [-73.26323, -40.351715], [-73.271309, -40.351609], [-73.276958, -40.350438], [-73.280847, -40.348723], [-73.283733, -40.346303], [-73.287048, -40.340513], [-73.27184, -40.339416], [-73.261562, -40.34137], [-73.257507, -40.343521], [-73.247073, -40.343849], [-73.243725, -40.343212], [-73.237347, -40.339955], [-73.233951, -40.340096], [-73.230808, -40.33918], [-73.222386, -40.339131]]]]}}, {"type": "Feature", "properties": {"id": "rio-bueno", "name": "Río Bueno", "type": "river", "region": "los-rios", "season": "2026-2027", "opens": "2026-10-09", "closes": "2027-05-30", "cat": "oct", "rule_level": "region", "phases": [{"s": "2026-10-09", "e": "2027-05-30", "mode": "retention", "label": "Pesca con retención: 3 ejemplares o hasta 15 kilos"}], "veda": [], "gear": ["Pesca con caña y señuelo artificial con un anzuelo simple o triple (\"araña\"). Plomada máx. 100 g. Una caña a la vez. Chinguillo máx. 100 cm / 70 cm diámetro."], "prohibitions": ["Prohibida toda pesca recreativa entre 22:00 y 06:00 en todos los cursos y cuerpos de agua de la región."], "sources": [{"doc": "Resolución Exenta N° 04, de 02 de septiembre de 2024, DZ Pesca y Acuicultura regiones de La Araucanía y Los Ríos", "url": null}]}, "geometry": {"type": "MultiLineString", "coordinates": [[[-72.563214, -40.277617], [-72.5658, -40.277294], [-72.570061, -40.278107], [-72.571947, -40.277303], [-72.573616, -40.274351], [-72.573717, -40.27304], [-72.57752, -40.271844], [-72.58284, -40.267333], [-72.586983, -40.265005], [-72.587674, -40.263967], [-72.585597, -40.260529], [-72.586338, -40.259179], [-72.592103, -40.258499], [-72.595308, -40.25665], [-72.597226, -40.25636], [-72.604261, -40.257475], [-72.604834, -40.257998], [-72.604722, -40.260186], [-72.60607, -40.260551], [-72.614383, -40.253126], [-72.616915, -40.24949], [-72.617607, -40.24973], [-72.617791, -40.25231], [-72.619611, -40.255057], [-72.621107, -40.2552], [-72.623808, -40.253939], [-72.628536, -40.255277], [-72.630863, -40.25475], [-72.632471, -40.253626], [-72.633755, -40.249097], [-72.638363, -40.248805], [-72.639068, -40.245638], [-72.639915, -40.245015], [-72.645029, -40.245366], [-72.650695, -40.247635], [-72.664079, -40.247453], [-72.67203, -40.249843], [-72.682923, -40.256082], [-72.683873, -40.258335], [-72.680865, -40.263944], [-72.681727, -40.266617], [-72.684273, -40.267449], [-72.690798, -40.267089], [-72.692508, -40.267564], [-72.693236, -40.272434], [-72.694117, -40.273101], [-72.695367, -40.273079], [-72.701368, -40.267265], [-72.709048, -40.264171], [-72.712979, -40.263261], [-72.71799, -40.264116], [-72.719353, -40.264613], [-72.72153, -40.266944], [-72.724861, -40.267126], [-72.731809, -40.270098], [-72.735785, -40.274459], [-72.737501, -40.275111], [-72.743624, -40.275014], [-72.750135, -40.272986], [-72.751841, -40.273412], [-72.752358, -40.274253], [-72.75209, -40.275761], [-72.753733, -40.277349], [-72.753288, -40.280502], [-72.753816, -40.284155], [-72.755346, -40.28535], [-72.756615, -40.285348], [-72.76144, -40.282324], [-72.764108, -40.281641], [-72.776005, -40.282891], [-72.77988, -40.282059], [-72.78523, -40.278131], [-72.788505, -40.273943], [-72.791209, -40.271582], [-72.79369, -40.272085], [-72.794523, -40.272963], [-72.800689, -40.27229], [-72.803586, -40.274025], [-72.803714, -40.277267], [-72.807147, -40.281212], [-72.811697, -40.284404], [-72.822533, -40.286155], [-72.829936, -40.285337], [-72.833026, -40.28897], [-72.834055, -40.291884], [-72.832746, -40.295419], [-72.832832, -40.297056], [-72.834592, -40.297187], [-72.838025, -40.29501], [-72.839377, -40.294879], [-72.841716, -40.295485], [-72.84338, -40.297339], [-72.847806, -40.295485], [-72.855942, -40.298218], [-72.856529, -40.299971], [-72.855855, -40.301054], [-72.85162, -40.30233], [-72.849142, -40.304498], [-72.849914, -40.305995], [-72.85647, -40.310994], [-72.859629, -40.311837], [-72.861137, -40.309522], [-72.86251, -40.308834], [-72.864103, -40.309268], [-72.865568, -40.310814], [-72.874015, -40.314068], [-72.884364, -40.316419], [-72.890444, -40.320858], [-72.889263, -40.322462], [-72.889239, -40.325111], [-72.888182, -40.326169], [-72.889195, -40.328347], [-72.890802, -40.32971], [-72.897382, -40.33074], [-72.912575, -40.336483], [-72.916362, -40.336348], [-72.921319, -40.335228], [-72.926452, -40.333057], [-72.928571, -40.331425], [-72.932262, -40.325552], [-72.934086, -40.324231], [-72.935964, -40.323851], [-72.948967, -40.327986], [-72.956166, -40.328088], [-72.975016, -40.331192], [-72.980279, -40.3312], [-72.983809, -40.330938], [-72.996608, -40.327311], [-73.003131, -40.326342], [-73.0079, -40.327286], [-73.027416, -40.326084], [-73.035506, -40.328309], [-73.040473, -40.327949], [-73.052457, -40.323974], [-73.059603, -40.320219], [-73.067306, -40.319507], [-73.07634, -40.320735], [-73.082552, -40.322788], [-73.096542, -40.325454], [-73.100791, -40.328325], [-73.106488, -40.334876], [-73.108505, -40.335776], [-73.112313, -40.336463], [-73.118515, -40.335956], [-73.12271, -40.337477], [-73.127312, -40.336847], [-73.129383, -40.33742], [-73.132269, -40.339268], [-73.133954, -40.341361], [-73.133471, -40.343103], [-73.129008, -40.346595], [-73.129179, -40.348042], [-73.130121, -40.348645]], [[-73.442788, -40.305696], [-73.447182, -40.304318], [-73.448796, -40.302154], [-73.448947, -40.299822], [-73.446361, -40.294208], [-73.446098, -40.291532], [-73.447139, -40.289412], [-73.45187, -40.285427], [-73.453013, -40.283438], [-73.455309, -40.276014], [-73.453656, -40.273427], [-73.453517, -40.271971], [-73.454107, -40.270522], [-73.455266, -40.269867], [-73.45959, -40.270964], [-73.463591, -40.276677], [-73.46681, -40.279043], [-73.469803, -40.278953], [-73.479255, -40.275924], [-73.489287, -40.276669], [-73.494769, -40.27901], [-73.506035, -40.287006], [-73.513437, -40.288823], [-73.538393, -40.288897], [-73.546493, -40.291098], [-73.550752, -40.291205], [-73.559529, -40.28848], [-73.569699, -40.283078], [-73.572114, -40.282595], [-73.576266, -40.283012], [-73.580353, -40.284428], [-73.582241, -40.285942], [-73.591157, -40.299502], [-73.594655, -40.301188], [-73.597648, -40.301327], [-73.601435, -40.300173], [-73.612218, -40.294282], [-73.623784, -40.290157], [-73.640059, -40.287219], [-73.652258, -40.285885], [-73.671688, -40.276833], [-73.678544, -40.270374], [-73.682642, -40.262482], [-73.683715, -40.256186], [-73.683366, -40.25251], [-73.682213, -40.249627], [-73.679391, -40.246065], [-73.678903, -40.244321], [-73.679799, -40.241782], [-73.683157, -40.239399], [-73.68968, -40.237384], [-73.697534, -40.237409], [-73.702024, -40.238777], [-73.708606, -40.243142], [-73.71339, -40.244557]], [[-73.130121, -40.348645], [-73.138342, -40.350013], [-73.141024, -40.353103], [-73.144532, -40.355139], [-73.146292, -40.360265], [-73.151163, -40.360658], [-73.15952, -40.359554], [-73.162664, -40.358393], [-73.166076, -40.356668], [-73.176729, -40.348042], [-73.179036, -40.347568], [-73.194604, -40.349996], [-73.200268, -40.354232], [-73.202951, -40.355074], [-73.205697, -40.354796], [-73.211265, -40.352547], [-73.218304, -40.351149], [-73.233227, -40.353847], [-73.253537, -40.351304], [-73.265478, -40.35231], [-73.273632, -40.351926], [-73.278868, -40.350266], [-73.283256, -40.347625], [-73.288599, -40.339644], [-73.29244, -40.336553], [-73.294757, -40.335751], [-73.303834, -40.334639], [-73.309971, -40.334377], [-73.328468, -40.335887], [-73.343917, -40.334246], [-73.34941, -40.335277], [-73.362735, -40.342081], [-73.367198, -40.341525], [-73.374279, -40.338123], [-73.377234, -40.337483], [-73.385137, -40.332873], [-73.39033, -40.33266], [-73.403161, -40.337191], [-73.407238, -40.337142], [-73.408783, -40.335948], [-73.411551, -40.331564], [-73.413504, -40.322518], [-73.414598, -40.320783], [-73.42728, -40.308185], [-73.430456, -40.305632], [-73.431829, -40.305289], [-73.442788, -40.305696]], [[-72.563214, -40.277617], [-72.5658, -40.277294], [-72.570061, -40.278107], [-72.571947, -40.277303], [-72.573616, -40.274351], [-72.573717, -40.27304], [-72.57752, -40.271844], [-72.58284, -40.267333], [-72.586983, -40.265005], [-72.587674, -40.263967], [-72.585597, -40.260529], [-72.586338, -40.259179], [-72.592103, -40.258499], [-72.595308, -40.25665], [-72.597226, -40.25636], [-72.604261, -40.257475], [-72.604834, -40.257998], [-72.604722, -40.260186], [-72.60607, -40.260551], [-72.614383, -40.253126], [-72.616915, -40.24949], [-72.617607, -40.24973], [-72.617791, -40.25231], [-72.619611, -40.255057], [-72.621107, -40.2552], [-72.623808, -40.253939], [-72.628536, -40.255277], [-72.630863, -40.25475], [-72.632471, -40.253626], [-72.633755, -40.249097], [-72.638363, -40.248805], [-72.639068, -40.245638], [-72.639915, -40.245015], [-72.645029, -40.245366], [-72.650695, -40.247635], [-72.664079, -40.247453], [-72.67203, -40.249843], [-72.682923, -40.256082], [-72.683873, -40.258335], [-72.680865, -40.263944], [-72.681727, -40.266617], [-72.684273, -40.267449], [-72.690798, -40.267089], [-72.692508, -40.267564], [-72.693236, -40.272434], [-72.694117, -40.273101], [-72.695367, -40.273079], [-72.701368, -40.267265], [-72.709048, -40.264171], [-72.712979, -40.263261], [-72.71799, -40.264116], [-72.719353, -40.264613], [-72.72153, -40.266944], [-72.724861, -40.267126], [-72.731809, -40.270098], [-72.735785, -40.274459], [-72.737501, -40.275111], [-72.743624, -40.275014], [-72.750135, -40.272986], [-72.751841, -40.273412], [-72.752358, -40.274253], [-72.75209, -40.275761], [-72.753733, -40.277349], [-72.753288, -40.280502], [-72.753816, -40.284155], [-72.755346, -40.28535], [-72.756615, -40.285348], [-72.76144, -40.282324], [-72.764108, -40.281641], [-72.776005, -40.282891], [-72.77988, -40.282059], [-72.78523, -40.278131], [-72.788505, -40.273943], [-72.791209, -40.271582], [-72.79369, -40.272085], [-72.794523, -40.272963], [-72.800689, -40.27229], [-72.803586, -40.274025], [-72.803714, -40.277267], [-72.807147, -40.281212], [-72.811697, -40.284404], [-72.822533, -40.286155], [-72.829936, -40.285337], [-72.833026, -40.28897], [-72.834055, -40.291884], [-72.832746, -40.295419], [-72.832832, -40.297056], [-72.834592, -40.297187], [-72.838025, -40.29501], [-72.839377, -40.294879], [-72.841716, -40.295485], [-72.84338, -40.297339], [-72.847806, -40.295485], [-72.855942, -40.298218], [-72.856529, -40.299971], [-72.855855, -40.301054], [-72.85162, -40.30233], [-72.849142, -40.304498], [-72.849914, -40.305995], [-72.85647, -40.310994], [-72.859629, -40.311837], [-72.861137, -40.309522], [-72.86251, -40.308834], [-72.864103, -40.309268], [-72.865568, -40.310814], [-72.874015, -40.314068], [-72.884364, -40.316419], [-72.890444, -40.320858], [-72.889263, -40.322462], [-72.889239, -40.325111], [-72.888182, -40.326169], [-72.889195, -40.328347], [-72.890802, -40.32971], [-72.897382, -40.33074], [-72.912575, -40.336483], [-72.916362, -40.336348], [-72.921319, -40.335228], [-72.926452, -40.333057], [-72.928571, -40.331425], [-72.932262, -40.325552], [-72.934086, -40.324231], [-72.935964, -40.323851], [-72.948967, -40.327986], [-72.956166, -40.328088], [-72.975016, -40.331192], [-72.980279, -40.3312], [-72.983809, -40.330938], [-72.996608, -40.327311], [-73.003131, -40.326342], [-73.0079, -40.327286], [-73.027416, -40.326084], [-73.035506, -40.328309], [-73.040473, -40.327949], [-73.052457, -40.323974], [-73.059603, -40.320219], [-73.067306, -40.319507], [-73.07634, -40.320735], [-73.082552, -40.322788], [-73.096542, -40.325454], [-73.100791, -40.328325], [-73.106488, -40.334876], [-73.108505, -40.335776], [-73.112313, -40.336463], [-73.118515, -40.335956], [-73.12271, -40.337477], [-73.127312, -40.336847], [-73.129383, -40.33742], [-73.132269, -40.339268], [-73.133954, -40.341361], [-73.133471, -40.343103], [-73.129008, -40.346595], [-73.129179, -40.348042], [-73.130121, -40.348645]], [[-73.130121, -40.348645], [-73.138342, -40.350013], [-73.141024, -40.353103], [-73.144532, -40.355139], [-73.146292, -40.360265], [-73.151163, -40.360658], [-73.15952, -40.359554], [-73.162664, -40.358393], [-73.166076, -40.356668], [-73.176729, -40.348042], [-73.179036, -40.347568], [-73.194604, -40.349996], [-73.200268, -40.354232], [-73.202951, -40.355074], [-73.205697, -40.354796], [-73.211265, -40.352547], [-73.218304, -40.351149], [-73.233227, -40.353847], [-73.253537, -40.351304], [-73.265478, -40.35231], [-73.273632, -40.351926], [-73.278868, -40.350266], [-73.283256, -40.347625], [-73.288599, -40.339644], [-73.29244, -40.336553], [-73.294757, -40.335751], [-73.303834, -40.334639], [-73.309971, -40.334377], [-73.328468, -40.335887], [-73.343917, -40.334246], [-73.34941, -40.335277], [-73.362735, -40.342081], [-73.367198, -40.341525], [-73.374279, -40.338123], [-73.377234, -40.337483], [-73.385137, -40.332873], [-73.39033, -40.33266], [-73.403161, -40.337191], [-73.407238, -40.337142], [-73.408783, -40.335948], [-73.411551, -40.331564], [-73.413504, -40.322518], [-73.414598, -40.320783], [-73.42728, -40.308185], [-73.430456, -40.305632], [-73.431829, -40.305289], [-73.442788, -40.305696]], [[-73.442788, -40.305696], [-73.447182, -40.304318], [-73.448796, -40.302154], [-73.448947, -40.299822], [-73.446361, -40.294208], [-73.446098, -40.291532], [-73.447139, -40.289412], [-73.45187, -40.285427], [-73.453013, -40.283438], [-73.455309, -40.276014], [-73.453656, -40.273427], [-73.453517, -40.271971], [-73.454107, -40.270522], [-73.455266, -40.269867], [-73.45959, -40.270964], [-73.463591, -40.276677], [-73.46681, -40.279043], [-73.469803, -40.278953], [-73.479255, -40.275924], [-73.489287, -40.276669], [-73.494769, -40.27901], [-73.506035, -40.287006], [-73.513437, -40.288823], [-73.538393, -40.288897], [-73.546493, -40.291098], [-73.550752, -40.291205], [-73.559529, -40.28848], [-73.569699, -40.283078], [-73.572114, -40.282595], [-73.576266, -40.283012], [-73.580353, -40.284428], [-73.582241, -40.285942], [-73.591157, -40.299502], [-73.594655, -40.301188], [-73.597648, -40.301327], [-73.601435, -40.300173], [-73.612218, -40.294282], [-73.623784, -40.290157], [-73.640059, -40.287219], [-73.652258, -40.285885], [-73.671688, -40.276833], [-73.678544, -40.270374], [-73.682642, -40.262482], [-73.683715, -40.256186], [-73.683366, -40.25251], [-73.682213, -40.249627], [-73.679391, -40.246065], [-73.678903, -40.244321], [-73.679799, -40.241782], [-73.683157, -40.239399], [-73.68968, -40.237384], [-73.697534, -40.237409], [-73.702024, -40.238777], [-73.708606, -40.243142], [-73.71339, -40.244557]], [[-71.051341, -36.520293], [-71.053919, -36.521393], [-71.056046, -36.524314]], [[-71.056046, -36.524314], [-71.055284, -36.528485], [-71.052924, -36.533996], [-71.053002, -36.53553], [-71.050789, -36.538543], [-71.051052, -36.547012], [-71.053104, -36.548087], [-71.054179, -36.54796], [-71.057516, -36.55016], [-71.061118, -36.550806], [-71.061923, -36.551784], [-71.063964, -36.552088], [-71.068003, -36.557141], [-71.070339, -36.558511], [-71.071648, -36.564289], [-71.071139, -36.56771], [-71.074443, -36.572217], [-71.073939, -36.573003], [-71.074529, -36.5754], [-71.076975, -36.578547], [-71.079038, -36.579637], [-71.082219, -36.579807], [-71.087894, -36.58181], [-71.093355, -36.581121], [-71.095635, -36.579633], [-71.097467, -36.579635], [-71.099331, -36.578685]]]}}, {"type": "Feature", "properties": {"id": "rio-fuy", "name": "Río Fuy", "type": "river", "region": "los-rios", "season": "2026-2027", "opens": "2026-10-09", "closes": "2027-05-30", "cat": "oct", "rule_level": "region", "phases": [{"s": "2026-10-09", "e": "2027-05-30", "mode": "retention", "label": "Pesca con retención: 3 ejemplares o hasta 15 kilos"}], "veda": [], "gear": ["Pesca con caña y señuelo artificial con un anzuelo simple o triple (\"araña\"). Plomada máx. 100 g. Una caña a la vez. Chinguillo máx. 100 cm / 70 cm diámetro."], "prohibitions": ["Prohibida toda pesca recreativa entre 22:00 y 06:00 en todos los cursos y cuerpos de agua de la región."], "sources": [{"doc": "Resolución Exenta N° 04, de 02 de septiembre de 2024, DZ Pesca y Acuicultura regiones de La Araucanía y Los Ríos", "url": null}]}, "geometry": {"type": "MultiLineString", "coordinates": [[[-71.920502, -39.856394], [-71.921541, -39.855012], [-71.920774, -39.853484], [-71.922973, -39.852533], [-71.925012, -39.852348], [-71.931421, -39.853441], [-71.934792, -39.851857], [-71.937662, -39.851335], [-71.943369, -39.852076], [-71.945689, -39.851724], [-71.953142, -39.853349], [-71.961994, -39.852657], [-71.962399, -39.85415], [-71.966137, -39.853697], [-71.967283, -39.851966], [-71.970885, -39.849261], [-71.969678, -39.847266], [-71.969225, -39.844963], [-71.97225, -39.843362], [-71.974971, -39.840756], [-71.974523, -39.839075], [-71.975458, -39.837518], [-71.976907, -39.837076], [-71.978324, -39.837995], [-71.979951, -39.83733], [-71.980588, -39.831866], [-71.983623, -39.829912], [-71.984894, -39.826957], [-71.987051, -39.825835], [-71.989661, -39.826502], [-71.99247, -39.825497], [-71.994689, -39.825565], [-71.999101, -39.822373], [-72.000787, -39.82208], [-72.004075, -39.822354], [-72.008715, -39.821415], [-72.012644, -39.822226]], [[-71.919624, -39.861773], [-71.918808, -39.860686], [-71.918982, -39.859797]], [[-71.919836, -39.876611], [-71.919248, -39.875518], [-71.919627, -39.873855]], [[-71.889986, -39.874549], [-71.89298, -39.874916], [-71.897553, -39.874455], [-71.900992, -39.875984], [-71.901307, -39.877086], [-71.904204, -39.879942], [-71.908955, -39.881357], [-71.912246, -39.881757], [-71.917946, -39.880817], [-71.920321, -39.878244], [-71.918521, -39.869252], [-71.919799, -39.860754], [-71.918875, -39.858636], [-71.920502, -39.856394]], [[-71.928904, -39.852978], [-71.934411, -39.851997]], [[-71.889986, -39.874549], [-71.89298, -39.874916], [-71.897553, -39.874455], [-71.900992, -39.875984], [-71.901307, -39.877086], [-71.904204, -39.879942], [-71.908955, -39.881357], [-71.912246, -39.881757], [-71.917946, -39.880817], [-71.920321, -39.878244], [-71.918521, -39.869252], [-71.919799, -39.860754], [-71.918875, -39.858636], [-71.920502, -39.856394]], [[-71.920502, -39.856394], [-71.921541, -39.855012], [-71.920774, -39.853484], [-71.922973, -39.852533], [-71.925012, -39.852348], [-71.931421, -39.853441], [-71.934792, -39.851857], [-71.937662, -39.851335], [-71.943369, -39.852076], [-71.945689, -39.851724], [-71.953142, -39.853349], [-71.961994, -39.852657], [-71.962399, -39.85415], [-71.966137, -39.853697], [-71.967283, -39.851966], [-71.970885, -39.849261], [-71.969678, -39.847266], [-71.969225, -39.844963], [-71.97225, -39.843362], [-71.974971, -39.840756], [-71.974523, -39.839075], [-71.975458, -39.837518], [-71.976907, -39.837076], [-71.978324, -39.837995], [-71.979951, -39.83733], [-71.980588, -39.831866], [-71.983623, -39.829912], [-71.984894, -39.826957], [-71.987051, -39.825835], [-71.989661, -39.826502], [-71.99247, -39.825497], [-71.994689, -39.825565], [-71.999101, -39.822373], [-72.000787, -39.82208], [-72.004075, -39.822354], [-72.008715, -39.821415], [-72.012644, -39.822226]]]}}, {"type": "Feature", "properties": {"id": "rio-enco", "name": "Río Enco", "type": "river", "region": "los-rios", "season": "2026-2027", "opens": "2026-10-09", "closes": "2027-05-30", "cat": "oct", "rule_level": "region", "phases": [{"s": "2026-10-09", "e": "2027-05-30", "mode": "retention", "label": "Pesca con retención: 3 ejemplares o hasta 15 kilos"}], "veda": [], "gear": ["Pesca con caña y señuelo artificial con un anzuelo simple o triple (\"araña\"). Plomada máx. 100 g. Una caña a la vez. Chinguillo máx. 100 cm / 70 cm diámetro."], "prohibitions": ["Prohibida toda pesca recreativa entre 22:00 y 06:00 en todos los cursos y cuerpos de agua de la región."], "sources": [{"doc": "Resolución Exenta N° 04, de 02 de septiembre de 2024, DZ Pesca y Acuicultura regiones de La Araucanía y Los Ríos", "url": null}]}, "geometry": {"type": "MultiLineString", "coordinates": [[[-72.128537, -39.855923], [-72.133457, -39.860337], [-72.138274, -39.866711], [-72.139775, -39.870024], [-72.140898, -39.876829], [-72.146378, -39.886685], [-72.147936, -39.887702], [-72.153199, -39.88862], [-72.157144, -39.894823], [-72.163469, -39.899299], [-72.163164, -39.901253], [-72.16043, -39.905335], [-72.160408, -39.910316], [-72.158665, -39.914625], [-72.160682, -39.916144], [-72.163403, -39.91646], [-72.16559, -39.917887]], [[-72.16559, -39.917887], [-72.168653, -39.920401], [-72.177476, -39.918688]], [[-72.128537, -39.855923], [-72.133457, -39.860337], [-72.138274, -39.866711], [-72.139775, -39.870024], [-72.140898, -39.876829], [-72.146378, -39.886685], [-72.147936, -39.887702], [-72.153199, -39.88862], [-72.157144, -39.894823], [-72.163469, -39.899299], [-72.163164, -39.901253], [-72.16043, -39.905335], [-72.160408, -39.910316], [-72.158665, -39.914625], [-72.160682, -39.916144], [-72.163403, -39.91646], [-72.16559, -39.917887]], [[-72.16559, -39.917887], [-72.168653, -39.920401], [-72.177476, -39.918688]]]}}, {"type": "Feature", "properties": {"id": "rio-cholchol-ranco", "name": "Río Cholchol (Lago Ranco)", "type": "river", "region": "los-rios", "season": "2026-2027", "opens": "2026-11-13", "closes": "2027-05-02", "cat": "nov", "rule_level": "waterbody", "phases": [{"s": "2026-11-13", "e": "2027-05-02", "mode": "catch_and_release", "label": "Pesca con devolución obligatoria"}], "veda": [], "gear": ["Pesca con mosca, señuelo simple sin rebarba. Protocolo anti-didymo obligatorio."], "prohibitions": [], "sources": [{"doc": "Resolución Exenta N° 01, de 31 de enero de 2025, DZ La Araucanía y Los Ríos", "url": null}]}, "geometry": {"type": "MultiLineString", "coordinates": [[[-71.903809, -40.484262], [-71.904761, -40.482791], [-71.904219, -40.481297], [-71.905823, -40.477017], [-71.905791, -40.47505], [-71.907271, -40.473214], [-71.908741, -40.472839], [-71.911337, -40.473385], [-71.914556, -40.472618], [-71.917528, -40.47301], [-71.923869, -40.471165], [-71.925757, -40.468513], [-71.927763, -40.467084], [-71.928439, -40.465623], [-71.927785, -40.463387], [-71.926433, -40.462122], [-71.928203, -40.461109], [-71.927366, -40.460358], [-71.929834, -40.460007], [-71.930177, -40.460726], [-71.93154, -40.46066], [-71.934083, -40.461795], [-71.93522, -40.461101], [-71.938385, -40.460995], [-71.942076, -40.459101], [-71.947547, -40.461297], [-71.949028, -40.460856], [-71.95613, -40.462485]], [[-71.95613, -40.462485], [-71.957128, -40.462211], [-71.958147, -40.460595], [-71.960572, -40.46093], [-71.964381, -40.460187], [-71.964327, -40.458309], [-71.965605, -40.457911]]]}}, {"type": "Feature", "properties": {"id": "rio-blanco-ranco", "name": "Río Blanco (Lago Ranco)", "type": "river", "region": "los-rios", "season": "2026-2027", "opens": "2026-11-13", "closes": "2027-05-02", "cat": "nov", "rule_level": "waterbody", "phases": [{"s": "2026-11-13", "e": "2027-05-02", "mode": "catch_and_release", "label": "Pesca con devolución obligatoria"}], "veda": [], "gear": ["Pesca con mosca, señuelo simple sin rebarba. Protocolo anti-didymo obligatorio."], "prohibitions": [], "sources": [{"doc": "Resolución Exenta N° 01, de 31 de enero de 2025, DZ La Araucanía y Los Ríos", "url": null}]}, "geometry": {"type": "MultiPolygon", "coordinates": [[[[-71.957939, -45.902866], [-71.961072, -45.907077], [-71.963689, -45.908417], [-71.962622, -45.910725], [-71.967066, -45.913717], [-71.966983, -45.916605], [-71.969861, -45.919485], [-71.971363, -45.9228], [-71.971315, -45.92534], [-71.974061, -45.926243], [-71.974273, -45.928763], [-71.976288, -45.929724], [-71.980432, -45.933567], [-71.981167, -45.936027], [-71.983712, -45.936507], [-71.982524, -45.938501], [-71.984876, -45.940584], [-71.984179, -45.94224], [-71.985101, -45.942974], [-71.983991, -45.944725], [-71.984192, -45.945521], [-71.985699, -45.947108], [-71.988803, -45.947603], [-71.990887, -45.949132], [-71.990324, -45.950971], [-71.987808, -45.953141], [-71.987009, -45.955409], [-71.987164, -45.956986], [-71.985764, -45.958527], [-71.986579, -45.960033], [-71.98608, -45.962625], [-71.988586, -45.96365], [-71.988934, -45.965071], [-71.987148, -45.966704], [-71.98666, -45.968326], [-71.984932, -45.9694], [-71.985396, -45.970218], [-71.984082, -45.970021], [-71.982081, -45.968542], [-71.980424, -45.969517], [-71.976207, -45.969715], [-71.971285, -45.973939], [-71.967418, -45.975382], [-71.965299, -45.975043], [-71.963276, -45.976799], [-71.959956, -45.978174], [-71.958738, -45.979738], [-71.955769, -45.9799], [-71.953535, -45.979069], [-71.950919, -45.981501], [-71.947902, -45.982312], [-71.944077, -45.981623], [-71.936969, -45.978808], [-71.935558, -45.978875], [-71.93386, -45.977736], [-71.930446, -45.978104], [-71.925747, -45.977065], [-71.919714, -45.981794], [-71.911309, -45.985617], [-71.904962, -45.994098], [-71.911789, -45.985425], [-71.919704, -45.981943], [-71.923928, -45.97818], [-71.925768, -45.977278], [-71.93076, -45.978217], [-71.933262, -45.977788], [-71.935054, -45.978937], [-71.937197, -45.97903], [-71.943967, -45.981736], [-71.947966, -45.982512], [-71.951078, -45.981604], [-71.953419, -45.979274], [-71.955458, -45.979984], [-71.958604, -45.979953], [-71.960323, -45.978189], [-71.963426, -45.976981], [-71.965433, -45.97514], [-71.967321, -45.975541], [-71.97146, -45.974029], [-71.976344, -45.969862], [-71.980383, -45.96962], [-71.982049, -45.96869], [-71.984619, -45.970388], [-71.985911, -45.970258], [-71.985354, -45.96942], [-71.986735, -45.968522], [-71.987231, -45.967111], [-71.989296, -45.965162], [-71.988805, -45.963553], [-71.987, -45.963162], [-71.98618, -45.962243], [-71.986869, -45.959946], [-71.986046, -45.958642], [-71.988256, -45.956576], [-71.987448, -45.955099], [-71.990769, -45.950695], [-71.991026, -45.948968], [-71.989001, -45.947478], [-71.986134, -45.947021], [-71.984466, -45.945456], [-71.985356, -45.943007], [-71.984372, -45.942194], [-71.985077, -45.940362], [-71.982905, -45.938581], [-71.984028, -45.936525], [-71.981628, -45.935893], [-71.980684, -45.933587], [-71.977868, -45.930634], [-71.974547, -45.928651], [-71.974837, -45.927062], [-71.974013, -45.925869], [-71.971556, -45.92533], [-71.971672, -45.92281], [-71.970175, -45.919535], [-71.967251, -45.916531], [-71.967152, -45.913241], [-71.96311, -45.910585], [-71.96304, -45.909822], [-71.96414, -45.909219], [-71.963909, -45.908267], [-71.961345, -45.907015], [-71.957939, -45.902866]], [[-71.972971, -45.925911], [-71.972189, -45.925686], [-71.972971, -45.925911]]], [[[-71.957939, -45.902866], [-71.955994, -45.900705], [-71.955305, -45.897158], [-71.952829, -45.895273], [-71.951931, -45.892986], [-71.946837, -45.892032], [-71.946306, -45.890552], [-71.947014, -45.889706], [-71.946043, -45.888729], [-71.939887, -45.887663], [-71.940204, -45.885111], [-71.939544, -45.884441], [-71.938053, -45.883862], [-71.936387, -45.884506], [-71.934555, -45.88384], [-71.93382, -45.88304], [-71.933488, -45.880762], [-71.930317, -45.880796], [-71.929126, -45.880058], [-71.930414, -45.87801], [-71.930156, -45.8772], [-71.924725, -45.876173], [-71.925001, -45.875504], [-71.922397, -45.87303], [-71.924132, -45.870748], [-71.925792, -45.870725], [-71.926501, -45.868992], [-71.929132, -45.868353], [-71.929738, -45.867447], [-71.929014, -45.86657], [-71.926535, -45.86636], [-71.924929, -45.862877], [-71.920425, -45.8608], [-71.922121, -45.859365], [-71.921919, -45.858319], [-71.919264, -45.856778], [-71.920162, -45.853827], [-71.916284, -45.849599], [-71.917979, -45.847454], [-71.920849, -45.847032], [-71.922281, -45.846488], [-71.922319, -45.845943], [-71.918296, -45.843887], [-71.918537, -45.84061], [-71.916853, -45.836802], [-71.914535, -45.836845], [-71.914001, -45.832879], [-71.908731, -45.829795], [-71.907945, -45.828553], [-71.907658, -45.826012], [-71.908369, -45.823082], [-71.909125, -45.8224], [-71.913663, -45.82302], [-71.917834, -45.82045], [-71.916917, -45.816949], [-71.920023, -45.814423], [-71.920618, -45.811744], [-71.923344, -45.809983], [-71.923333, -45.808024], [-71.925747, -45.807051], [-71.924776, -45.806722], [-71.923038, -45.807767], [-71.922421, -45.809889], [-71.920012, -45.812011], [-71.919607, -45.814526], [-71.916756, -45.816612], [-71.917601, -45.820127], [-71.9138, -45.822725], [-71.910016, -45.821996], [-71.908259, -45.822543], [-71.907419, -45.826285], [-71.907905, -45.829281], [-71.910598, -45.831369], [-71.912674, -45.832113], [-71.914001, -45.833556], [-71.913795, -45.836884], [-71.916764, -45.83708], [-71.918352, -45.840528], [-71.918065, -45.844026], [-71.922179, -45.846193], [-71.917711, -45.847407], [-71.916027, -45.849446], [-71.916212, -45.850322], [-71.919969, -45.854036], [-71.918642, -45.855656], [-71.918808, -45.856668], [-71.921785, -45.858471], [-71.921887, -45.859322], [-71.920074, -45.860817], [-71.922383, -45.862285], [-71.924422, -45.862685], [-71.925634, -45.864153], [-71.926356, -45.866473], [-71.928308, -45.866672], [-71.929416, -45.867468], [-71.928475, -45.868327], [-71.926468, -45.868645], [-71.925975, -45.87038], [-71.923711, -45.87074], [-71.922123, -45.872966], [-71.924779, -45.875506], [-71.924481, -45.876253], [-71.92918, -45.877538], [-71.929325, -45.878983], [-71.928292, -45.880615], [-71.928652, -45.88094], [-71.932029, -45.880749], [-71.934397, -45.883995], [-71.936339, -45.884633], [-71.939246, -45.884428], [-71.939901, -45.885188], [-71.939842, -45.887803], [-71.945684, -45.888899], [-71.946513, -45.889563], [-71.945904, -45.890998], [-71.946555, -45.892051], [-71.95189, -45.893313], [-71.952751, -45.895584], [-71.955122, -45.897229], [-71.956002, -45.901074], [-71.957939, -45.902866]]]]}}, {"type": "Feature", "properties": {"id": "rio-blanco-ranco", "name": "Río Blanco (Lago Ranco)", "type": "river", "region": "los-rios", "season": "2026-2027", "opens": "2026-11-13", "closes": "2027-05-02", "cat": "nov", "rule_level": "waterbody", "phases": [{"s": "2026-11-13", "e": "2027-05-02", "mode": "catch_and_release", "label": "Pesca con devolución obligatoria"}], "veda": [], "gear": ["Pesca con mosca, señuelo simple sin rebarba. Protocolo anti-didymo obligatorio."], "prohibitions": [], "sources": [{"doc": "Resolución Exenta N° 01, de 31 de enero de 2025, DZ La Araucanía y Los Ríos", "url": null}]}, "geometry": {"type": "MultiLineString", "coordinates": [[[-72.619114, -45.768488], [-72.616512, -45.768013], [-72.612859, -45.766202], [-72.609088, -45.76737], [-72.606518, -45.763713], [-72.602887, -45.763751], [-72.596991, -45.76179], [-72.588966, -45.761363], [-72.576933, -45.758837], [-72.574777, -45.759091], [-72.571107, -45.760831], [-72.564182, -45.756378], [-72.561554, -45.752336], [-72.559617, -45.752167], [-72.556822, -45.753133], [-72.55569, -45.752583], [-72.558212, -45.745448], [-72.557455, -45.743063], [-72.555578, -45.740349], [-72.555562, -45.738571], [-72.556667, -45.737556], [-72.558984, -45.737178], [-72.561066, -45.733965], [-72.561758, -45.730865], [-72.560878, -45.726765], [-72.562771, -45.724727], [-72.566881, -45.723244], [-72.568141, -45.721881], [-72.566178, -45.718978], [-72.563598, -45.717881], [-72.560985, -45.718173], [-72.559226, -45.719986], [-72.557584, -45.719769], [-72.556999, -45.718956], [-72.557504, -45.716492], [-72.559816, -45.714222], [-72.563598, -45.712663], [-72.571553, -45.71272], [-72.575963, -45.714765], [-72.578194, -45.714435], [-72.578849, -45.713094], [-72.576692, -45.712555], [-72.574965, -45.7103], [-72.570405, -45.7103], [-72.56842, -45.709356], [-72.563898, -45.708727], [-72.56297, -45.707962], [-72.567262, -45.703958], [-72.569359, -45.703021], [-72.577647, -45.70295], [-72.582904, -45.701826]], [[-72.582904, -45.701826], [-72.584857, -45.700769], [-72.586091, -45.69793], [-72.583001, -45.690301], [-72.582926, -45.688809], [-72.583969, -45.686749], [-72.586788, -45.685459], [-72.591176, -45.686074], [-72.593901, -45.688427], [-72.594384, -45.691294], [-72.595291, -45.692114], [-72.598482, -45.688225], [-72.598735, -45.683529], [-72.597409, -45.681007], [-72.595521, -45.679673], [-72.590339, -45.678597], [-72.589304, -45.67766], [-72.589883, -45.676618], [-72.591659, -45.675767], [-72.597699, -45.675999], [-72.600789, -45.674849], [-72.601808, -45.673346], [-72.599727, -45.670913], [-72.599561, -45.66944], [-72.605671, -45.66728], [-72.607151, -45.666092], [-72.607366, -45.664619], [-72.60514, -45.662272], [-72.603691, -45.657705], [-72.604893, -45.653573], [-72.60411, -45.65078]], [[-72.60411, -45.65078], [-72.60426, -45.649355], [-72.606754, -45.645856], [-72.608439, -45.642042], [-72.610011, -45.640669], [-72.614216, -45.639019], [-72.612661, -45.636446], [-72.607554, -45.633831], [-72.606486, -45.632548], [-72.608525, -45.63053], [-72.607693, -45.626816], [-72.608809, -45.62302], [-72.609962, -45.621482], [-72.614946, -45.617688], [-72.608358, -45.61355], [-72.606545, -45.610731], [-72.602602, -45.60729], [-72.603562, -45.605196], [-72.605853, -45.602704], [-72.613304, -45.599581], [-72.614559, -45.598005], [-72.614415, -45.596399], [-72.613401, -45.595385], [-72.606218, -45.593726], [-72.605483, -45.592866], [-72.610182, -45.590505], [-72.618202, -45.59007], [-72.618433, -45.589015], [-72.617494, -45.586939], [-72.612886, -45.583751], [-72.615353, -45.582501], [-72.622574, -45.581521], [-72.622982, -45.58008], [-72.621823, -45.577369], [-72.622735, -45.576554], [-72.622794, -45.57542], [-72.624757, -45.575311]], [[-72.624757, -45.575311], [-72.627289, -45.575056], [-72.627525, -45.574245], [-72.626436, -45.572897], [-72.627531, -45.571744], [-72.631704, -45.569971], [-72.635127, -45.570253], [-72.638281, -45.569164], [-72.64298, -45.565483], [-72.643839, -45.56074], [-72.647838, -45.554332], [-72.650696, -45.544997], [-72.655543, -45.542968]], [[-72.655543, -45.542968], [-72.658231, -45.540791], [-72.665252, -45.540365], [-72.669336, -45.5351], [-72.673895, -45.531771], [-72.674249, -45.529185], [-72.671011, -45.5248], [-72.67224, -45.522984], [-72.67541, -45.522262], [-72.676687, -45.521346], [-72.676783, -45.519239], [-72.675231, -45.517344], [-72.6692, -45.514668], [-72.668809, -45.512753], [-72.669463, -45.511627], [-72.672475, -45.509469], [-72.674082, -45.506563], [-72.674808, -45.503482], [-72.674158, -45.501462], [-72.671912, -45.499742], [-72.669475, -45.499211], [-72.667201, -45.499549], [-72.666043, -45.500691], [-72.66601, -45.502377], [-72.669239, -45.504467], [-72.670001, -45.506257], [-72.667771, -45.508673], [-72.66542, -45.509076], [-72.664679, -45.506294], [-72.661021, -45.50367], [-72.660205, -45.501001], [-72.658695, -45.499118], [-72.65482, -45.495789], [-72.647615, -45.493206]], [[-72.647615, -45.493206], [-72.646036, -45.491732], [-72.644166, -45.487471], [-72.643071, -45.486433], [-72.636302, -45.486455], [-72.634424, -45.485538], [-72.632276, -45.483283], [-72.627938, -45.483784], [-72.625778, -45.48321], [-72.623999, -45.47911], [-72.625524, -45.475456], [-72.624796, -45.473605], [-72.620081, -45.470993], [-72.61714, -45.467889], [-72.611368, -45.465187], [-72.605799, -45.460988], [-72.597147, -45.456265], [-72.596409, -45.455185], [-72.595969, -45.453235], [-72.596732, -45.448808], [-72.597968, -45.445037], [-72.600701, -45.441437], [-72.600124, -45.440754], [-72.597337, -45.44052], [-72.596065, -45.43782], [-72.587368, -45.431586], [-72.586522, -45.430072], [-72.586241, -45.424762], [-72.587253, -45.42338], [-72.589655, -45.421916], [-72.590053, -45.420828], [-72.58791, -45.415055], [-72.58756, -45.412127], [-72.589595, -45.410232], [-72.592003, -45.409713], [-72.598444, -45.412811], [-72.605783, -45.411758]], [[-71.728043, -38.352596], [-71.727579, -38.355337], [-71.728008, -38.356347], [-71.726052, -38.357618], [-71.7261, -38.359076], [-71.723477, -38.364423], [-71.720139, -38.36734], [-71.719138, -38.369321], [-71.719962, -38.370694], [-71.719672, -38.372634], [-71.718846, -38.37318], [-71.717681, -38.372528], [-71.717916, -38.37374], [-71.716559, -38.37463], [-71.716734, -38.375655], [-71.713988, -38.377628], [-71.7125, -38.381068], [-71.709944, -38.381546], [-71.710592, -38.382383], [-71.710363, -38.383161], [-71.708227, -38.38328], [-71.708609, -38.384327], [-71.709677, -38.384477], [-71.708265, -38.387916], [-71.70899, -38.388484], [-71.707197, -38.388753], [-71.707006, -38.389471], [-71.710363, -38.393388], [-71.710325, -38.39563], [-71.711622, -38.396706], [-71.710974, -38.39844], [-71.712118, -38.39859], [-71.711813, -38.399308], [-71.712767, -38.399577], [-71.713377, -38.40149], [-71.716696, -38.403164], [-71.717269, -38.404629], [-71.718249, -38.404775], [-71.719443, -38.406752], [-71.722037, -38.408486], [-71.727073, -38.408366], [-71.728217, -38.410369], [-71.729133, -38.409831], [-71.730659, -38.411714], [-71.734359, -38.413627], [-71.740273, -38.416228], [-71.742981, -38.416587], [-71.744126, -38.418559], [-71.7463, -38.41841], [-71.747788, -38.419008], [-71.749123, -38.4182], [-71.750497, -38.419755], [-71.754503, -38.42101], [-71.757859, -38.420475], [-71.759615, -38.421698], [-71.764879, -38.422355], [-71.769095, -38.424912], [-71.780406, -38.428892], [-71.784226, -38.431059], [-71.784688, -38.432335], [-71.787351, -38.433712], [-71.788102, -38.435056], [-71.79372, -38.439958], [-71.795438, -38.439982], [-71.800114, -38.441867], [-71.803407, -38.44115], [-71.804315, -38.442504], [-71.807964, -38.442408], [-71.810326, -38.443957], [-71.812073, -38.443572], [-71.813147, -38.445206], [-71.815615, -38.445578], [-71.817823, -38.447367], [-71.81951, -38.447223], [-71.820629, -38.449525], [-71.827882, -38.452859], [-71.827648, -38.454142], [-71.829343, -38.454966], [-71.828771, -38.456963], [-71.829566, -38.457586], [-71.832748, -38.459162], [-71.835338, -38.459303], [-71.836594, -38.460341], [-71.838019, -38.460501], [-71.838845, -38.462144], [-71.846822, -38.462387], [-71.850842, -38.464853], [-71.856636, -38.465679], [-71.8571, -38.464939], [-71.856031, -38.464048], [-71.857735, -38.464123], [-71.859368, -38.46316], [-71.861453, -38.459781], [-71.864794, -38.458288], [-71.86758, -38.454771], [-71.868456, -38.454617], [-71.868987, -38.45666], [-71.87078, -38.457076]], [[-71.673531, -38.303931], [-71.674483, -38.304965], [-71.676924, -38.305521], [-71.68044, -38.308471], [-71.68224, -38.312632], [-71.686855, -38.31767], [-71.695229, -38.32221], [-71.696743, -38.324412], [-71.698989, -38.325581], [-71.701944, -38.328684], [-71.709244, -38.333874], [-71.712467, -38.335349], [-71.712735, -38.337647], [-71.715275, -38.339983], [-71.716422, -38.344369], [-71.717863, -38.34569], [-71.718986, -38.345786], [-71.720085, -38.348639], [-71.721672, -38.350362], [-71.721916, -38.351951], [-71.72072, -38.355283], [-71.722068, -38.357192], [-71.721696, -38.358212], [-71.7205, -38.359935], [-71.719377, -38.36028], [-71.718669, -38.362175], [-71.716984, -38.363152], [-71.718498, -38.36363], [-71.717252, -38.365679], [-71.717375, -38.36654], [-71.719798, -38.366806], [-71.720139, -38.36734]], [[-71.901634, -38.437949], [-71.90466, -38.436565], [-71.910392, -38.43628], [-71.912139, -38.436736], [-71.91349, -38.436247], [-71.916374, -38.436762], [-71.923849, -38.439716], [-71.925377, -38.438057], [-71.929004, -38.437661], [-71.93044, -38.436181], [-71.941305, -38.434834], [-71.945652, -38.436954], [-71.947538, -38.437211], [-71.94967, -38.436248], [-71.950737, -38.437468], [-71.954427, -38.438367], [-71.963694, -38.438689], [-71.964842, -38.439909], [-71.966236, -38.444149], [-71.967303, -38.444855], [-71.968697, -38.444855], [-71.969271, -38.443763], [-71.968861, -38.442222], [-71.970173, -38.441322], [-71.970972, -38.442952], [-71.972121, -38.442782], [-71.973408, -38.441556], [-71.975606, -38.440749], [-71.980696, -38.440672], [-71.982716, -38.439074], [-71.984241, -38.438764], [-71.988796, -38.4403], [-71.990962, -38.440357]], [[-72.242121, -41.963467], [-72.245409, -41.962939], [-72.245581, -41.962301], [-72.246782, -41.962492], [-72.248156, -41.961407], [-72.247126, -41.960386], [-72.248327, -41.95962], [-72.24807, -41.958407], [-72.249014, -41.954897], [-72.250559, -41.952854], [-72.253477, -41.951131], [-72.254335, -41.951769], [-72.255194, -41.951578], [-72.255794, -41.950493], [-72.257425, -41.949726], [-72.256567, -41.949216], [-72.25794, -41.948577], [-72.258369, -41.946726], [-72.257168, -41.945641], [-72.266, -41.94138], [-72.266008, -41.940406], [-72.267038, -41.939321], [-72.268755, -41.939193], [-72.269957, -41.937788], [-72.272397, -41.937704], [-72.280857, -41.939767], [-72.2812, -41.940342], [-72.283689, -41.939576], [-72.285406, -41.939767], [-72.286007, -41.941108], [-72.288067, -41.942321], [-72.291672, -41.943151], [-72.302143, -41.942194], [-72.304632, -41.941108], [-72.308323, -41.94181], [-72.308924, -41.941236], [-72.311928, -41.941044], [-72.314674, -41.941491], [-72.316048, -41.940342], [-72.317335, -41.941108], [-72.318537, -41.940534], [-72.321455, -41.940789], [-72.329866, -41.939448], [-72.331068, -41.938491], [-72.335016, -41.939001], [-72.337248, -41.939767], [-72.339909, -41.943853], [-72.342655, -41.944492], [-72.342998, -41.946152], [-72.346861, -41.948769], [-72.351657, -41.949], [-72.360037, -41.951002], [-72.362542, -41.950052], [-72.36413, -41.950256], [-72.364864, -41.951399], [-72.36867, -41.950974], [-72.372054, -41.952662], [-72.379168, -41.948019], [-72.382798, -41.947821], [-72.384528, -41.946927], [-72.386347, -41.945411], [-72.386476, -41.944109], [-72.392106, -41.941708], [-72.409132, -41.937213], [-72.41444, -41.938492], [-72.416173, -41.940882], [-72.422985, -41.946369], [-72.423313, -41.947498], [-72.426606, -41.950466], [-72.425931, -41.952038], [-72.42799, -41.956155], [-72.429632, -41.957192], [-72.430984, -41.960783], [-72.431255, -41.963688], [-72.434989, -41.968315], [-72.440726, -41.971201]], [[-72.371568, -41.771456], [-72.3691, -41.771352], [-72.367067, -41.772068], [-72.364025, -41.770668], [-72.361005, -41.770236], [-72.359659, -41.769419], [-72.359384, -41.768089], [-72.357084, -41.766471], [-72.355404, -41.761283], [-72.354798, -41.756423], [-72.356199, -41.754022], [-72.354369, -41.752799], [-72.354117, -41.751502], [-72.354745, -41.75112], [-72.353077, -41.748855], [-72.353694, -41.747026], [-72.355087, -41.745815], [-72.353264, -41.741773], [-72.354048, -41.740594], [-72.353027, -41.738939], [-72.353227, -41.7383], [-72.352105, -41.738314], [-72.34967, -41.736499], [-72.349525, -41.733505], [-72.350306, -41.733253], [-72.349643, -41.732904], [-72.349085, -41.730882], [-72.351027, -41.72997], [-72.349681, -41.724933], [-72.353447, -41.720833], [-72.353222, -41.719392], [-72.35423, -41.718215], [-72.354144, -41.715788], [-72.352932, -41.713962], [-72.353093, -41.712208], [-72.351291, -41.706802], [-72.351323, -41.704687], [-72.350411, -41.703282], [-72.350497, -41.701956], [-72.34952, -41.701006], [-72.349761, -41.699208], [-72.34819, -41.697446], [-72.34746, -41.69477], [-72.345496, -41.692505], [-72.345915, -41.690036], [-72.347117, -41.687888], [-72.346076, -41.686911], [-72.346108, -41.685917], [-72.347937, -41.683619], [-72.348195, -41.682186], [-72.349498, -41.681568], [-72.351527, -41.678353], [-72.353458, -41.676927], [-72.359803, -41.676197]], [[-70.357995, -33.102615], [-70.366051, -33.098732], [-70.372831, -33.091757], [-70.37379, -33.082059], [-70.373361, -33.075946], [-70.371902, -33.070048], [-70.37688, -33.057748], [-70.377223, -33.055014], [-70.375421, -33.049259], [-70.374047, -33.04782], [-70.360572, -33.03933], [-70.356795, -33.035661], [-70.355594, -33.031775], [-70.356881, -33.026162], [-70.356605, -33.023837], [-70.35724, -33.021294], [-70.356017, -33.015986], [-70.356511, -33.014708], [-70.355416, -33.013107], [-70.356326, -33.010828], [-70.354494, -33.005262], [-70.355008, -33.003912], [-70.353592, -33.000439], [-70.353718, -32.999252]], [[-72.056, -41.244236], [-72.056607, -41.24409], [-72.058329, -41.240944], [-72.061199, -41.240928], [-72.062626, -41.23904], [-72.065706, -41.238988], [-72.070517, -41.235575], [-72.075367, -41.234441], [-72.076434, -41.233187], [-72.075957, -41.231137], [-72.077647, -41.229483], [-72.081815, -41.229253], [-72.084808, -41.230298], [-72.088081, -41.228555], [-72.09057, -41.228943], [-72.095655, -41.227603], [-72.100467, -41.225053], [-72.103503, -41.22419], [-72.110343, -41.224452], [-72.111405, -41.223819], [-72.113916, -41.224969], [-72.118454, -41.231153], [-72.119312, -41.231105]], [[-72.127434, -41.237243], [-72.129054, -41.23762], [-72.130797, -41.236934], [-72.131253, -41.236551], [-72.130175, -41.2352], [-72.132149, -41.234457], [-72.131221, -41.233183], [-72.130808, -41.230016], [-72.126822, -41.220026], [-72.127241, -41.216677], [-72.125556, -41.213904], [-72.123411, -41.20486], [-72.123915, -41.201672], [-72.121045, -41.194911], [-72.118304, -41.190882], [-72.11972, -41.188787], [-72.11803, -41.187019], [-72.114189, -41.17827], [-72.108593, -41.174065], [-72.107988, -41.172802], [-72.108245, -41.171446], [-72.104387, -41.167734], [-72.100868, -41.166377], [-72.098976, -41.163305], [-72.09692, -41.161918], [-72.096057, -41.157618], [-72.09672, -41.156491]], [[-72.119312, -41.231105], [-72.121585, -41.231808], [-72.122181, -41.233389], [-72.127434, -41.237243]], [[-72.643737, -41.388391], [-72.640346, -41.394491], [-72.637361, -41.396749], [-72.633276, -41.401361], [-72.623515, -41.405698], [-72.622131, -41.407137], [-72.620811, -41.407377], [-72.619648, -41.40873], [-72.615173, -41.411213], [-72.613555, -41.413504], [-72.612528, -41.416572], [-72.610378, -41.418049], [-72.609189, -41.420781], [-72.605345, -41.423542], [-72.603604, -41.423877], [-72.60348, -41.424569], [-72.601292, -41.424519], [-72.596592, -41.426038], [-72.596631, -41.429841], [-72.593242, -41.434181], [-72.591717, -41.43522]], [[-70.204182, -34.095174], [-70.204526, -34.096774], [-70.207444, -34.099332], [-70.207272, -34.1015], [-70.209424, -34.10607], [-70.209504, -34.109957], [-70.210234, -34.110917], [-70.215426, -34.112906], [-70.219847, -34.116708], [-70.221992, -34.116992], [-70.224653, -34.118307], [-70.229123, -34.121455], [-70.232807, -34.121149], [-70.239201, -34.123068], [-70.240875, -34.122855], [-70.241347, -34.123991], [-70.242334, -34.123991], [-70.244995, -34.128041], [-70.246325, -34.129107], [-70.248814, -34.129462], [-70.251518, -34.131238], [-70.253878, -34.133974], [-70.255724, -34.134684], [-70.258305, -34.134457], [-70.262161, -34.137632], [-70.264779, -34.137881], [-70.266453, -34.138911], [-70.266496, -34.139586], [-70.26744, -34.139764], [-70.267697, -34.141362], [-70.273963, -34.147791], [-70.275085, -34.150831], [-70.279334, -34.153104], [-70.2804, -34.154325], [-70.280872, -34.155888], [-70.280529, -34.159297], [-70.282031, -34.162777], [-70.284091, -34.162635], [-70.285507, -34.168814], [-70.287009, -34.170092], [-70.287659, -34.171605], [-70.289627, -34.172719], [-70.2907, -34.175205], [-70.292159, -34.175986], [-70.292202, -34.177477], [-70.293103, -34.178649], [-70.295942, -34.1808], [-70.296028, -34.182114], [-70.297352, -34.183406], [-70.298553, -34.183406], [-70.301042, -34.184897], [-70.302416, -34.186672], [-70.306879, -34.189228], [-70.307737, -34.191358], [-70.308724, -34.191997], [-70.310533, -34.191308], [-70.314009, -34.194326], [-70.317221, -34.19473], [-70.32044, -34.19718], [-70.324217, -34.198599], [-70.325547, -34.200197], [-70.327349, -34.203604], [-70.328379, -34.208005], [-70.32628, -34.213295], [-70.325904, -34.215984], [-70.325819, -34.219603], [-70.327246, -34.221652], [-70.32716, -34.222708], [-70.324821, -34.227951], [-70.324306, -34.23141], [-70.325111, -34.233282], [-70.323555, -34.235748], [-70.320819, -34.237123], [-70.320572, -34.238577], [-70.318542, -34.241125]], [[-71.632242, -38.575785], [-71.633541, -38.574681], [-71.637547, -38.574367], [-71.639892, -38.575145], [-71.64473, -38.575472], [-71.646914, -38.575463], [-71.64995, -38.57443], [-71.651631, -38.572768], [-71.65308, -38.572325], [-71.654189, -38.570772], [-71.65885, -38.568905], [-71.659735, -38.567947], [-71.659975, -38.564015], [-71.662126, -38.561267], [-71.663238, -38.56085], [-71.662909, -38.559369], [-71.663561, -38.557654], [-71.66584, -38.556904], [-71.669639, -38.553472], [-71.670535, -38.551761], [-71.672471, -38.551018], [-71.673271, -38.549714], [-71.676473, -38.549055], [-71.679282, -38.546249], [-71.683613, -38.544584]], [[-71.683613, -38.544584], [-71.685998, -38.54493], [-71.688572, -38.546681], [-71.690523, -38.546873], [-71.692505, -38.546167], [-71.69861, -38.549036], [-71.704133, -38.549303], [-71.706581, -38.547905], [-71.710257, -38.548933], [-71.711524, -38.547255], [-71.714838, -38.54604], [-71.718818, -38.546474], [-71.725082, -38.545049], [-71.733708, -38.546132], [-71.736265, -38.545025], [-71.739041, -38.545306], [-71.748769, -38.541227], [-71.757997, -38.539636], [-71.760006, -38.538474], [-71.764714, -38.537936], [-71.778102, -38.539875], [-71.778939, -38.541176], [-71.783563, -38.541742], [-71.786267, -38.543009], [-71.788793, -38.543315], [-71.789131, -38.541889], [-71.790883, -38.541446], [-71.789585, -38.539911], [-71.789687, -38.538651], [-71.7924, -38.538767], [-71.795161, -38.535519], [-71.796279, -38.536039], [-71.7952, -38.536987], [-71.795497, -38.537275], [-71.800532, -38.537669], [-71.803252, -38.539044], [-71.805641, -38.537565], [-71.805916, -38.536083], [-71.809665, -38.536476], [-71.809698, -38.534785], [-71.811603, -38.533169], [-71.810262, -38.532359], [-71.810187, -38.531218], [-71.812965, -38.52967], [-71.815017, -38.52695], [-71.817579, -38.526476], [-71.819478, -38.526992], [-71.820867, -38.526262], [-71.823008, -38.526648], [-71.825682, -38.525475], [-71.827374, -38.525849], [-71.830456, -38.524333], [-71.833584, -38.521501], [-71.839452, -38.521369], [-71.839339, -38.518629], [-71.837437, -38.518672], [-71.835745, -38.517573], [-71.835657, -38.516708], [-71.836906, -38.515514], [-71.840622, -38.514156], [-71.841872, -38.512018], [-71.843918, -38.510227], [-71.845787, -38.504472], [-71.847656, -38.502758], [-71.846484, -38.501633], [-71.846948, -38.50062], [-71.845232, -38.498953]], [[-72.553974, -41.322012], [-72.556388, -41.320868], [-72.557015, -41.318958], [-72.55781, -41.318604], [-72.556554, -41.316896], [-72.557348, -41.314228], [-72.556876, -41.313531], [-72.561146, -41.308027], [-72.559874, -41.307004], [-72.558351, -41.302083], [-72.560169, -41.299086], [-72.559933, -41.297989], [-72.554993, -41.295577], [-72.55391, -41.294193], [-72.554044, -41.293076], [-72.556646, -41.29101], [-72.554156, -41.287864], [-72.554478, -41.286722], [-72.552638, -41.28499], [-72.552284, -41.282703], [-72.550932, -41.281987], [-72.55105, -41.278161], [-72.549049, -41.275897], [-72.546152, -41.275385], [-72.5453, -41.275916], [-72.544334, -41.275484], [-72.544028, -41.274409], [-72.542961, -41.27448], [-72.541668, -41.273315], [-72.540278, -41.273337], [-72.540246, -41.272061], [-72.539243, -41.271696], [-72.534625, -41.271698], [-72.533557, -41.270833], [-72.531706, -41.271086], [-72.530558, -41.270256], [-72.527318, -41.270095], [-72.525328, -41.269021], [-72.524652, -41.26732], [-72.523424, -41.266433], [-72.522989, -41.265462], [-72.523456, -41.264409], [-72.522115, -41.262388], [-72.519126, -41.261228], [-72.516482, -41.258614], [-72.511697, -41.257272], [-72.510463, -41.257546], [-72.508569, -41.256139], [-72.506671, -41.256436], [-72.501419, -41.255464], [-72.499783, -41.256011], [-72.497618, -41.255311], [-72.496325, -41.255773], [-72.491741, -41.254635], [-72.486929, -41.256307], [-72.484414, -41.256456], [-72.48307, -41.257593], [-72.477691, -41.25944]], [[-72.053545, -39.961848], [-72.056356, -39.962119], [-72.057654, -39.96133], [-72.062504, -39.962777], [-72.065025, -39.962177], [-72.070829, -39.963123], [-72.073857, -39.961229], [-72.075856, -39.957608], [-72.078506, -39.956169], [-72.078377, -39.955379], [-72.080588, -39.95459], [-72.083656, -39.952295], [-72.088323, -39.951736], [-72.088109, -39.95093], [-72.089804, -39.948652], [-72.092475, -39.94685], [-72.092894, -39.943824], [-72.093977, -39.941973], [-72.093859, -39.940657], [-72.095726, -39.938732], [-72.09652, -39.936198], [-72.097614, -39.935024], [-72.096998, -39.933761], [-72.098408, -39.932899], [-72.099985, -39.928572], [-72.099653, -39.926136], [-72.097078, -39.923693], [-72.096724, -39.921891], [-72.094825, -39.919274], [-72.0949, -39.918065], [-72.092379, -39.915637], [-72.094138, -39.914683], [-72.094943, -39.912346], [-72.096777, -39.911588], [-72.099213, -39.90721], [-72.106101, -39.904297], [-72.107453, -39.903136], [-72.107023, -39.902577], [-72.107603, -39.901885], [-72.109405, -39.901079], [-72.111519, -39.898642], [-72.116282, -39.898379], [-72.121604, -39.896058], [-72.127676, -39.896626], [-72.128309, -39.897753], [-72.13052, -39.898848], [-72.132215, -39.898799], [-72.13582, -39.900865], [-72.139661, -39.901584], [-72.139876, -39.902407], [-72.141716, -39.903547], [-72.14186, -39.90479], [-72.14634, -39.90795], [-72.148561, -39.908613], [-72.160264, -39.908275]], [[-71.923821, -46.005342], [-71.917043, -46.001139], [-71.914042, -46.00107], [-71.911799, -45.999306], [-71.91155, -45.998443], [-71.906849, -45.996292], [-71.905665, -45.996317], [-71.904651, -45.995162], [-71.904488, -45.994616], [-71.906612, -45.992475], [-71.908913, -45.988397], [-71.911526, -45.985501], [-71.920023, -45.981669], [-71.920549, -45.980741], [-71.925693, -45.977188], [-71.930462, -45.978143], [-71.933697, -45.977796], [-71.935258, -45.978966], [-71.937066, -45.978952], [-71.944259, -45.981714], [-71.947838, -45.982385], [-71.950895, -45.981568], [-71.953299, -45.97922], [-71.955273, -45.979898], [-71.958685, -45.979853], [-71.960112, -45.978206], [-71.963513, -45.976797], [-71.965047, -45.975268], [-71.967305, -45.975432], [-71.97113, -45.97412], [-71.976151, -45.969817], [-71.980373, -45.969591], [-71.981987, -45.968609], [-71.985249, -45.970358], [-71.985721, -45.969862], [-71.98511, -45.969556], [-71.986609, -45.968522], [-71.98713, -45.96698], [-71.98913, -45.965095], [-71.988625, -45.963568], [-71.986166, -45.962509], [-71.986664, -45.960174], [-71.985914, -45.958534], [-71.98725, -45.957068], [-71.987427, -45.954685], [-71.990678, -45.950702], [-71.991021, -45.94946], [-71.988972, -45.947603], [-71.985952, -45.947061], [-71.984283, -45.945499], [-71.985211, -45.943037], [-71.984245, -45.942244], [-71.984991, -45.940526], [-71.98273, -45.938513], [-71.983727, -45.936407], [-71.981601, -45.936027], [-71.980544, -45.93358], [-71.977932, -45.930871], [-71.97452, -45.928778], [-71.974139, -45.926233], [-71.971516, -45.92542], [-71.971537, -45.922808], [-71.969993, -45.919486], [-71.967348, -45.917012], [-71.967149, -45.913515], [-71.962826, -45.910626], [-71.963834, -45.908376], [-71.961297, -45.907127], [-71.956018, -45.900919], [-71.955224, -45.897266], [-71.952612, -45.89519], [-71.952193, -45.893395], [-71.946722, -45.892054], [-71.946056, -45.890826], [-71.946727, -45.88965], [-71.94603, -45.888888], [-71.939871, -45.887783], [-71.940011, -45.885162], [-71.939163, -45.884321], [-71.93786, -45.884019], [-71.936395, -45.884579], [-71.934555, -45.883996], [-71.932104, -45.880706], [-71.928713, -45.880886], [-71.929665, -45.878468], [-71.929277, -45.877173], [-71.924674, -45.87623], [-71.924827, -45.87548], [-71.922228, -45.87306], [-71.923909, -45.870781], [-71.925991, -45.87049], [-71.926466, -45.868942], [-71.929167, -45.868196], [-71.929513, -45.867175], [-71.926503, -45.866476], [-71.925216, -45.863256], [-71.920302, -45.860843], [-71.922051, -45.85933], [-71.92186, -45.858428], [-71.918859, -45.856528], [-71.920001, -45.853913], [-71.916279, -45.85026], [-71.916182, -45.849489], [-71.917995, -45.84737], [-71.922303, -45.846163], [-71.918129, -45.844052], [-71.918441, -45.840655], [-71.916869, -45.837108], [-71.914246, -45.836772], [-71.914122, -45.833557], [-71.912497, -45.831928], [-71.90849, -45.829823], [-71.907551, -45.825854], [-71.90827, -45.823129], [-71.909149, -45.822156], [-71.914047, -45.822747], [-71.917641, -45.820153], [-71.916879, -45.816766], [-71.919867, -45.814421], [-71.920538, -45.811643], [-71.923172, -45.809961], [-71.923129, -45.807962], [-71.926707, -45.806152]], [[-72.482601, -42.714448], [-72.482174, -42.712859], [-72.483459, -42.711957], [-72.484532, -42.709529], [-72.485262, -42.70543], [-72.486592, -42.702812], [-72.485736, -42.70198], [-72.485564, -42.700276], [-72.486809, -42.699109], [-72.487452, -42.697375], [-72.489942, -42.695608], [-72.48977, -42.693684], [-72.490326, -42.693003], [-72.489896, -42.691741], [-72.494448, -42.688827], [-72.49316, -42.685672], [-72.494145, -42.684991], [-72.493246, -42.683527], [-72.493887, -42.682562], [-72.493458, -42.681489], [-72.495089, -42.679154], [-72.494576, -42.677943], [-72.495048, -42.676839], [-72.497106, -42.674422], [-72.496851, -42.672421], [-72.497793, -42.670793], [-72.497065, -42.670055], [-72.497879, -42.668868], [-72.497194, -42.667278], [-72.498053, -42.664406], [-72.499254, -42.663176], [-72.499295, -42.661737], [-72.49848, -42.661358], [-72.498608, -42.660159], [-72.497149, -42.657855], [-72.497793, -42.656087], [-72.499683, -42.655286], [-72.499982, -42.653405], [-72.495433, -42.650564], [-72.492064, -42.649771], [-72.49066, -42.647631]], [[-72.34478, -46.821227], [-72.346756, -46.824506], [-72.350318, -46.825974], [-72.353494, -46.826018], [-72.364116, -46.828587], [-72.372205, -46.829321], [-72.378455, -46.831572], [-72.380752, -46.831815]], [[-72.285623, -46.803668], [-72.287769, -46.804211], [-72.288628, -46.805107], [-72.291417, -46.804946], [-72.294528, -46.805768], [-72.299571, -46.808764], [-72.30736, -46.81151], [-72.309034, -46.812861], [-72.310943, -46.812861], [-72.315407, -46.814286], [-72.318604, -46.813331], [-72.341285, -46.81734], [-72.343237, -46.818074], [-72.34478, -46.821227]], [[-72.65427, -42.847791], [-72.654946, -42.850235], [-72.656217, -42.851346], [-72.662995, -42.85367], [-72.666039, -42.855418], [-72.666511, -42.856549], [-72.669416, -42.858515], [-72.670779, -42.860477], [-72.670875, -42.862317], [-72.66926, -42.864791], [-72.669556, -42.866116], [-72.668569, -42.867783], [-72.669577, -42.869564], [-72.671905, -42.870582], [-72.671905, -42.872257]], [[-72.579289, -42.793303], [-72.583875, -42.793858], [-72.58571, -42.795621], [-72.58718, -42.795664], [-72.588928, -42.798695], [-72.592737, -42.798719], [-72.592265, -42.799963], [-72.593048, -42.8006], [-72.59491, -42.800301], [-72.596503, -42.801116], [-72.603375, -42.801478], [-72.605413, -42.802572], [-72.608213, -42.801021], [-72.612001, -42.802061], [-72.613867, -42.799053], [-72.615048, -42.7984], [-72.617161, -42.798888], [-72.618878, -42.797963], [-72.622848, -42.798234], [-72.625009, -42.797522], [-72.63267, -42.798738], [-72.639268, -42.796483], [-72.642503, -42.798486], [-72.64641, -42.798408], [-72.653124, -42.800139], [-72.658789, -42.800124], [-72.661428, -42.798581], [-72.664583, -42.798203], [-72.667175, -42.798817], [-72.670655, -42.801021], [-72.677436, -42.799509], [-72.681985, -42.796802], [-72.684796, -42.795873], [-72.699251, -42.794753]], [[-72.196017, -52.305012], [-72.201226, -52.305455], [-72.202068, -52.304713], [-72.203366, -52.304795], [-72.20394, -52.304031], [-72.205904, -52.303877], [-72.20658, -52.302601], [-72.204847, -52.301626], [-72.207636, -52.300944], [-72.20784, -52.300144], [-72.210533, -52.297956], [-72.21203, -52.297536], [-72.212352, -52.296519], [-72.213897, -52.29621], [-72.214358, -52.294662], [-72.217008, -52.294426], [-72.218628, -52.292555], [-72.223488, -52.290941], [-72.225655, -52.289031], [-72.227104, -52.290396], [-72.229979, -52.290528], [-72.232264, -52.291381], [-72.239914, -52.289313], [-72.24722, -52.289235], [-72.250439, -52.287404], [-72.253057, -52.287929], [-72.254623, -52.287502], [-72.25781, -52.288454], [-72.258561, -52.286984], [-72.262724, -52.285514], [-72.264118, -52.282238], [-72.267981, -52.280493], [-72.267197, -52.278103], [-72.269762, -52.276659], [-72.280072, -52.277972], [-72.281574, -52.276803], [-72.283559, -52.277296], [-72.290039, -52.276108], [-72.293998, -52.277447], [-72.300521, -52.275983], [-72.302957, -52.276305], [-72.308546, -52.274526], [-72.31096, -52.275438], [-72.31317, -52.275333], [-72.317441, -52.273094], [-72.318825, -52.273396], [-72.320273, -52.274782], [-72.323738, -52.27341], [-72.325927, -52.275425], [-72.329339, -52.275215], [-72.334338, -52.2766], [-72.333491, -52.278031], [-72.334253, -52.278957], [-72.338898, -52.281352], [-72.341902, -52.281103], [-72.343962, -52.282081], [-72.344434, -52.283006], [-72.348468, -52.28445], [-72.348597, -52.286393], [-72.349434, -52.286157], [-72.351097, -52.287043], [-72.351671, -52.2885], [-72.355013, -52.287975], [-72.354519, -52.287141], [-72.355056, -52.286964], [-72.356032, -52.287443], [-72.356247, -52.289018], [-72.358435, -52.287404], [-72.358532, -52.288861], [-72.359165, -52.289287], [-72.360871, -52.288762], [-72.362609, -52.289261], [-72.365023, -52.288231], [-72.365634, -52.289655], [-72.366772, -52.289064], [-72.371879, -52.289432], [-72.371685, -52.290731], [-72.369433, -52.29163], [-72.369883, -52.292555], [-72.368327, -52.2939], [-72.369819, -52.294485], [-72.369561, -52.295725], [-72.372683, -52.295935], [-72.372603, -52.296968], [-72.375183, -52.298212], [-72.37676, -52.298303], [-72.379099, -52.296906], [-72.380451, -52.296906], [-72.379807, -52.299734], [-72.381191, -52.299445], [-72.382189, -52.299976], [-72.380912, -52.302489], [-72.379346, -52.303978], [-72.38161, -52.303441], [-72.383562, -52.304516], [-72.387532, -52.304464], [-72.390021, -52.305468], [-72.391555, -52.307068], [-72.395976, -52.307259], [-72.398508, -52.309148], [-72.401147, -52.307921], [-72.404655, -52.310315], [-72.408357, -52.307619], [-72.410717, -52.308872], [-72.411715, -52.308754], [-72.413678, -52.306334], [-72.414075, -52.303257], [-72.4168, -52.303093], [-72.418388, -52.302155], [-72.418635, -52.300383], [-72.421339, -52.29972], [-72.422347, -52.29833], [-72.422401, -52.296925], [-72.425737, -52.295338], [-72.426381, -52.294078], [-72.428173, -52.293487], [-72.428666, -52.292693], [-72.431874, -52.292713], [-72.435941, -52.28978], [-72.437571, -52.286997], [-72.440543, -52.286629], [-72.445661, -52.290101], [-72.447774, -52.290882], [-72.450521, -52.290744], [-72.45065, -52.290318], [-72.449008, -52.289943], [-72.449963, -52.289038], [-72.449609, -52.287916], [-72.447871, -52.28787], [-72.448493, -52.286209], [-72.447796, -52.28552], [-72.448161, -52.284424], [-72.452635, -52.283197], [-72.455896, -52.280243], [-72.460906, -52.280598], [-72.461185, -52.279961], [-72.4589, -52.278412], [-72.461411, -52.276377], [-72.463535, -52.277152], [-72.46479, -52.279101], [-72.46626, -52.278385], [-72.473191, -52.278051], [-72.475637, -52.278484], [-72.476447, -52.279853], [-72.47833, -52.278924], [-72.481345, -52.279784], [-72.483995, -52.278753], [-72.486409, -52.277178], [-72.486666, -52.276068], [-72.488866, -52.275018], [-72.490089, -52.275136], [-72.490658, -52.275957], [-72.494434, -52.276488], [-72.494928, -52.275766], [-72.493265, -52.275254], [-72.49437, -52.274519], [-72.497095, -52.275609], [-72.500775, -52.274014], [-72.503522, -52.27509], [-72.503929, -52.273246], [-72.502706, -52.271243], [-72.506386, -52.272038], [-72.509036, -52.26932], [-72.516139, -52.269989]], [[-72.639037, -41.264683], [-72.637964, -41.26199], [-72.635646, -41.26078], [-72.63393, -41.258893], [-72.633715, -41.257651], [-72.632106, -41.256473], [-72.631977, -41.254247], [-72.630497, -41.253795], [-72.630926, -41.253069], [-72.628029, -41.250472], [-72.62745, -41.248101], [-72.626055, -41.2476], [-72.625819, -41.246697], [-72.622557, -41.245358], [-72.621635, -41.244261], [-72.62009, -41.244309], [-72.619746, -41.243002], [-72.618309, -41.242534], [-72.618995, -41.241098], [-72.617837, -41.240485], [-72.620036, -41.238267], [-72.618266, -41.232998], [-72.62069, -41.231077], [-72.620176, -41.229319], [-72.621566, -41.2272], [-72.623033, -41.227112], [-72.622713, -41.226259], [-72.623327, -41.224904], [-72.622343, -41.2243], [-72.623244, -41.223686], [-72.625978, -41.223821]], [[-72.555213, -42.901688], [-72.554183, -42.899047], [-72.556693, -42.897184], [-72.558389, -42.894543], [-72.561457, -42.893805], [-72.561779, -42.895408], [-72.564869, -42.894653], [-72.571092, -42.891549], [-72.572293, -42.8907], [-72.5721, -42.889992], [-72.577121, -42.888719], [-72.582357, -42.885653], [-72.589674, -42.884254], [-72.599652, -42.885283], [-72.604415, -42.883924], [-72.613084, -42.883177], [-72.615659, -42.881691], [-72.618492, -42.882776], [-72.620208, -42.88276], [-72.624779, -42.882257], [-72.629864, -42.88074], [-72.631688, -42.880973], [-72.633138, -42.879662], [-72.634645, -42.879608], [-72.634929, -42.87849], [-72.635984, -42.877972], [-72.638713, -42.877517], [-72.638842, -42.879014], [-72.63981, -42.879014], [-72.64056, -42.87849], [-72.64063, -42.877529], [-72.642643, -42.878017], [-72.645168, -42.87553], [-72.648576, -42.875175], [-72.64873, -42.87462], [-72.647685, -42.874271], [-72.647363, -42.873438], [-72.648218, -42.87258], [-72.650231, -42.872061], [-72.652027, -42.872513], [-72.656404, -42.870644], [-72.660377, -42.870776], [-72.664676, -42.87006], [-72.667737, -42.871609], [-72.670963, -42.871695], [-72.675805, -42.873543], [-72.679031, -42.873457], [-72.680885, -42.875461], [-72.683117, -42.876491], [-72.681389, -42.877387], [-72.681824, -42.879942], [-72.684377, -42.879329], [-72.686191, -42.880858], [-72.688594, -42.881444], [-72.687221, -42.883779], [-72.686309, -42.888197], [-72.686765, -42.888696], [-72.68935, -42.888531], [-72.68972, -42.889411], [-72.692547, -42.890201], [-72.692504, -42.891019], [-72.690504, -42.892838], [-72.693057, -42.895338], [-72.692885, -42.89926], [-72.695653, -42.903162], [-72.69406, -42.90618], [-72.701211, -42.91003], [-72.700599, -42.911602], [-72.702799, -42.913095], [-72.702708, -42.915546], [-72.704768, -42.920598], [-72.708684, -42.922185], [-72.713613, -42.921875], [-72.71724, -42.923234], [-72.720947, -42.923062], [-72.722765, -42.9238], [-72.725995, -42.92389]], [[-68.574021, -21.237603], [-68.57488, -21.239503], [-68.578763, -21.241233], [-68.581381, -21.243383], [-68.585061, -21.243623], [-68.592409, -21.245755], [-68.600015, -21.248735], [-68.606723, -21.253452], [-68.609319, -21.253212], [-68.614426, -21.254182], [-68.618383, -21.256204], [-68.620627, -21.256442], [-68.623565, -21.255644], [-68.628342, -21.256842], [-68.634712, -21.256764], [-68.636654, -21.258004], [-68.645894, -21.259632], [-68.647342, -21.258492], [-68.65055, -21.257902], [-68.652202, -21.256232], [-68.655003, -21.255782], [-68.656449, -21.256494], [-68.659788, -21.256672], [-68.663747, -21.259292], [-68.669678, -21.259214], [-68.672813, -21.260421], [-68.676739, -21.260572], [-68.681857, -21.262301], [-68.683335, -21.264063], [-68.685301, -21.264661], [-68.688347, -21.264433]], [[-71.942606, -40.512906], [-71.941276, -40.511199], [-71.944913, -40.511122], [-71.94737, -40.507688], [-71.95075, -40.504416], [-71.95583, -40.502153], [-71.958952, -40.499012], [-71.959038, -40.498123], [-71.96025, -40.497564], [-71.96032, -40.496829], [-71.961951, -40.496103], [-71.961484, -40.495361], [-71.962289, -40.495785], [-71.963828, -40.495075], [-71.965298, -40.493072], [-71.964375, -40.485924], [-71.961843, -40.484019], [-71.959397, -40.483456], [-71.957187, -40.481595], [-71.957348, -40.479824], [-71.959494, -40.4786], [-71.957648, -40.474887], [-71.958818, -40.473704], [-71.956286, -40.46977], [-71.958668, -40.46777], [-71.956683, -40.466129], [-71.95767, -40.464783], [-71.957273, -40.46373], [-71.956039, -40.463477], [-71.956369, -40.462475]], [[-71.601613, -38.58935], [-71.604552, -38.588633], [-71.608184, -38.589333], [-71.612497, -38.588176], [-71.620238, -38.589752], [-71.622915, -38.585811], [-71.625313, -38.583895], [-71.627791, -38.583681], [-71.629653, -38.582423], [-71.630489, -38.580498], [-71.630548, -38.577676], [-71.632242, -38.575785]], [[-72.104828, -41.168152], [-72.105617, -41.16721], [-72.105385, -41.165893], [-72.102574, -41.16107], [-72.100669, -41.159519], [-72.099933, -41.1569]], [[-72.113647, -41.177904], [-72.108855, -41.176263], [-72.104658, -41.172841], [-72.100628, -41.170938], [-72.099075, -41.168696], [-72.095109, -41.166092], [-72.094721, -41.164716], [-72.096539, -41.16069]], [[-70.583006, -35.889372], [-70.58233, -35.890893], [-70.584143, -35.897133], [-70.583457, -35.89808], [-70.582867, -35.902973], [-70.583349, -35.903512], [-70.581171, -35.905737], [-70.58189, -35.908335], [-70.581075, -35.908744], [-70.581236, -35.909726], [-70.578994, -35.914401], [-70.579412, -35.91593], [-70.582733, -35.919471], [-70.587068, -35.921869], [-70.590935, -35.926837], [-70.593996, -35.929123], [-70.594921, -35.931358], [-70.597101, -35.931621], [-70.597118, -35.932687], [-70.598339, -35.934217]], [[-71.117965, -36.210611], [-71.118748, -36.212314], [-71.118292, -36.213619], [-71.120545, -36.215688], [-71.119751, -36.216735], [-71.121679, -36.217871], [-71.121586, -36.218851], [-71.124131, -36.22087], [-71.124075, -36.221809], [-71.125464, -36.222904], [-71.126352, -36.22634], [-71.127478, -36.227794], [-71.127186, -36.229149], [-71.12927, -36.231626], [-71.128549, -36.234194], [-71.128964, -36.235841], [-71.130979, -36.238093], [-71.131496, -36.240797], [-71.134106, -36.24357], [-71.139519, -36.245045], [-71.14386, -36.244691], [-71.153174, -36.245969], [-71.155722, -36.24733], [-71.156403, -36.246955], [-71.161277, -36.248312], [-71.164463, -36.247287]], [[-71.153204, -36.245976], [-71.153756, -36.246315]], [[-71.140747, -36.197555], [-71.132194, -36.196731], [-71.130204, -36.197501], [-71.127948, -36.198917], [-71.124995, -36.203969], [-71.121285, -36.203919], [-71.118388, -36.205557], [-71.117965, -36.210611]], [[-71.127484, -36.227853], [-71.12732, -36.2285]], [[-71.236878, -36.237448], [-71.243645, -36.238677], [-71.250069, -36.243468], [-71.255919, -36.244667], [-71.2577, -36.245679], [-71.260495, -36.24545], [-71.263048, -36.243884], [-71.265146, -36.247375], [-71.269298, -36.247847], [-71.271492, -36.246592], [-71.277049, -36.251087], [-71.281126, -36.252428], [-71.283159, -36.254877], [-71.284597, -36.253644], [-71.286169, -36.253458], [-71.288293, -36.255491], [-71.294478, -36.255439], [-71.297944, -36.257628], [-71.308844, -36.257766], [-71.312513, -36.260522], [-71.316467, -36.261166], [-71.318076, -36.262403], [-71.336889, -36.267148]], [[-71.164463, -36.247287], [-71.165738, -36.247767], [-71.167561, -36.247105], [-71.170407, -36.247509], [-71.171236, -36.246791], [-71.178982, -36.246761], [-71.184395, -36.244308], [-71.186519, -36.245311], [-71.190569, -36.24527], [-71.193091, -36.24598], [-71.196846, -36.244628], [-71.204176, -36.244297], [-71.206351, -36.243192], [-71.206692, -36.242257], [-71.209267, -36.241374], [-71.210214, -36.239826], [-71.21155, -36.239622], [-71.212167, -36.23777], [-71.214634, -36.234746], [-71.216362, -36.234019], [-71.217794, -36.234365], [-71.219451, -36.23353], [-71.224521, -36.233556], [-71.227021, -36.234508], [-71.229161, -36.234175], [-71.230658, -36.235845], [-71.236878, -36.237448]], [[-71.916847, -45.820893], [-71.917791, -45.819895]], [[-71.910624, -45.822235], [-71.913301, -45.822863]], [[-71.914964, -45.836966], [-71.913875, -45.836798], [-71.914246, -45.834664]], [[-71.914235, -45.833741], [-71.912765, -45.83216]], [[-71.963233, -45.909439], [-71.963898, -45.90857]], [[-71.268858, -36.247864], [-71.27117, -36.246588]], [[-70.254877, -33.081871], [-70.254075, -33.078893]], [[-70.254841, -33.082112], [-70.254877, -33.081871]], [[-70.254075, -33.078893], [-70.255172, -33.075227], [-70.255, -33.071487], [-70.252683, -33.065589], [-70.252683, -33.062927], [-70.250794, -33.058467], [-70.251395, -33.056237], [-70.25088, -33.053144], [-70.252005, -33.049566], [-70.251747, -33.04444], [-70.254687, -33.040464], [-70.253595, -33.033725]], [[-71.87078, -38.457076], [-71.869335, -38.455289], [-71.871655, -38.455524], [-71.875444, -38.453563], [-71.878579, -38.452822], [-71.882704, -38.450628], [-71.883997, -38.449215], [-71.885975, -38.448814], [-71.888105, -38.449925], [-71.892622, -38.446999], [-71.897792, -38.445565], [-71.898402, -38.444054], [-71.898052, -38.442414], [-71.901658, -38.440247], [-71.902344, -38.438644], [-71.901634, -38.437949]], [[-70.944406, -53.573909], [-70.94123, -53.575069], [-70.938957, -53.574372], [-70.937912, -53.573392]], [[-72.619827, -45.79505], [-72.618427, -45.792888], [-72.618894, -45.788362], [-72.617671, -45.784135], [-72.618492, -45.778374], [-72.619782, -45.776506], [-72.621174, -45.769289], [-72.619114, -45.768488]], [[-72.604933, -45.798947], [-72.606481, -45.797605], [-72.608407, -45.797182], [-72.609286, -45.796135], [-72.618427, -45.796434], [-72.619827, -45.79505]], [[-73.444462, -40.85154], [-73.443577, -40.850745], [-73.443598, -40.849621], [-73.441694, -40.849215], [-73.440084, -40.849848], [-73.439639, -40.851171], [-73.43818, -40.850607], [-73.438432, -40.852299], [-73.437252, -40.85122], [-73.4373, -40.8501], [-73.43464, -40.849649], [-73.434436, -40.851017], [-73.433873, -40.851179], [-73.431383, -40.850201], [-73.431056, -40.849446], [-73.429146, -40.8501], [-73.428073, -40.849333], [-73.42751, -40.850501], [-73.425917, -40.848623], [-73.425327, -40.849475], [-73.425863, -40.850643], [-73.423954, -40.850615], [-73.42427, -40.851532], [-73.421684, -40.850583], [-73.421164, -40.851621], [-73.419174, -40.851098], [-73.41661, -40.852486], [-73.416916, -40.851504], [-73.414856, -40.851938], [-73.414357, -40.85057], [-73.413072, -40.8514], [-73.412742, -40.849398], [-73.410902, -40.849012], [-73.409572, -40.849885], [-73.408644, -40.849767], [-73.409593, -40.848298], [-73.405817, -40.849694], [-73.405275, -40.848984], [-73.403502, -40.849126], [-73.403196, -40.849734], [-73.399476, -40.848481], [-73.398955, -40.85051], [-73.396203, -40.849097], [-73.39703, -40.84857], [-73.39682, -40.847166], [-73.394551, -40.847352], [-73.393108, -40.846306], [-73.39151, -40.847665], [-73.392202, -40.849223], [-73.390933, -40.849937], [-73.38967, -40.848992], [-73.388726, -40.850376], [-73.389595, -40.851074], [-73.387846, -40.850997], [-73.388672, -40.851999], [-73.386596, -40.850936], [-73.386564, -40.85223], [-73.385212, -40.852356], [-73.383737, -40.851272], [-73.384294, -40.850615], [-73.38298, -40.8504], [-73.382272, -40.850794], [-73.382154, -40.852145], [-73.380593, -40.851309], [-73.380647, -40.853573], [-73.379822, -40.853684], [-73.378351, -40.851759], [-73.378233, -40.853391], [-73.377551, -40.853906], [-73.374907, -40.851695], [-73.374714, -40.852469], [-73.375733, -40.853585], [-73.37319, -40.853058], [-73.371415, -40.855523], [-73.368528, -40.854382], [-73.369601, -40.853472], [-73.367954, -40.852824], [-73.366973, -40.854533], [-73.36576, -40.853916], [-73.364926, -40.854551], [-73.364497, -40.853863], [-73.365224, -40.852865], [-73.362595, -40.852398], [-73.363443, -40.850607], [-73.36126, -40.850437], [-73.360519, -40.851333], [-73.357864, -40.851597], [-73.358465, -40.852701], [-73.3567, -40.853695], [-73.357269, -40.855018], [-73.355069, -40.855143], [-73.353846, -40.854421], [-73.353648, -40.854953], [-73.354586, -40.855523], [-73.35324, -40.855776], [-73.35376, -40.856766], [-73.352156, -40.856997], [-73.349807, -40.854969], [-73.34905, -40.855038], [-73.348857, -40.855488], [-73.35044, -40.856348], [-73.348122, -40.85746], [-73.348476, -40.858036], [-73.346604, -40.858154], [-73.347291, -40.859497], [-73.345199, -40.858308], [-73.343841, -40.858527], [-73.343729, -40.859314], [-73.345386, -40.859736], [-73.343729, -40.8597], [-73.344217, -40.860625], [-73.341363, -40.860458], [-73.341374, -40.861404], [-73.33881, -40.862333], [-73.339384, -40.863392], [-73.336508, -40.863874], [-73.336465, -40.864799], [-73.33536, -40.865384], [-73.334561, -40.86501], [-73.335704, -40.86312], [-73.332866, -40.862475], [-73.332029, -40.862966], [-73.333064, -40.863858], [-73.331122, -40.863887], [-73.330275, -40.862876], [-73.329797, -40.863757], [-73.328934, -40.863862], [-73.327947, -40.861959], [-73.325672, -40.862199], [-73.325383, -40.863217], [-73.326858, -40.863688], [-73.327003, -40.864333], [-73.325645, -40.866163], [-73.323446, -40.86701]], [[-69.276534, -18.928067], [-69.279377, -18.931264], [-69.279184, -18.932705], [-69.28044, -18.93512], [-69.284946, -18.936044], [-69.285901, -18.935638], [-69.287907, -18.936632], [-69.28869, -18.936023], [-69.289774, -18.936967], [-69.291093, -18.936318], [-69.29207, -18.937343], [-69.295439, -18.936937], [-69.295857, -18.93854]], [[-69.17622, -18.9361], [-69.179926, -18.939804], [-69.186149, -18.940783], [-69.195376, -18.944558], [-69.204125, -18.94127], [-69.207387, -18.940768], [-69.208567, -18.938154], [-69.211024, -18.936871], [-69.218588, -18.937754], [-69.222322, -18.939636], [-69.22362, -18.94096], [-69.225379, -18.940976], [-69.228512, -18.938149], [-69.233887, -18.939357], [-69.236709, -18.93851], [-69.240593, -18.938855], [-69.242213, -18.937038], [-69.245335, -18.936206], [-69.248575, -18.934156], [-69.252995, -18.929965], [-69.255184, -18.929569], [-69.257174, -18.930137], [-69.259765, -18.929447], [-69.261042, -18.930178], [-69.263327, -18.928899], [-69.264636, -18.92896], [-69.265226, -18.927671], [-69.268262, -18.926981], [-69.269797, -18.927712], [-69.274785, -18.927184], [-69.276534, -18.928067]], [[-71.989051, -41.225168], [-71.991342, -41.225951], [-72.002581, -41.225933], [-72.007511, -41.227306], [-72.009893, -41.226444], [-72.012409, -41.227975], [-72.01748, -41.22912], [-72.024553, -41.232448], [-72.029358, -41.232991], [-72.039914, -41.236338]], [[-70.353718, -32.999252], [-70.353666, -32.999153]], [[-72.555723, -45.738249], [-72.556138, -45.736745], [-72.555315, -45.734744], [-72.555739, -45.733568], [-72.557627, -45.732082], [-72.559971, -45.731333], [-72.560711, -45.727221]], [[-71.056046, -36.524314], [-71.055284, -36.528485], [-71.052924, -36.533996], [-71.053002, -36.53553], [-71.050789, -36.538543], [-71.051052, -36.547012], [-71.053104, -36.548087], [-71.054179, -36.54796], [-71.057516, -36.55016], [-71.061118, -36.550806], [-71.061923, -36.551784], [-71.063964, -36.552088], [-71.068003, -36.557141], [-71.070339, -36.558511], [-71.071648, -36.564289], [-71.071139, -36.56771], [-71.074443, -36.572217], [-71.073939, -36.573003], [-71.074529, -36.5754], [-71.076975, -36.578547], [-71.079038, -36.579637], [-71.082219, -36.579807], [-71.087894, -36.58181], [-71.093355, -36.581121], [-71.095635, -36.579633], [-71.097467, -36.579635], [-71.099331, -36.578685]], [[-71.051341, -36.520293], [-71.053919, -36.521393], [-71.056046, -36.524314]], [[-72.039914, -41.236338], [-72.041695, -41.237613], [-72.044544, -41.238074], [-72.045917, -41.239333], [-72.052703, -41.240131], [-72.056, -41.244236]], [[-72.488101, -41.067416], [-72.4872, -41.0649], [-72.488147, -41.061791], [-72.490336, -41.060626], [-72.491196, -41.059403], [-72.494273, -41.058531], [-72.499606, -41.055845], [-72.50099, -41.054535], [-72.502295, -41.052264], [-72.503808, -41.051471], [-72.504948, -41.049195], [-72.505278, -41.046754], [-72.510106, -41.042821], [-72.512898, -41.041677], [-72.514312, -41.039446], [-72.516071, -41.038815], [-72.517638, -41.037019], [-72.518968, -41.033992], [-72.518453, -41.033312], [-72.519335, -41.03], [-72.521285, -41.027566], [-72.526352, -41.024512], [-72.530536, -41.023606], [-72.531394, -41.022731], [-72.549097, -41.017777], [-72.557914, -41.011344], [-72.562956, -41.01102], [-72.568922, -41.008357], [-72.573122, -41.007573], [-72.574238, -41.007888], [-72.575955, -41.006723], [-72.576703, -41.006059], [-72.576252, -41.004093], [-72.576821, -40.999975], [-72.580225, -40.992335], [-72.580066, -40.988765], [-72.581372, -40.985836], [-72.581087, -40.981922], [-72.582742, -40.977782], [-72.589661, -40.970529], [-72.593004, -40.969799], [-72.593261, -40.968829], [-72.595313, -40.968526], [-72.594224, -40.967864], [-72.59462, -40.966565], [-72.598689, -40.965922], [-72.5986, -40.963385], [-72.60043, -40.963609], [-72.600122, -40.965126], [-72.603439, -40.96703], [-72.605318, -40.966703], [-72.605821, -40.964657], [-72.610383, -40.96369], [-72.610945, -40.962993], [-72.61072, -40.961542], [-72.608968, -40.960076], [-72.610573, -40.959049]], [[-72.624578, -41.348049], [-72.62616, -41.348291], [-72.629137, -41.35152], [-72.631141, -41.351905], [-72.632956, -41.352682], [-72.634182, -41.354043], [-72.635754, -41.354069], [-72.637692, -41.355083], [-72.640419, -41.357917], [-72.644403, -41.35979], [-72.645204, -41.36108], [-72.645268, -41.366418], [-72.644794, -41.366759], [-72.645266, -41.367445], [-72.644359, -41.371672], [-72.645097, -41.373139], [-72.645266, -41.375768], [-72.644241, -41.37955], [-72.644845, -41.381708], [-72.644565, -41.383367], [-72.643828, -41.383953], [-72.644498, -41.385672], [-72.643827, -41.388278]], [[-70.253573, -33.033618], [-70.253099, -33.030571], [-70.253893, -33.02708], [-70.252756, -33.024328], [-70.25503, -33.020154], [-70.254215, -33.015836], [-70.254537, -33.0148], [-70.2537, -33.013648], [-70.252468, -33.005609]], [[-70.253595, -33.033725], [-70.253573, -33.033618]], [[-70.252468, -33.005609], [-70.250585, -33.000133], [-70.25253, -32.99651], [-70.253319, -32.993082]], [[-70.253319, -32.993082], [-70.254694, -32.990406]], [[-70.93771, -53.573359], [-70.937172, -53.573282]], [[-70.937912, -53.573392], [-70.93771, -53.573359]], [[-70.254216, -33.087351], [-70.253711, -33.084654], [-70.254841, -33.082112]], [[-70.100981, -34.200177], [-70.106137, -34.199235], [-70.106834, -34.196957], [-70.108473, -34.195316], [-70.110286, -34.190314], [-70.110222, -34.188451], [-70.108849, -34.187528], [-70.108119, -34.18609], [-70.109235, -34.179486], [-70.112368, -34.175297], [-70.110437, -34.171587], [-70.110887, -34.170184], [-70.109965, -34.167592], [-70.109857, -34.164485], [-70.108677, -34.162887], [-70.105587, -34.153885], [-70.103849, -34.151967], [-70.103184, -34.14941], [-70.101188, -34.147048], [-70.100652, -34.144846], [-70.099257, -34.143709], [-70.099472, -34.142111], [-70.10033, -34.141223], [-70.099751, -34.139145], [-70.100394, -34.135735], [-70.098806, -34.134119], [-70.099, -34.132396], [-70.09812, -34.130709], [-70.092455, -34.12467], [-70.090824, -34.121401], [-70.090366, -34.118198], [-70.086656, -34.11298], [-70.086656, -34.10944], [-70.088276, -34.106925], [-70.085965, -34.105533], [-70.085539, -34.104601], [-70.086015, -34.102296], [-70.084575, -34.100071], [-70.084688, -34.098398], [-70.083429, -34.095825], [-70.082905, -34.092767], [-70.085976, -34.090229], [-70.08639, -34.08891]], [[-70.208631, -32.553819], [-70.211733, -32.550033], [-70.216711, -32.539759], [-70.219801, -32.53701], [-70.229585, -32.523695]], [[-72.380752, -46.831815], [-72.387881, -46.833778], [-72.390161, -46.833624], [-72.392596, -46.834879], [-72.393905, -46.834406], [-72.395573, -46.835015]], [[-73.297471, -40.870024], [-73.294065, -40.869749], [-73.293604, -40.868759], [-73.29141, -40.871286], [-73.28994, -40.87039], [-73.288743, -40.870604], [-73.288164, -40.869903], [-73.287802, -40.866558]], [[-73.299676, -40.871339], [-73.30018, -40.869964], [-73.299773, -40.868625], [-73.298775, -40.868653], [-73.297471, -40.870024]], [[-73.323446, -40.86701], [-73.322947, -40.86729]], [[-73.322947, -40.86729], [-73.322791, -40.868041], [-73.320404, -40.868304], [-73.318275, -40.867189], [-73.317132, -40.867984], [-73.314858, -40.866661], [-73.313194, -40.867627], [-73.313586, -40.868568], [-73.31291, -40.869018], [-73.312181, -40.867607], [-73.311424, -40.867449], [-73.309708, -40.868223], [-73.309209, -40.869448], [-73.309686, -40.870633], [-73.307159, -40.869517], [-73.307245, -40.870686], [-73.305427, -40.872466], [-73.30474, -40.872146], [-73.304606, -40.87086], [-73.303877, -40.870706], [-73.303345, -40.871152], [-73.303329, -40.872856], [-73.301146, -40.873821], [-73.300148, -40.873764], [-73.299676, -40.871339]], [[-73.446258, -40.851781], [-73.445556, -40.851211], [-73.444462, -40.85154]], [[-73.508131, -40.820318], [-73.506194, -40.817133], [-73.504666, -40.817205], [-73.503733, -40.817972], [-73.505091, -40.820115], [-73.503193, -40.819057], [-73.500912, -40.820269], [-73.500078, -40.818694], [-73.497287, -40.816922], [-73.495045, -40.817462], [-73.493533, -40.820175], [-73.492439, -40.819238], [-73.48848, -40.818683], [-73.486378, -40.818751], [-73.485205, -40.819774], [-73.485574, -40.818951], [-73.484436, -40.819068], [-73.483757, -40.820921], [-73.482612, -40.820023], [-73.480184, -40.820577], [-73.48133, -40.82186], [-73.478644, -40.822779], [-73.479995, -40.823999], [-73.47731, -40.82484], [-73.477973, -40.826263], [-73.480749, -40.828459], [-73.479925, -40.830475], [-73.47995, -40.833292], [-73.481073, -40.834138], [-73.479369, -40.83536], [-73.476356, -40.835566], [-73.476621, -40.837408], [-73.473127, -40.839648], [-73.47258, -40.84094], [-73.471268, -40.84025], [-73.469169, -40.840759], [-73.469013, -40.839652], [-73.466612, -40.840087], [-73.465463, -40.842377], [-73.464535, -40.842195], [-73.464831, -40.841387], [-73.462781, -40.841432], [-73.463371, -40.840344], [-73.461151, -40.840263], [-73.458774, -40.841018], [-73.458291, -40.841793], [-73.456907, -40.84088], [-73.453656, -40.84116], [-73.453383, -40.842394], [-73.450588, -40.842787], [-73.449998, -40.843656], [-73.451698, -40.845303], [-73.450068, -40.845267], [-73.451151, -40.84603], [-73.450674, -40.847], [-73.451779, -40.84812], [-73.450427, -40.848704], [-73.451774, -40.849049], [-73.44811, -40.849954], [-73.448839, -40.851053], [-73.447021, -40.850315], [-73.447471, -40.851167], [-73.446258, -40.851781]], [[-72.263979, -40.910018], [-72.264692, -40.903941], [-72.264456, -40.900579], [-72.265583, -40.899331], [-72.264727, -40.895255], [-72.265845, -40.894205], [-72.266527, -40.891736], [-72.268554, -40.889546]], [[-71.140747, -36.197555], [-71.132194, -36.196731], [-71.130204, -36.197501], [-71.127948, -36.198917], [-71.124995, -36.203969], [-71.121285, -36.203919], [-71.118388, -36.205557], [-71.117965, -36.210611]], [[-71.117965, -36.210611], [-71.118748, -36.212314], [-71.118292, -36.213619], [-71.120545, -36.215688], [-71.119751, -36.216735], [-71.121679, -36.217871], [-71.121586, -36.218851], [-71.124131, -36.22087], [-71.124075, -36.221809], [-71.125464, -36.222904], [-71.126352, -36.22634], [-71.127478, -36.227794], [-71.127186, -36.229149], [-71.12927, -36.231626], [-71.128549, -36.234194], [-71.128964, -36.235841], [-71.130979, -36.238093], [-71.131496, -36.240797], [-71.134106, -36.24357], [-71.139519, -36.245045], [-71.14386, -36.244691], [-71.153174, -36.245969], [-71.155722, -36.24733], [-71.156403, -36.246955], [-71.161277, -36.248312], [-71.164463, -36.247287]], [[-71.164463, -36.247287], [-71.165738, -36.247767], [-71.167561, -36.247105], [-71.170407, -36.247509], [-71.171236, -36.246791], [-71.178982, -36.246761], [-71.184395, -36.244308], [-71.186519, -36.245311], [-71.190569, -36.24527], [-71.193091, -36.24598], [-71.196846, -36.244628], [-71.204176, -36.244297], [-71.206351, -36.243192], [-71.206692, -36.242257], [-71.209267, -36.241374], [-71.210214, -36.239826], [-71.21155, -36.239622], [-71.212167, -36.23777], [-71.214634, -36.234746], [-71.216362, -36.234019], [-71.217794, -36.234365], [-71.219451, -36.23353], [-71.224521, -36.233556], [-71.227021, -36.234508], [-71.229161, -36.234175], [-71.230658, -36.235845], [-71.236878, -36.237448]], [[-71.236878, -36.237448], [-71.243645, -36.238677], [-71.250069, -36.243468], [-71.255919, -36.244667], [-71.2577, -36.245679], [-71.260495, -36.24545], [-71.263048, -36.243884], [-71.265146, -36.247375], [-71.269298, -36.247847], [-71.271492, -36.246592], [-71.277049, -36.251087], [-71.281126, -36.252428], [-71.283159, -36.254877], [-71.284597, -36.253644], [-71.286169, -36.253458], [-71.288293, -36.255491], [-71.294478, -36.255439], [-71.297944, -36.257628], [-71.308844, -36.257766], [-71.312513, -36.260522], [-71.316467, -36.261166], [-71.318076, -36.262403], [-71.336889, -36.267148]], [[-71.153204, -36.245976], [-71.153756, -36.246315]], [[-71.127484, -36.227853], [-71.12732, -36.2285]], [[-71.268858, -36.247864], [-71.27117, -36.246588]], [[-72.604933, -45.798947], [-72.606481, -45.797605], [-72.608407, -45.797182], [-72.609286, -45.796135], [-72.618427, -45.796434], [-72.619827, -45.79505]], [[-72.619827, -45.79505], [-72.618427, -45.792888], [-72.618894, -45.788362], [-72.617671, -45.784135], [-72.618492, -45.778374], [-72.619782, -45.776506], [-72.621174, -45.769289], [-72.619114, -45.768488]], [[-72.619114, -45.768488], [-72.616512, -45.768013], [-72.612859, -45.766202], [-72.609088, -45.76737], [-72.606518, -45.763713], [-72.602887, -45.763751], [-72.596991, -45.76179], [-72.588966, -45.761363], [-72.576933, -45.758837], [-72.574777, -45.759091], [-72.571107, -45.760831], [-72.564182, -45.756378], [-72.561554, -45.752336], [-72.559617, -45.752167], [-72.556822, -45.753133], [-72.55569, -45.752583], [-72.558212, -45.745448], [-72.557455, -45.743063], [-72.555578, -45.740349], [-72.555562, -45.738571], [-72.556667, -45.737556], [-72.558984, -45.737178], [-72.561066, -45.733965], [-72.561758, -45.730865], [-72.560878, -45.726765], [-72.562771, -45.724727], [-72.566881, -45.723244], [-72.568141, -45.721881], [-72.566178, -45.718978], [-72.563598, -45.717881], [-72.560985, -45.718173], [-72.559226, -45.719986], [-72.557584, -45.719769], [-72.556999, -45.718956], [-72.557504, -45.716492], [-72.559816, -45.714222], [-72.563598, -45.712663], [-72.571553, -45.71272], [-72.575963, -45.714765], [-72.578194, -45.714435], [-72.578849, -45.713094], [-72.576692, -45.712555], [-72.574965, -45.7103], [-72.570405, -45.7103], [-72.56842, -45.709356], [-72.563898, -45.708727], [-72.56297, -45.707962], [-72.567262, -45.703958], [-72.569359, -45.703021], [-72.577647, -45.70295], [-72.582904, -45.701826]], [[-72.582904, -45.701826], [-72.584857, -45.700769], [-72.586091, -45.69793], [-72.583001, -45.690301], [-72.582926, -45.688809], [-72.583969, -45.686749], [-72.586788, -45.685459], [-72.591176, -45.686074], [-72.593901, -45.688427], [-72.594384, -45.691294], [-72.595291, -45.692114], [-72.598482, -45.688225], [-72.598735, -45.683529], [-72.597409, -45.681007], [-72.595521, -45.679673], [-72.590339, -45.678597], [-72.589304, -45.67766], [-72.589883, -45.676618], [-72.591659, -45.675767], [-72.597699, -45.675999], [-72.600789, -45.674849], [-72.601808, -45.673346], [-72.599727, -45.670913], [-72.599561, -45.66944], [-72.605671, -45.66728], [-72.607151, -45.666092], [-72.607366, -45.664619], [-72.60514, -45.662272], [-72.603691, -45.657705], [-72.604893, -45.653573], [-72.60411, -45.65078]], [[-72.60411, -45.65078], [-72.60426, -45.649355], [-72.606754, -45.645856], [-72.608439, -45.642042], [-72.610011, -45.640669], [-72.614216, -45.639019], [-72.612661, -45.636446], [-72.607554, -45.633831], [-72.606486, -45.632548], [-72.608525, -45.63053], [-72.607693, -45.626816], [-72.608809, -45.62302], [-72.609962, -45.621482], [-72.614946, -45.617688], [-72.608358, -45.61355], [-72.606545, -45.610731], [-72.602602, -45.60729], [-72.603562, -45.605196], [-72.605853, -45.602704], [-72.613304, -45.599581], [-72.614559, -45.598005], [-72.614415, -45.596399], [-72.613401, -45.595385], [-72.606218, -45.593726], [-72.605483, -45.592866], [-72.610182, -45.590505], [-72.618202, -45.59007], [-72.618433, -45.589015], [-72.617494, -45.586939], [-72.612886, -45.583751], [-72.615353, -45.582501], [-72.622574, -45.581521], [-72.622982, -45.58008], [-72.621823, -45.577369], [-72.622735, -45.576554], [-72.622794, -45.57542], [-72.624757, -45.575311]], [[-72.624757, -45.575311], [-72.627289, -45.575056], [-72.627525, -45.574245], [-72.626436, -45.572897], [-72.627531, -45.571744], [-72.631704, -45.569971], [-72.635127, -45.570253], [-72.638281, -45.569164], [-72.64298, -45.565483], [-72.643839, -45.56074], [-72.647838, -45.554332], [-72.650696, -45.544997], [-72.655543, -45.542968]], [[-72.655543, -45.542968], [-72.658231, -45.540791], [-72.665252, -45.540365], [-72.669336, -45.5351], [-72.673895, -45.531771], [-72.674249, -45.529185], [-72.671011, -45.5248], [-72.67224, -45.522984], [-72.67541, -45.522262], [-72.676687, -45.521346], [-72.676783, -45.519239], [-72.675231, -45.517344], [-72.6692, -45.514668], [-72.668809, -45.512753], [-72.669463, -45.511627], [-72.672475, -45.509469], [-72.674082, -45.506563], [-72.674808, -45.503482], [-72.674158, -45.501462], [-72.671912, -45.499742], [-72.669475, -45.499211], [-72.667201, -45.499549], [-72.666043, -45.500691], [-72.66601, -45.502377], [-72.669239, -45.504467], [-72.670001, -45.506257], [-72.667771, -45.508673], [-72.66542, -45.509076], [-72.664679, -45.506294], [-72.661021, -45.50367], [-72.660205, -45.501001], [-72.658695, -45.499118], [-72.65482, -45.495789], [-72.647615, -45.493206]], [[-72.647615, -45.493206], [-72.646036, -45.491732], [-72.644166, -45.487471], [-72.643071, -45.486433], [-72.636302, -45.486455], [-72.634424, -45.485538], [-72.632276, -45.483283], [-72.627938, -45.483784], [-72.625778, -45.48321], [-72.623999, -45.47911], [-72.625524, -45.475456], [-72.624796, -45.473605], [-72.620081, -45.470993], [-72.61714, -45.467889], [-72.611368, -45.465187], [-72.605799, -45.460988], [-72.597147, -45.456265], [-72.596409, -45.455185], [-72.595969, -45.453235], [-72.596732, -45.448808], [-72.597968, -45.445037], [-72.600701, -45.441437], [-72.600124, -45.440754], [-72.597337, -45.44052], [-72.596065, -45.43782], [-72.587368, -45.431586], [-72.586522, -45.430072], [-72.586241, -45.424762], [-72.587253, -45.42338], [-72.589655, -45.421916], [-72.590053, -45.420828], [-72.58791, -45.415055], [-72.58756, -45.412127], [-72.589595, -45.410232], [-72.592003, -45.409713], [-72.598444, -45.412811], [-72.605783, -45.411758]], [[-72.555723, -45.738249], [-72.556138, -45.736745], [-72.555315, -45.734744], [-72.555739, -45.733568], [-72.557627, -45.732082], [-72.559971, -45.731333], [-72.560711, -45.727221]]]}}, {"type": "Feature", "properties": {"id": "lago-llanquihue", "name": "Lago Llanquihue", "type": "lake", "region": "los-lagos", "season": "2026-2027", "opens": "2026-09-04", "closes": "2027-05-02", "cat": "sep", "rule_level": "waterbody", "phases": [{"s": "2026-09-04", "e": "2026-11-12", "mode": "catch_and_release", "label": "Pesca con devolución obligatoria"}, {"s": "2026-11-13", "e": "2027-05-02", "mode": "retention", "label": "Pesca con retención: Devolución obligatoria de todas las truchas y fauna íctica nativa. Retención de 1 ejemplar de salmón salar, coho o chinook."}], "veda": [], "gear": ["Señuelo artificial con máximo un anzuelo simple sin rebarba. Pesca embarcada y de orilla solo a un radio no menor a 1.000 m del centro de desembocadura o nacimiento de cualquier afluente/efluente. Chinguillo máx. 100 cm / 70 cm.", "Señuelo artificial, máximo un anzuelo simple sin rebarba. Chinguillo máx. 100/70 cm."], "prohibitions": ["Prohibida la pesca desde puentes/caminos sobre los ríos Maullín, Pilmaiquén y Puelo o sus afluentes. Prohibidos bicheros/tenazas/ganchos. Prohibida pesca nocturna 22:00-06:00. Prohibida pesca en sector \"Las Compuertas\" del lago Puyehue. Prohibido eviscerar durante actividad y transporte.", "Mismas prohibiciones que la apertura anticipada (puentes, bicheros, pesca nocturna 22:00-06:00, Las Compuertas, eviscerado)."], "sources": [{"doc": "Resolución Exenta N° 2075, de 28 de agosto de 2025, DZ Pesca y Acuicultura Los Lagos", "url": "https://www.subpesca.cl/portal/615/w3-article-126974.html"}, {"doc": "Resolución Exenta N° 2075, de 28 de agosto de 2025, DZ Los Lagos", "url": null}]}, "geometry": {"type": "MultiPolygon", "coordinates": [[[[-72.874472, -40.995515], [-72.871098, -40.993983], [-72.865506, -40.993312], [-72.86483, -40.991897], [-72.861398, -40.990293], [-72.859912, -40.988873], [-72.861263, -40.987788], [-72.863616, -40.987797], [-72.867402, -40.989916], [-72.867485, -40.991052], [-72.866493, -40.991452], [-72.867375, -40.992427], [-72.87229, -40.992917], [-72.873633, -40.993379], [-72.874011, -40.994513], [-72.875819, -40.994991], [-72.879257, -40.99347], [-72.879271, -40.992275], [-72.881233, -40.991196], [-72.881349, -40.989378], [-72.884371, -40.987995], [-72.88496, -40.983753], [-72.885927, -40.983734], [-72.88613, -40.982908], [-72.886781, -40.983531], [-72.888498, -40.983568], [-72.886813, -40.981477], [-72.885473, -40.981295], [-72.888131, -40.980384], [-72.887026, -40.978374], [-72.885323, -40.978705], [-72.883727, -40.976571], [-72.882557, -40.976456], [-72.883931, -40.977268], [-72.883294, -40.978342], [-72.882523, -40.977948], [-72.882483, -40.978685], [-72.881475, -40.978611], [-72.882311, -40.979533], [-72.882027, -40.979892], [-72.880423, -40.980016], [-72.876598, -40.978878], [-72.878188, -40.974538], [-72.8795, -40.973211], [-72.879127, -40.972521], [-72.879614, -40.971364], [-72.878859, -40.969886], [-72.878756, -40.968743], [-72.879493, -40.967726], [-72.879189, -40.966682], [-72.877936, -40.966263], [-72.877743, -40.96474], [-72.876981, -40.964055], [-72.874149, -40.96382], [-72.873033, -40.961884], [-72.871419, -40.961131], [-72.870029, -40.961738], [-72.866003, -40.961185], [-72.861044, -40.962222], [-72.860473, -40.961933], [-72.860408, -40.960676], [-72.857876, -40.960505], [-72.857784, -40.958873], [-72.85514, -40.957999], [-72.853182, -40.95906], [-72.850395, -40.958657], [-72.84266, -40.960719], [-72.840718, -40.958943], [-72.833956, -40.959289], [-72.821033, -40.961418], [-72.818575, -40.962307], [-72.81655, -40.963958], [-72.815017, -40.966364], [-72.815124, -40.967929], [-72.813441, -40.969657], [-72.809894, -40.977211], [-72.807322, -40.985629], [-72.807046, -40.993792], [-72.807523, -40.9953], [-72.809593, -40.997621], [-72.807274, -41.000008], [-72.8013, -41.002021], [-72.797477, -41.006061], [-72.796067, -41.004703], [-72.792756, -41.003118], [-72.787808, -41.004448], [-72.786492, -41.003875], [-72.781793, -41.004326], [-72.775111, -41.003401], [-72.772458, -41.002049], [-72.77208, -41.0009], [-72.773116, -40.999253], [-72.774736, -40.998622], [-72.775425, -40.997617], [-72.774117, -40.997718], [-72.774162, -40.998487], [-72.773016, -40.999106], [-72.770455, -40.998261], [-72.765919, -41.000227], [-72.764884, -41.00278], [-72.765536, -41.003504], [-72.765485, -41.005198], [-72.766696, -41.00561], [-72.767196, -41.005104], [-72.768972, -41.009417], [-72.759864, -41.01266], [-72.758174, -41.013773], [-72.755673, -41.016966], [-72.752093, -41.018558], [-72.750625, -41.01836], [-72.750279, -41.017767], [-72.749314, -41.018146], [-72.74587, -41.016405], [-72.743402, -41.013922], [-72.746489, -41.013764], [-72.745591, -41.012266], [-72.74279, -41.011018], [-72.740438, -41.010854], [-72.73917, -41.009874], [-72.740044, -41.008455], [-72.742233, -41.00969], [-72.743566, -41.008783], [-72.743933, -41.007469], [-72.742536, -41.005508], [-72.740221, -41.00452], [-72.73391, -41.004895], [-72.724712, -41.008779], [-72.721381, -41.011092], [-72.720794, -41.012392], [-72.72235, -41.014752], [-72.7207, -41.019722], [-72.719281, -41.020674], [-72.715689, -41.020256], [-72.714072, -41.021082], [-72.713922, -41.02369], [-72.705851, -41.020661], [-72.702187, -41.020805], [-72.703113, -41.019501], [-72.702252, -41.018793], [-72.699097, -41.019758], [-72.697043, -41.019621], [-72.698752, -41.01813], [-72.69998, -41.017917], [-72.699696, -41.016077], [-72.6969, -41.016137], [-72.695568, -41.015203], [-72.693071, -41.015019], [-72.691775, -41.013203], [-72.687368, -41.013964], [-72.68287, -41.016231], [-72.682017, -41.017109], [-72.682124, -41.019362], [-72.681741, -41.018814], [-72.678407, -41.018674], [-72.67772, -41.017567], [-72.675789, -41.016761], [-72.676261, -41.016583], [-72.675497, -41.014424], [-72.672857, -41.014288], [-72.668, -41.016041], [-72.664982, -41.018138], [-72.666714, -41.022371], [-72.662016, -41.022258], [-72.658194, -41.023729], [-72.655283, -41.027705], [-72.666208, -41.036005], [-72.667093, -41.038052], [-72.666058, -41.041643], [-72.666165, -41.04363], [-72.670387, -41.047103], [-72.671972, -41.047034], [-72.673992, -41.048632], [-72.672924, -41.050531], [-72.672321, -41.054729], [-72.670687, -41.057835], [-72.666334, -41.058806], [-72.663816, -41.060578], [-72.660841, -41.060408], [-72.654836, -41.064588], [-72.651547, -41.067898], [-72.650879, -41.071451], [-72.646633, -41.076371], [-72.642495, -41.083542], [-72.640765, -41.089759], [-72.635105, -41.091109], [-72.630972, -41.096053], [-72.630832, -41.097303], [-72.63231, -41.097665], [-72.631997, -41.099037], [-72.633008, -41.100088], [-72.631787, -41.101576], [-72.632503, -41.101628], [-72.632831, -41.104114], [-72.634311, -41.106453], [-72.633051, -41.108073], [-72.632917, -41.109482], [-72.631455, -41.110383], [-72.631377, -41.111406], [-72.628671, -41.111865], [-72.626288, -41.1133], [-72.625109, -41.11535], [-72.62303, -41.116126], [-72.622628, -41.116876], [-72.621493, -41.116781], [-72.622547, -41.117274], [-72.622593, -41.118036], [-72.619213, -41.120133], [-72.617075, -41.12237], [-72.615182, -41.126478], [-72.615413, -41.12788], [-72.613894, -41.129139], [-72.610418, -41.1293], [-72.606234, -41.13407], [-72.604252, -41.134672], [-72.601551, -41.134175], [-72.596436, -41.135769], [-72.595229, -41.13728], [-72.593485, -41.137096], [-72.592986, -41.137765], [-72.593435, -41.138345], [-72.592142, -41.13989], [-72.589655, -41.139817], [-72.589425, -41.14054], [-72.590184, -41.141324], [-72.588513, -41.141439], [-72.588462, -41.142659], [-72.587619, -41.14334], [-72.58785, -41.144883], [-72.5852, -41.146394], [-72.576639, -41.149094], [-72.576601, -41.150171], [-72.578929, -41.151491], [-72.578575, -41.153069], [-72.576561, -41.154501], [-72.577247, -41.15524], [-72.578127, -41.154555], [-72.579342, -41.155002], [-72.578698, -41.155432], [-72.578881, -41.156084], [-72.582207, -41.161694], [-72.582126, -41.162599], [-72.580844, -41.163055], [-72.580394, -41.165139], [-72.581145, -41.167861], [-72.581027, -41.168624], [-72.58001, -41.168939], [-72.58063, -41.170358], [-72.577199, -41.172523], [-72.577078, -41.173062], [-72.578025, -41.173613], [-72.57619, -41.176347], [-72.576477, -41.176869], [-72.577625, -41.175949], [-72.579458, -41.176722], [-72.580179, -41.177665], [-72.579393, -41.178908], [-72.577929, -41.179946], [-72.575297, -41.180301], [-72.574085, -41.180388], [-72.570923, -41.178791], [-72.568399, -41.179944], [-72.56654, -41.179233], [-72.566387, -41.179974], [-72.565073, -41.180293], [-72.563429, -41.17839], [-72.561398, -41.178517], [-72.56205, -41.17883], [-72.561551, -41.179569], [-72.56246, -41.180812], [-72.5597, -41.181026], [-72.558756, -41.182375], [-72.559859, -41.183189], [-72.557914, -41.183539], [-72.556262, -41.182609], [-72.556889, -41.183167], [-72.55627, -41.184044], [-72.556838, -41.185223], [-72.555092, -41.187092], [-72.556629, -41.188265], [-72.556227, -41.189298], [-72.555366, -41.189171], [-72.555395, -41.189853], [-72.553735, -41.190041], [-72.554344, -41.190548], [-72.554178, -41.191478], [-72.551399, -41.192057], [-72.550061, -41.193077], [-72.547756, -41.192104], [-72.548167, -41.191349], [-72.546657, -41.190132], [-72.546189, -41.190646], [-72.544296, -41.190445], [-72.544146, -41.192841], [-72.542878, -41.19348], [-72.544457, -41.194617], [-72.54243, -41.196285], [-72.542835, -41.196906], [-72.541555, -41.197386], [-72.54229, -41.199519], [-72.541335, -41.200043], [-72.542864, -41.200962], [-72.541461, -41.201261], [-72.542033, -41.202039], [-72.540627, -41.203133], [-72.540933, -41.203955], [-72.539305, -41.204715], [-72.540289, -41.206683], [-72.544559, -41.211193], [-72.55302, -41.215563], [-72.555513, -41.216235], [-72.561991, -41.216988], [-72.566331, -41.218283], [-72.568377, -41.218091], [-72.574304, -41.219617], [-72.575799, -41.219431], [-72.588793, -41.222655], [-72.593748, -41.219318], [-72.603686, -41.223512], [-72.609233, -41.223818], [-72.610029, -41.223093], [-72.611718, -41.22293], [-72.614809, -41.223631], [-72.618763, -41.22195], [-72.636178, -41.226883], [-72.64545, -41.224515], [-72.653854, -41.222931], [-72.65668, -41.223072], [-72.666088, -41.221059], [-72.672303, -41.2188], [-72.673088, -41.218184], [-72.672944, -41.217419], [-72.675684, -41.217653], [-72.676808, -41.217066], [-72.678284, -41.217516], [-72.681792, -41.216051], [-72.684761, -41.215997], [-72.691163, -41.214028], [-72.703472, -41.214766], [-72.713968, -41.213608], [-72.717897, -41.214191], [-72.722524, -41.215737], [-72.72913, -41.219401], [-72.732654, -41.220621], [-72.735211, -41.222657], [-72.744546, -41.225058], [-72.746724, -41.228239], [-72.752015, -41.229147], [-72.755213, -41.231011], [-72.75831, -41.234012], [-72.762542, -41.236642], [-72.768398, -41.242964], [-72.769516, -41.244942], [-72.769457, -41.246801], [-72.771717, -41.248451], [-72.775741, -41.248925], [-72.778878, -41.248426], [-72.781109, -41.249796], [-72.782641, -41.251706], [-72.783791, -41.251978], [-72.790386, -41.251573], [-72.794648, -41.250569], [-72.795174, -41.251264], [-72.796794, -41.250935], [-72.799889, -41.252317], [-72.802658, -41.256188], [-72.811375, -41.257412], [-72.812426, -41.261346], [-72.814296, -41.26334], [-72.816466, -41.264269], [-72.820958, -41.264715], [-72.824783, -41.26881], [-72.827814, -41.270205], [-72.834324, -41.271564], [-72.845058, -41.272291], [-72.85377, -41.277335], [-72.860963, -41.278326], [-72.87023, -41.277423], [-72.872701, -41.278703], [-72.873599, -41.280193], [-72.872572, -41.282882], [-72.870753, -41.284329], [-72.869628, -41.28433], [-72.870737, -41.284021], [-72.871912, -41.282475], [-72.872591, -41.280002], [-72.870807, -41.278379], [-72.869517, -41.278523], [-72.869321, -41.28006], [-72.867886, -41.281838], [-72.866084, -41.282638], [-72.864434, -41.285663], [-72.865287, -41.287409], [-72.865617, -41.286661], [-72.866634, -41.287465], [-72.867393, -41.287147], [-72.868062, -41.2888], [-72.87177, -41.29096], [-72.872331, -41.292556], [-72.871223, -41.294263], [-72.871526, -41.296957], [-72.8738, -41.302188], [-72.87615, -41.304195], [-72.876525, -41.305861], [-72.879699, -41.306941], [-72.879794, -41.307605], [-72.887233, -41.308618], [-72.887973, -41.308432], [-72.888861, -41.306939], [-72.891286, -41.307281], [-72.897189, -41.310226], [-72.909967, -41.308352], [-72.915985, -41.30884], [-72.920747, -41.310731], [-72.929948, -41.312701], [-72.936819, -41.311606], [-72.942419, -41.309182], [-72.943846, -41.309716], [-72.947132, -41.309438], [-72.950364, -41.313229], [-72.953185, -41.322981], [-72.954078, -41.324502], [-72.955109, -41.324597], [-72.954489, -41.325101], [-72.956091, -41.32584], [-72.957314, -41.327612], [-72.9609, -41.327872], [-72.971964, -41.325022], [-72.972825, -41.323819], [-72.975486, -41.322357], [-72.975993, -41.320965], [-72.98111, -41.318167], [-72.981767, -41.3174], [-72.981062, -41.316962], [-72.98192, -41.317065], [-72.982556, -41.315812], [-72.981085, -41.314039], [-72.978291, -41.312778], [-72.976671, -41.310034], [-72.977197, -41.297781], [-72.980252, -41.292689], [-72.977607, -41.288648], [-72.977835, -41.286657], [-72.981845, -41.281808], [-72.984423, -41.27985], [-72.984782, -41.278518], [-72.986625, -41.276325], [-72.987424, -41.272767], [-72.990071, -41.268858], [-72.990887, -41.264834], [-72.999246, -41.259605], [-73.000578, -41.259779], [-73.003332, -41.25818], [-73.003595, -41.256311], [-73.003075, -41.255658], [-73.002324, -41.255966], [-73.00084, -41.255342], [-73.001137, -41.253935], [-73.000368, -41.252534], [-73.004373, -41.248749], [-73.004689, -41.247838], [-73.004024, -41.247017], [-73.005066, -41.246432], [-73.004588, -41.246026], [-73.005306, -41.246163], [-73.009214, -41.241898], [-73.010049, -41.237854], [-73.011894, -41.234867], [-73.012669, -41.231468], [-73.012072, -41.22958], [-73.009383, -41.228086], [-73.005668, -41.227522], [-73.0054, -41.226938], [-73.011614, -41.223703], [-73.016521, -41.223132], [-73.019496, -41.223594], [-73.021249, -41.222324], [-73.029674, -41.219883], [-73.033508, -41.216986], [-73.034827, -41.213578], [-73.034762, -41.211879], [-73.033955, -41.210064], [-73.032335, -41.209259], [-73.01499, -41.211797], [-73.010672, -41.210427], [-73.007659, -41.208154], [-73.001701, -41.206875], [-72.99803, -41.204471], [-73.002082, -41.201694], [-73.009829, -41.199347], [-73.016633, -41.195583], [-73.022871, -41.194327], [-73.022459, -41.192415], [-73.020622, -41.192558], [-73.020319, -41.191841], [-73.018772, -41.191814], [-73.018986, -41.190878], [-73.017189, -41.18922], [-73.010215, -41.189145], [-73.009048, -41.18859], [-73.00298, -41.192702], [-72.998333, -41.194072], [-72.992051, -41.194015], [-72.990675, -41.194835], [-72.98515, -41.19392], [-72.98288, -41.194214], [-72.981274, -41.192572], [-72.981542, -41.189956], [-72.980979, -41.188685], [-72.97735, -41.187177], [-72.965602, -41.187936], [-72.962732, -41.187542], [-72.960575, -41.18945], [-72.957555, -41.189488], [-72.956968, -41.188743], [-72.956989, -41.187062], [-72.958191, -41.182647], [-72.958061, -41.179759], [-72.950294, -41.177106], [-72.948159, -41.174281], [-72.943514, -41.17287], [-72.94386, -41.167206], [-72.943436, -41.166607], [-72.945021, -41.164993], [-72.94769, -41.163852], [-72.952043, -41.160585], [-72.95329, -41.15876], [-72.965355, -41.154699], [-72.972935, -41.149477], [-72.977696, -41.147707], [-72.979159, -41.146431], [-72.98126, -41.146022], [-72.98517, -41.14745], [-72.995264, -41.145887], [-73.004196, -41.145769], [-73.010345, -41.147385], [-73.009139, -41.148016], [-73.009733, -41.1483], [-73.010306, -41.147717], [-73.01241, -41.148581], [-73.01298, -41.14942], [-73.016416, -41.14951], [-73.018724, -41.147772], [-73.019442, -41.146695], [-73.018628, -41.146771], [-73.018913, -41.146436], [-73.020001, -41.146647], [-73.02013, -41.145995], [-73.023934, -41.143543], [-73.025318, -41.140014], [-73.024691, -41.139366], [-73.025799, -41.139108], [-73.027068, -41.13511], [-73.026807, -41.1284], [-73.025809, -41.126765], [-73.023902, -41.126288], [-73.018832, -41.121714], [-73.012371, -41.120176], [-73.005094, -41.119951], [-73.000894, -41.1175], [-72.996296, -41.11612], [-72.992866, -41.113333], [-72.990007, -41.112992], [-72.984163, -41.110224], [-72.979611, -41.109385], [-72.976207, -41.105082], [-72.977318, -41.101737], [-72.980754, -41.100761], [-72.981384, -41.098821], [-72.979852, -41.095954], [-72.977597, -41.094081], [-72.966592, -41.091556], [-72.964433, -41.092091], [-72.958651, -41.091688], [-72.956093, -41.093147], [-72.950297, -41.094572], [-72.946871, -41.094178], [-72.943597, -41.092654], [-72.939329, -41.089922], [-72.936073, -41.08481], [-72.934192, -41.078126], [-72.935947, -41.075162], [-72.935711, -41.07391], [-72.93335, -41.071156], [-72.929735, -41.069913], [-72.927469, -41.068121], [-72.92177, -41.066337], [-72.916124, -41.066268], [-72.904282, -41.061831], [-72.898903, -41.06176], [-72.897093, -41.062464], [-72.895651, -41.06201], [-72.895251, -41.060305], [-72.896838, -41.059778], [-72.897171, -41.05869], [-72.896659, -41.05819], [-72.897203, -41.057342], [-72.894677, -41.052417], [-72.894959, -41.050252], [-72.90021, -41.04301], [-72.903692, -41.041037], [-72.90706, -41.040338], [-72.909404, -41.0384], [-72.913317, -41.038378], [-72.912863, -41.034924], [-72.91722, -41.031952], [-72.92017, -41.030799], [-72.920415, -41.028288], [-72.918443, -41.026329], [-72.918373, -41.025564], [-72.919637, -41.022834], [-72.921697, -41.022454], [-72.922308, -41.021503], [-72.923861, -41.021127], [-72.923279, -41.019754], [-72.923626, -41.018174], [-72.922432, -41.017933], [-72.920466, -41.020664], [-72.920138, -41.018656], [-72.921501, -41.018005], [-72.926168, -41.012773], [-72.927681, -41.010635], [-72.927815, -41.008344], [-72.926405, -41.007204], [-72.925247, -41.007898], [-72.923613, -41.00709], [-72.924394, -41.006593], [-72.923569, -41.005782], [-72.924036, -41.004893], [-72.921337, -41.002757], [-72.919854, -41.000626], [-72.922712, -40.997638], [-72.921206, -40.997128], [-72.920769, -40.998278], [-72.919167, -40.999257], [-72.91604, -40.997784], [-72.914432, -40.998129], [-72.91442, -40.997349], [-72.916604, -40.996323], [-72.91417, -40.995986], [-72.914404, -40.994558], [-72.913273, -40.993901], [-72.914094, -40.992859], [-72.913658, -40.992082], [-72.912853, -40.993058], [-72.912298, -40.9925], [-72.911718, -40.993271], [-72.910382, -40.992672], [-72.910681, -40.994545], [-72.912507, -40.995568], [-72.909927, -40.996991], [-72.910311, -40.997537], [-72.90982, -40.998881], [-72.907667, -40.999214], [-72.908646, -41.000455], [-72.90643, -41.002569], [-72.905335, -41.003172], [-72.905346, -41.002429], [-72.903208, -41.001322], [-72.898538, -41.00101], [-72.89794, -41.001686], [-72.900153, -41.005042], [-72.897464, -41.005335], [-72.895733, -41.006787], [-72.887087, -41.010494], [-72.885286, -41.010319], [-72.883188, -41.007338], [-72.883487, -41.002958], [-72.88252, -41.001263], [-72.877244, -40.997917], [-72.874338, -40.997143], [-72.874472, -40.995515]], [[-72.886597, -41.065794], [-72.887429, -41.067379], [-72.886597, -41.065794]], [[-72.788937, -41.004065], [-72.788937, -41.004065]]]]}}, {"type": "Feature", "properties": {"id": "lago-rupanco", "name": "Lago Rupanco", "type": "lake", "region": "los-lagos", "season": "2026-2027", "opens": "2026-09-04", "closes": "2027-05-02", "cat": "sep", "rule_level": "waterbody", "phases": [{"s": "2026-09-04", "e": "2026-11-12", "mode": "catch_and_release", "label": "Pesca con devolución obligatoria"}, {"s": "2026-11-13", "e": "2027-05-02", "mode": "retention", "label": "Pesca con retención: Devolución obligatoria de todas las truchas y fauna íctica nativa. Retención de 1 ejemplar de salmón salar, coho o chinook."}], "veda": [], "gear": ["Señuelo artificial con máximo un anzuelo simple sin rebarba. Pesca embarcada y de orilla solo a un radio no menor a 1.000 m del centro de desembocadura o nacimiento de cualquier afluente/efluente. Chinguillo máx. 100 cm / 70 cm.", "Señuelo artificial, máximo un anzuelo simple sin rebarba. Chinguillo máx. 100/70 cm."], "prohibitions": ["Prohibida la pesca desde puentes/caminos sobre los ríos Maullín, Pilmaiquén y Puelo o sus afluentes. Prohibidos bicheros/tenazas/ganchos. Prohibida pesca nocturna 22:00-06:00. Prohibida pesca en sector \"Las Compuertas\" del lago Puyehue. Prohibido eviscerar durante actividad y transporte.", "Mismas prohibiciones que la apertura anticipada (puentes, bicheros, pesca nocturna 22:00-06:00, Las Compuertas, eviscerado)."], "sources": [{"doc": "Resolución Exenta N° 2075, de 28 de agosto de 2025, DZ Pesca y Acuicultura Los Lagos", "url": "https://www.subpesca.cl/portal/615/w3-article-126974.html"}, {"doc": "Resolución Exenta N° 2075, de 28 de agosto de 2025, DZ Los Lagos", "url": null}]}, "geometry": {"type": "MultiPolygon", "coordinates": [[[[-72.39081, -40.826533], [-72.394428, -40.826925], [-72.398558, -40.825166], [-72.401657, -40.826615], [-72.402633, -40.826467], [-72.405864, -40.82242], [-72.406254, -40.82076], [-72.40553, -40.820138], [-72.407573, -40.817049], [-72.407422, -40.814609], [-72.425876, -40.804697], [-72.429643, -40.80322], [-72.436391, -40.801872], [-72.440565, -40.799695], [-72.446219, -40.798055], [-72.451304, -40.798745], [-72.458171, -40.795228], [-72.467644, -40.791549], [-72.466335, -40.790411], [-72.468009, -40.789656], [-72.467816, -40.788681], [-72.46257, -40.790346], [-72.461325, -40.79003], [-72.460617, -40.789055], [-72.457366, -40.788917], [-72.45654, -40.787593], [-72.458394, -40.78575], [-72.456931, -40.784445], [-72.458106, -40.782524], [-72.467672, -40.779136], [-72.471961, -40.7809], [-72.47817, -40.779174], [-72.479717, -40.78146], [-72.481116, -40.782308], [-72.481495, -40.784469], [-72.482203, -40.78436], [-72.483229, -40.786086], [-72.500511, -40.78713], [-72.50823, -40.786597], [-72.509703, -40.787457], [-72.512569, -40.786946], [-72.513478, -40.785904], [-72.514549, -40.786487], [-72.515422, -40.786195], [-72.517165, -40.784725], [-72.5178, -40.783066], [-72.512366, -40.785154], [-72.50923, -40.784827], [-72.506918, -40.783185], [-72.50725, -40.781598], [-72.525669, -40.774022], [-72.534636, -40.773306], [-72.540179, -40.771255], [-72.547043, -40.771532], [-72.556095, -40.770017], [-72.560676, -40.770359], [-72.563359, -40.771507], [-72.564942, -40.771507], [-72.565913, -40.7713], [-72.565598, -40.770291], [-72.568286, -40.768249], [-72.573897, -40.766416], [-72.575984, -40.766835], [-72.577556, -40.768655], [-72.577363, -40.770101], [-72.579863, -40.770902], [-72.582443, -40.770568], [-72.584014, -40.768379], [-72.588784, -40.766107], [-72.592587, -40.767513], [-72.598091, -40.768216], [-72.601594, -40.767863], [-72.604514, -40.766083], [-72.609197, -40.764812], [-72.611434, -40.765677], [-72.62229, -40.764968], [-72.627346, -40.765664], [-72.631631, -40.769892], [-72.639738, -40.771107], [-72.643833, -40.770613], [-72.643157, -40.769256], [-72.643919, -40.768631], [-72.648114, -40.769459], [-72.653672, -40.768647], [-72.655764, -40.769947], [-72.663625, -40.769733], [-72.665626, -40.771883], [-72.667616, -40.772482], [-72.667969, -40.772016], [-72.667153, -40.771926], [-72.667205, -40.77144], [-72.668023, -40.771817], [-72.66807, -40.770453], [-72.668757, -40.769803], [-72.671261, -40.769695], [-72.674931, -40.771737], [-72.676778, -40.773786], [-72.678262, -40.77421], [-72.679202, -40.776306], [-72.677786, -40.777447], [-72.681483, -40.777503], [-72.68738, -40.781767], [-72.688787, -40.78531], [-72.687954, -40.787427], [-72.689425, -40.788909], [-72.685015, -40.79228], [-72.685863, -40.796727], [-72.685474, -40.798615], [-72.680912, -40.799715], [-72.675397, -40.802227], [-72.67097, -40.802616], [-72.66951, -40.803879], [-72.664255, -40.804163], [-72.661771, -40.806949], [-72.657267, -40.808662], [-72.655029, -40.810642], [-72.651822, -40.810786], [-72.645959, -40.807729], [-72.643171, -40.808972], [-72.641039, -40.811028], [-72.639481, -40.813691], [-72.637139, -40.81543], [-72.632455, -40.816696], [-72.628569, -40.818914], [-72.622212, -40.820729], [-72.617623, -40.820878], [-72.614298, -40.820164], [-72.609347, -40.824059], [-72.600716, -40.827468], [-72.584935, -40.828787], [-72.580028, -40.828189], [-72.560461, -40.831623], [-72.550408, -40.83499], [-72.539638, -40.84124], [-72.53878, -40.843123], [-72.539123, -40.848382], [-72.544015, -40.853576], [-72.544769, -40.855742], [-72.542728, -40.858509], [-72.541612, -40.86208], [-72.539981, -40.863443], [-72.532742, -40.864876], [-72.523295, -40.86526], [-72.513721, -40.866908], [-72.503334, -40.871674], [-72.493737, -40.87776], [-72.484865, -40.879003], [-72.483125, -40.880441], [-72.481023, -40.881151], [-72.480231, -40.882473], [-72.478701, -40.883041], [-72.477411, -40.884601], [-72.473892, -40.886937], [-72.468577, -40.888439], [-72.466596, -40.888689], [-72.464587, -40.887452], [-72.464397, -40.886697], [-72.461137, -40.88515], [-72.45046, -40.885574], [-72.448015, -40.887241], [-72.444288, -40.886307], [-72.437904, -40.886243], [-72.434882, -40.885138], [-72.431791, -40.884913], [-72.424227, -40.888258], [-72.422825, -40.888163], [-72.415699, -40.884601], [-72.413633, -40.881965], [-72.411149, -40.880448], [-72.41072, -40.878306], [-72.417072, -40.874607], [-72.418195, -40.872548], [-72.419748, -40.871805], [-72.420786, -40.869312], [-72.422071, -40.869079], [-72.424968, -40.866234], [-72.427457, -40.866039], [-72.429621, -40.863909], [-72.432049, -40.863217], [-72.439553, -40.862992], [-72.448104, -40.860576], [-72.457146, -40.860118], [-72.458082, -40.860671], [-72.460349, -40.85933], [-72.462494, -40.859164], [-72.46342, -40.859808], [-72.467135, -40.858913], [-72.477525, -40.859546], [-72.484365, -40.857626], [-72.486758, -40.855204], [-72.492471, -40.852997], [-72.500861, -40.848245], [-72.502645, -40.847668], [-72.506851, -40.848836], [-72.510456, -40.844876], [-72.508996, -40.843123], [-72.509512, -40.842084], [-72.508224, -40.841304], [-72.500585, -40.84046], [-72.49827, -40.839248], [-72.487195, -40.838188], [-72.468395, -40.842544], [-72.460365, -40.845409], [-72.452205, -40.848996], [-72.451232, -40.84994], [-72.445226, -40.851431], [-72.443435, -40.852745], [-72.441294, -40.852948], [-72.439637, -40.854482], [-72.438365, -40.854453], [-72.436895, -40.855322], [-72.434358, -40.854888], [-72.434819, -40.854186], [-72.434441, -40.853851], [-72.431921, -40.854549], [-72.431062, -40.854225], [-72.428659, -40.856952], [-72.427036, -40.857647], [-72.425312, -40.860067], [-72.424539, -40.859418], [-72.423337, -40.860003], [-72.417329, -40.86552], [-72.412866, -40.867208], [-72.406257, -40.867987], [-72.40188, -40.869285], [-72.401193, -40.870064], [-72.402223, -40.871881], [-72.403682, -40.871881], [-72.406858, -40.874088], [-72.407552, -40.876788], [-72.407238, -40.879933], [-72.40557, -40.880741], [-72.402488, -40.878668], [-72.401383, -40.878908], [-72.401018, -40.882051], [-72.40223, -40.883353], [-72.4011, -40.885238], [-72.399991, -40.889921], [-72.397752, -40.892216], [-72.388852, -40.895523], [-72.381437, -40.895651], [-72.378241, -40.894082], [-72.375542, -40.89045], [-72.37656, -40.888624], [-72.374757, -40.886872], [-72.374997, -40.884787], [-72.366936, -40.884646], [-72.363495, -40.88332], [-72.358334, -40.88352], [-72.352184, -40.880967], [-72.35147, -40.87904], [-72.350401, -40.878847], [-72.344791, -40.878638], [-72.341372, -40.879421], [-72.340924, -40.879988], [-72.343805, -40.883859], [-72.340017, -40.886908], [-72.336115, -40.888534], [-72.334395, -40.890315], [-72.332715, -40.890974], [-72.330332, -40.890602], [-72.329489, -40.89167], [-72.329336, -40.893203], [-72.328297, -40.894149], [-72.328527, -40.895333], [-72.333389, -40.897052], [-72.333704, -40.897773], [-72.324005, -40.899762], [-72.319418, -40.899409], [-72.314407, -40.898005], [-72.311899, -40.892707], [-72.306899, -40.889667], [-72.302187, -40.888901], [-72.293558, -40.891776], [-72.292684, -40.892587], [-72.287712, -40.89226], [-72.283386, -40.893557], [-72.280627, -40.893045], [-72.279427, -40.891902], [-72.278009, -40.891954], [-72.275714, -40.889726], [-72.274539, -40.89075], [-72.27103, -40.89179], [-72.269987, -40.891474], [-72.269089, -40.889636], [-72.268208, -40.889298], [-72.263686, -40.891025], [-72.26176, -40.890197], [-72.259856, -40.890529], [-72.256902, -40.892205], [-72.253538, -40.896656], [-72.251209, -40.897847], [-72.249703, -40.896018], [-72.245952, -40.896248], [-72.244514, -40.894844], [-72.244699, -40.893623], [-72.242487, -40.892387], [-72.240831, -40.892732], [-72.240606, -40.891619], [-72.237887, -40.89088], [-72.234798, -40.891174], [-72.234139, -40.891981], [-72.231924, -40.891212], [-72.225316, -40.891042], [-72.223962, -40.891533], [-72.223625, -40.892386], [-72.221724, -40.892773], [-72.218015, -40.890926], [-72.217538, -40.889829], [-72.209459, -40.889555], [-72.203997, -40.887408], [-72.196067, -40.888821], [-72.19534, -40.887913], [-72.192789, -40.887489], [-72.19006, -40.88595], [-72.187876, -40.882874], [-72.180042, -40.88124], [-72.180042, -40.877376], [-72.182064, -40.873704], [-72.181812, -40.873168], [-72.183421, -40.872811], [-72.185749, -40.870609], [-72.189639, -40.870128], [-72.18937, -40.869246], [-72.193061, -40.865219], [-72.196535, -40.863978], [-72.197186, -40.8627], [-72.198863, -40.861854], [-72.199584, -40.859761], [-72.200995, -40.859584], [-72.202502, -40.857519], [-72.204081, -40.857124], [-72.208216, -40.857515], [-72.211387, -40.859358], [-72.212432, -40.859326], [-72.214603, -40.857863], [-72.218951, -40.857771], [-72.222598, -40.858929], [-72.22968, -40.859337], [-72.232976, -40.860822], [-72.237641, -40.861147], [-72.24185, -40.86265], [-72.244156, -40.865713], [-72.246699, -40.864414], [-72.252421, -40.867503], [-72.252515, -40.866667], [-72.257354, -40.868248], [-72.262726, -40.86797], [-72.268635, -40.872278], [-72.271315, -40.876291], [-72.276335, -40.878686], [-72.281721, -40.879493], [-72.283664, -40.878312], [-72.287106, -40.878041], [-72.288231, -40.877206], [-72.290012, -40.878539], [-72.292078, -40.878782], [-72.293408, -40.877422], [-72.294612, -40.87728], [-72.294698, -40.876494], [-72.296047, -40.875509], [-72.299529, -40.876368], [-72.302581, -40.876227], [-72.303224, -40.874401], [-72.304547, -40.874642], [-72.308683, -40.873217], [-72.317612, -40.872086], [-72.319023, -40.87079], [-72.322023, -40.869718], [-72.325723, -40.863056], [-72.327595, -40.861681], [-72.334682, -40.859544], [-72.337375, -40.859454], [-72.339146, -40.856288], [-72.338448, -40.853506], [-72.339997, -40.852617], [-72.340151, -40.850987], [-72.343378, -40.848198], [-72.347712, -40.846356], [-72.350212, -40.846062], [-72.352915, -40.844305], [-72.355641, -40.844321], [-72.356534, -40.843444], [-72.369018, -40.842736], [-72.371385, -40.841982], [-72.37331, -40.840416], [-72.373446, -40.839006], [-72.37497, -40.837395], [-72.383409, -40.83275], [-72.39081, -40.826533]], [[-72.376485, -40.868068], [-72.378115, -40.869301], [-72.381119, -40.867613], [-72.382407, -40.867613], [-72.38275, -40.871378], [-72.384295, -40.873455], [-72.387299, -40.875272], [-72.386098, -40.877608], [-72.387299, -40.881242], [-72.383008, -40.883514], [-72.376828, -40.882346], [-72.375455, -40.880139], [-72.376485, -40.876894], [-72.376656, -40.873844], [-72.375798, -40.868782], [-72.376485, -40.868068]], [[-72.4618, -40.876959], [-72.44781, -40.877089], [-72.442145, -40.876894], [-72.441888, -40.876375], [-72.445321, -40.876245], [-72.450213, -40.875012], [-72.453732, -40.875077], [-72.462744, -40.872806], [-72.464976, -40.874363], [-72.463002, -40.8767], [-72.4618, -40.876959]]]]}}, {"type": "Feature", "properties": {"id": "lago-puyehue", "name": "Lago Puyehue", "type": "lake", "region": "los-lagos", "season": "2026-2027", "opens": "2026-09-04", "closes": "2027-05-02", "cat": "sep", "rule_level": "waterbody", "phases": [{"s": "2026-09-04", "e": "2026-11-12", "mode": "catch_and_release", "label": "Pesca con devolución obligatoria"}, {"s": "2026-11-13", "e": "2027-05-02", "mode": "retention", "label": "Pesca con retención: Devolución obligatoria de todas las truchas y fauna íctica nativa. Retención de 1 ejemplar de salmón salar, coho o chinook."}], "veda": [], "gear": ["Señuelo artificial con máximo un anzuelo simple sin rebarba. Pesca embarcada y de orilla solo a un radio no menor a 1.000 m del centro de desembocadura o nacimiento de cualquier afluente/efluente. Chinguillo máx. 100 cm / 70 cm.", "Señuelo artificial, máximo un anzuelo simple sin rebarba. Chinguillo máx. 100/70 cm."], "prohibitions": ["Prohibida la pesca desde puentes/caminos sobre los ríos Maullín, Pilmaiquén y Puelo o sus afluentes. Prohibidos bicheros/tenazas/ganchos. Prohibida pesca nocturna 22:00-06:00. Prohibida pesca en sector \"Las Compuertas\" del lago Puyehue. Prohibido eviscerar durante actividad y transporte.", "Mismas prohibiciones que la apertura anticipada (puentes, bicheros, pesca nocturna 22:00-06:00, Las Compuertas, eviscerado)."], "sources": [{"doc": "Resolución Exenta N° 2075, de 28 de agosto de 2025, DZ Pesca y Acuicultura Los Lagos", "url": "https://www.subpesca.cl/portal/615/w3-article-126974.html"}, {"doc": "Resolución Exenta N° 2075, de 28 de agosto de 2025, DZ Los Lagos", "url": null}]}, "geometry": {"type": "MultiPolygon", "coordinates": [[[[-72.412923, -40.64662], [-72.411517, -40.646779], [-72.41147, -40.644844], [-72.40968, -40.639355], [-72.407806, -40.637339], [-72.403087, -40.634643], [-72.401367, -40.630903], [-72.399044, -40.628208], [-72.391475, -40.630186], [-72.384241, -40.633046], [-72.380706, -40.633463], [-72.377126, -40.635218], [-72.372521, -40.635542], [-72.364239, -40.638258], [-72.357968, -40.63823], [-72.353884, -40.640994], [-72.344174, -40.641867], [-72.343528, -40.64108], [-72.341816, -40.640944], [-72.338367, -40.64166], [-72.339026, -40.640975], [-72.338173, -40.640301], [-72.335941, -40.641805], [-72.335699, -40.642921], [-72.331686, -40.645065], [-72.330709, -40.649405], [-72.330652, -40.653286], [-72.328518, -40.658302], [-72.328842, -40.659592], [-72.327124, -40.659596], [-72.328761, -40.660873], [-72.327741, -40.661672], [-72.329391, -40.661649], [-72.332545, -40.664318], [-72.335747, -40.664609], [-72.336912, -40.663348], [-72.338222, -40.663008], [-72.341133, -40.665822], [-72.341855, -40.66836], [-72.341327, -40.668764], [-72.34173, -40.66982], [-72.340763, -40.670845], [-72.340612, -40.672815], [-72.341521, -40.674255], [-72.34055, -40.675573], [-72.33937, -40.675939], [-72.340315, -40.677136], [-72.339027, -40.678156], [-72.34027, -40.679113], [-72.340038, -40.681588], [-72.346024, -40.686356], [-72.348471, -40.687317], [-72.350046, -40.690598], [-72.352858, -40.692344], [-72.354648, -40.692441], [-72.355073, -40.693829], [-72.358117, -40.69444], [-72.360289, -40.693858], [-72.362613, -40.694137], [-72.370508, -40.697338], [-72.379043, -40.699666], [-72.379285, -40.700248], [-72.382825, -40.701605], [-72.383492, -40.703189], [-72.387259, -40.703916], [-72.388759, -40.705219], [-72.394832, -40.707365], [-72.394965, -40.709351], [-72.397989, -40.709254], [-72.398862, -40.709913], [-72.398885, -40.710779], [-72.401616, -40.711145], [-72.406782, -40.713269], [-72.40778, -40.715899], [-72.41634, -40.718602], [-72.423389, -40.718803], [-72.428099, -40.715798], [-72.427315, -40.710935], [-72.427875, -40.708506], [-72.429814, -40.704628], [-72.43055, -40.704271], [-72.433988, -40.706132], [-72.434755, -40.711801], [-72.438886, -40.716713], [-72.441937, -40.719224], [-72.442458, -40.721198], [-72.444003, -40.723426], [-72.449816, -40.725181], [-72.454509, -40.725758], [-72.460725, -40.725859], [-72.465284, -40.724515], [-72.466362, -40.723631], [-72.464705, -40.714102], [-72.468653, -40.711346], [-72.476324, -40.709435], [-72.486081, -40.709509], [-72.486148, -40.710533], [-72.484187, -40.713769], [-72.484642, -40.713965], [-72.486251, -40.712434], [-72.493152, -40.713425], [-72.494353, -40.712678], [-72.496667, -40.712472], [-72.497235, -40.712992], [-72.49648, -40.715394], [-72.49761, -40.715874], [-72.519224, -40.705286], [-72.524784, -40.701702], [-72.523972, -40.699562], [-72.526314, -40.700079], [-72.527932, -40.701177], [-72.530227, -40.700528], [-72.536514, -40.695661], [-72.540477, -40.693462], [-72.544875, -40.692605], [-72.55356, -40.68934], [-72.557514, -40.684825], [-72.560309, -40.683482], [-72.566019, -40.682771], [-72.572213, -40.680197], [-72.576251, -40.679908], [-72.580387, -40.681351], [-72.583917, -40.684048], [-72.594553, -40.682154], [-72.600385, -40.679987], [-72.603212, -40.679923], [-72.605547, -40.680886], [-72.60573, -40.680406], [-72.602045, -40.677453], [-72.604018, -40.675412], [-72.604986, -40.671987], [-72.60504, -40.666012], [-72.603785, -40.663641], [-72.601792, -40.661462], [-72.598327, -40.659733], [-72.594019, -40.655102], [-72.591208, -40.650429], [-72.589223, -40.648842], [-72.581933, -40.646005], [-72.579954, -40.644015], [-72.570748, -40.638218], [-72.56754, -40.637286], [-72.56629, -40.637355], [-72.564864, -40.639175], [-72.558292, -40.641324], [-72.554049, -40.641853], [-72.551034, -40.641483], [-72.545584, -40.643066], [-72.54096, -40.643575], [-72.538331, -40.642704], [-72.533589, -40.639598], [-72.52359, -40.638117], [-72.520419, -40.636175], [-72.514753, -40.634109], [-72.510713, -40.633723], [-72.506253, -40.635801], [-72.505698, -40.636829], [-72.50165, -40.637515], [-72.496343, -40.636892], [-72.493178, -40.633696], [-72.489518, -40.631489], [-72.483317, -40.629987], [-72.481147, -40.628504], [-72.463094, -40.624036], [-72.452712, -40.622406], [-72.442042, -40.623486], [-72.439676, -40.624439], [-72.436454, -40.627796], [-72.434398, -40.631299], [-72.42697, -40.636161], [-72.425905, -40.638661], [-72.427495, -40.640992], [-72.428062, -40.641], [-72.42756, -40.641784], [-72.429032, -40.643819], [-72.428234, -40.644499], [-72.42622, -40.644329], [-72.423519, -40.647866], [-72.421727, -40.646993], [-72.415641, -40.647937], [-72.412585, -40.647752], [-72.412923, -40.64662]], [[-72.507457, -40.710192], [-72.505443, -40.710097], [-72.506951, -40.709516], [-72.507457, -40.710192]], [[-72.442298, -40.663849], [-72.440484, -40.665661], [-72.440873, -40.666312], [-72.439219, -40.666273], [-72.438841, -40.667449], [-72.435086, -40.668503], [-72.433447, -40.669779], [-72.433456, -40.670801], [-72.432086, -40.67106], [-72.431054, -40.672683], [-72.428988, -40.67283], [-72.428841, -40.674109], [-72.426087, -40.675486], [-72.418956, -40.674945], [-72.415513, -40.673224], [-72.412907, -40.673519], [-72.412218, -40.674207], [-72.407055, -40.673322], [-72.405677, -40.672535], [-72.405481, -40.673765], [-72.404497, -40.673863], [-72.4073, -40.674896], [-72.407694, -40.675978], [-72.410005, -40.676273], [-72.410399, -40.67706], [-72.402776, -40.677945], [-72.401728, -40.677311], [-72.402676, -40.675978], [-72.402819, -40.67376], [-72.403589, -40.673625], [-72.403566, -40.671883], [-72.404896, -40.671408], [-72.404636, -40.670791], [-72.405399, -40.669938], [-72.404378, -40.667277], [-72.403273, -40.667301], [-72.402987, -40.666263], [-72.40631, -40.664941], [-72.409659, -40.661032], [-72.412187, -40.660632], [-72.414102, -40.661217], [-72.417106, -40.660862], [-72.419248, -40.661659], [-72.424481, -40.661564], [-72.429311, -40.659574], [-72.43125, -40.660192], [-72.43262, -40.660019], [-72.433056, -40.659294], [-72.434124, -40.65987], [-72.436159, -40.659551], [-72.438824, -40.660339], [-72.442298, -40.663849]], [[-72.401003, -40.667986], [-72.399602, -40.668182], [-72.398456, -40.667534], [-72.400751, -40.666998], [-72.401715, -40.667428], [-72.401003, -40.667986]], [[-72.391807, -40.684916], [-72.386293, -40.685271], [-72.382726, -40.683425], [-72.382231, -40.682741], [-72.382501, -40.680026], [-72.383747, -40.679107], [-72.385225, -40.679154], [-72.384994, -40.678307], [-72.386091, -40.676557], [-72.390285, -40.675675], [-72.391418, -40.676707], [-72.392984, -40.676536], [-72.392195, -40.677927], [-72.393282, -40.67864], [-72.392412, -40.679001], [-72.392118, -40.681091], [-72.389317, -40.681936], [-72.389405, -40.683181], [-72.391807, -40.684916]], [[-72.383754, -40.68726], [-72.381205, -40.686962], [-72.380816, -40.688069], [-72.379364, -40.687601], [-72.379259, -40.687033], [-72.380319, -40.686707], [-72.379583, -40.685234], [-72.380674, -40.683931], [-72.382694, -40.684211], [-72.38503, -40.685464], [-72.384802, -40.686774], [-72.383754, -40.68726]], [[-72.381411, -40.687655], [-72.385502, -40.688918], [-72.386281, -40.692031], [-72.3856, -40.6923], [-72.382774, -40.691108], [-72.383169, -40.690648], [-72.382167, -40.690609], [-72.381411, -40.687655]]]]}}, {"type": "Feature", "properties": {"id": "lago-todos-los-santos", "name": "Lago Todos los Santos", "type": "lake", "region": "los-lagos", "season": "2026-2027", "opens": "2026-11-01", "closes": "2027-05-02", "cat": "nov-early", "rule_level": "waterbody", "phases": [{"s": "2026-11-01", "e": "2027-05-02", "mode": "retention", "label": "Pesca con retención: 1 ejemplar de salmón salar, coho o chinook"}], "veda": [], "gear": ["Señuelo artificial, máximo un anzuelo simple sin rebarba. Parte superior del río Futaleufú (límite internacional hasta sector \"Sofía\") con devolución obligatoria de todos los salmonídeos. Chinguillo máx. 100/70 cm."], "prohibitions": ["Prohibida pesca desde puentes/caminos. Prohibidos bicheros/arpones/lanzas. Prohibida pesca nocturna 22:00-06:00. Prohibida pesca en sector \"Los Patos\" del río Petrohué. Prohibida pesca con motor encendido en todo el río Petrohué."], "sources": [{"doc": "Resolución Exenta N° 2428, de 27 de octubre de 2025, DZ Los Lagos", "url": null}]}, "geometry": {"type": "MultiPolygon", "coordinates": [[[[-72.285119, -41.175611], [-72.283822, -41.174604], [-72.284199, -41.173748], [-72.283762, -41.172576], [-72.284233, -41.169975], [-72.28635, -41.168169], [-72.285293, -41.167243], [-72.28585, -41.163735], [-72.28542, -41.162176], [-72.286021, -41.160821], [-72.285965, -41.158324], [-72.286862, -41.157823], [-72.285993, -41.156172], [-72.287112, -41.154235], [-72.285393, -41.151754], [-72.28751, -41.149894], [-72.285489, -41.149126], [-72.284997, -41.147376], [-72.287388, -41.144343], [-72.289417, -41.144094], [-72.289619, -41.14345], [-72.290837, -41.144244], [-72.292964, -41.143547], [-72.29394, -41.14429], [-72.295364, -41.144233], [-72.299821, -41.143086], [-72.30371, -41.145528], [-72.305261, -41.145781], [-72.307397, -41.144128], [-72.309915, -41.143935], [-72.310076, -41.142984], [-72.312334, -41.143199], [-72.312618, -41.14162], [-72.314472, -41.140871], [-72.316326, -41.140923], [-72.317017, -41.140191], [-72.318164, -41.140272], [-72.321593, -41.138713], [-72.325504, -41.138921], [-72.331029, -41.135644], [-72.332459, -41.134056], [-72.337852, -41.131749], [-72.343407, -41.130769], [-72.344742, -41.129764], [-72.346762, -41.12984], [-72.348898, -41.128193], [-72.352103, -41.12897], [-72.354825, -41.128448], [-72.357181, -41.129501], [-72.359917, -41.129753], [-72.360951, -41.131571], [-72.363735, -41.132234], [-72.365075, -41.13187], [-72.366455, -41.133393], [-72.372823, -41.135526], [-72.374653, -41.137061], [-72.376801, -41.136435], [-72.380132, -41.136573], [-72.381781, -41.136881], [-72.383534, -41.138272], [-72.388757, -41.1381], [-72.390033, -41.13917], [-72.391522, -41.139334], [-72.397084, -41.142017], [-72.402056, -41.140146], [-72.41108, -41.144432], [-72.411498, -41.143332], [-72.41017, -41.14223], [-72.401614, -41.138701], [-72.399996, -41.138891], [-72.398321, -41.136903], [-72.399981, -41.133829], [-72.399637, -41.132471], [-72.400174, -41.130351], [-72.399303, -41.129002], [-72.400735, -41.124247], [-72.400769, -41.120559], [-72.399602, -41.118685], [-72.400535, -41.116324], [-72.40053, -41.114106], [-72.399205, -41.111867], [-72.400284, -41.110112], [-72.399999, -41.107154], [-72.398071, -41.105379], [-72.398164, -41.103726], [-72.397188, -41.102562], [-72.397606, -41.101705], [-72.397183, -41.098309], [-72.398135, -41.097358], [-72.398025, -41.096429], [-72.395326, -41.096506], [-72.395141, -41.095103], [-72.393438, -41.092399], [-72.393629, -41.090728], [-72.396075, -41.087073], [-72.396067, -41.086229], [-72.394597, -41.085194], [-72.39428, -41.083362], [-72.389155, -41.08227], [-72.386416, -41.083209], [-72.381567, -41.080896], [-72.38037, -41.079739], [-72.374266, -41.079295], [-72.371528, -41.080345], [-72.369567, -41.081992], [-72.367201, -41.081175], [-72.365694, -41.081276], [-72.365028, -41.082319], [-72.361391, -41.082554], [-72.358044, -41.081891], [-72.357175, -41.081393], [-72.356864, -41.08014], [-72.35468, -41.078955], [-72.355034, -41.076144], [-72.35379, -41.072282], [-72.351531, -41.070709], [-72.349541, -41.067199], [-72.347503, -41.065314], [-72.347704, -41.063933], [-72.345298, -41.06261], [-72.34135, -41.062054], [-72.335293, -41.063571], [-72.329312, -41.063919], [-72.325911, -41.065423], [-72.319372, -41.064578], [-72.315638, -41.064857], [-72.30882, -41.067106], [-72.303134, -41.068084], [-72.296211, -41.071448], [-72.294154, -41.071854], [-72.289159, -41.070661], [-72.286225, -41.070608], [-72.281563, -41.071251], [-72.276856, -41.073001], [-72.275397, -41.072419], [-72.270856, -41.073564], [-72.265658, -41.072153], [-72.265338, -41.073189], [-72.263834, -41.073411], [-72.261736, -41.072817], [-72.260096, -41.0732], [-72.258127, -41.072413], [-72.257882, -41.072869], [-72.259034, -41.074615], [-72.261675, -41.075374], [-72.262667, -41.076556], [-72.262279, -41.077623], [-72.259347, -41.078121], [-72.258046, -41.080288], [-72.251048, -41.082861], [-72.247455, -41.082694], [-72.238725, -41.079156], [-72.235413, -41.076265], [-72.230436, -41.074711], [-72.228706, -41.071578], [-72.226817, -41.071513], [-72.225616, -41.07216], [-72.222811, -41.074774], [-72.221271, -41.074111], [-72.220807, -41.072732], [-72.219803, -41.072102], [-72.215773, -41.072499], [-72.216545, -41.070698], [-72.215717, -41.067822], [-72.213605, -41.070246], [-72.211037, -41.07036], [-72.212726, -41.071607], [-72.212655, -41.072937], [-72.211368, -41.074231], [-72.211092, -41.075503], [-72.21197, -41.076879], [-72.215846, -41.077044], [-72.216244, -41.077419], [-72.21431, -41.07827], [-72.215194, -41.079314], [-72.216668, -41.079729], [-72.218132, -41.078874], [-72.219404, -41.081183], [-72.217986, -41.082751], [-72.222542, -41.084807], [-72.223213, -41.085836], [-72.221205, -41.08655], [-72.217004, -41.086262], [-72.21317, -41.084065], [-72.207926, -41.085158], [-72.204673, -41.083806], [-72.202506, -41.081546], [-72.199181, -41.074809], [-72.199952, -41.06899], [-72.200271, -41.068485], [-72.201095, -41.068754], [-72.201181, -41.069821], [-72.202254, -41.069631], [-72.203167, -41.067829], [-72.201274, -41.067709], [-72.199952, -41.066013], [-72.197166, -41.068206], [-72.195307, -41.065049], [-72.19213, -41.066494], [-72.188738, -41.063295], [-72.188004, -41.061064], [-72.188365, -41.059218], [-72.187337, -41.056525], [-72.184312, -41.055175], [-72.1827, -41.05514], [-72.178336, -41.055477], [-72.177923, -41.056577], [-72.174361, -41.05555], [-72.171968, -41.053628], [-72.170981, -41.05447], [-72.167934, -41.054474], [-72.166368, -41.053596], [-72.164501, -41.051326], [-72.161824, -41.049838], [-72.160203, -41.047525], [-72.158839, -41.04692], [-72.15635, -41.047503], [-72.156641, -41.048513], [-72.154817, -41.04985], [-72.15427, -41.051735], [-72.152508, -41.053874], [-72.14906, -41.055371], [-72.147896, -41.058603], [-72.146603, -41.0591], [-72.144441, -41.058445], [-72.140815, -41.060965], [-72.139871, -41.062289], [-72.136008, -41.063618], [-72.134635, -41.065689], [-72.129852, -41.066086], [-72.127487, -41.06728], [-72.126832, -41.0699], [-72.125169, -41.072667], [-72.123906, -41.078267], [-72.121894, -41.080658], [-72.118597, -41.081251], [-72.119402, -41.082667], [-72.11909, -41.083875], [-72.116618, -41.0852], [-72.112324, -41.090164], [-72.109229, -41.091788], [-72.107325, -41.098838], [-72.107075, -41.103705], [-72.105791, -41.105609], [-72.103803, -41.106559], [-72.102902, -41.108211], [-72.100509, -41.109358], [-72.096739, -41.109641], [-72.089561, -41.111874], [-72.087044, -41.110597], [-72.085193, -41.11046], [-72.077357, -41.104616], [-72.072913, -41.103345], [-72.07111, -41.101995], [-72.070763, -41.100348], [-72.066117, -41.095591], [-72.059669, -41.090334], [-72.058361, -41.089811], [-72.056971, -41.090837], [-72.05099, -41.090024], [-72.049405, -41.087783], [-72.047392, -41.086849], [-72.040208, -41.088547], [-72.037729, -41.088477], [-72.034501, -41.089592], [-72.031027, -41.089448], [-72.026517, -41.09138], [-72.025854, -41.092993], [-72.026914, -41.094234], [-72.030036, -41.095443], [-72.03186, -41.097121], [-72.031293, -41.097929], [-72.033545, -41.100041], [-72.034305, -41.100079], [-72.035292, -41.102731], [-72.038165, -41.105467], [-72.038942, -41.107963], [-72.042133, -41.109303], [-72.041624, -41.109862], [-72.043615, -41.111257], [-72.047546, -41.112664], [-72.049865, -41.114523], [-72.054157, -41.116625], [-72.054364, -41.117919], [-72.05645, -41.118983], [-72.056386, -41.119868], [-72.059069, -41.121093], [-72.061217, -41.124049], [-72.064927, -41.126783], [-72.065438, -41.129719], [-72.0675, -41.134473], [-72.07069, -41.136416], [-72.070932, -41.137567], [-72.072412, -41.138792], [-72.073627, -41.138706], [-72.078563, -41.143164], [-72.079845, -41.146216], [-72.082989, -41.146616], [-72.089083, -41.148983], [-72.089383, -41.150591], [-72.090515, -41.151201], [-72.089753, -41.151896], [-72.094688, -41.152], [-72.094209, -41.15448], [-72.096011, -41.156225], [-72.09883, -41.157251], [-72.101237, -41.156484], [-72.09685, -41.15177], [-72.096984, -41.150999], [-72.095659, -41.149694], [-72.095917, -41.148876], [-72.091781, -41.146572], [-72.090349, -41.143526], [-72.090842, -41.140112], [-72.086213, -41.137607], [-72.086858, -41.130485], [-72.089796, -41.128766], [-72.092239, -41.128222], [-72.102206, -41.12763], [-72.103564, -41.126685], [-72.114449, -41.123719], [-72.117519, -41.124046], [-72.122721, -41.121577], [-72.122975, -41.120322], [-72.124827, -41.119769], [-72.127373, -41.117717], [-72.127459, -41.116301], [-72.129155, -41.114388], [-72.128762, -41.114024], [-72.129479, -41.110692], [-72.131014, -41.10807], [-72.13527, -41.103217], [-72.136584, -41.102525], [-72.138135, -41.099526], [-72.139015, -41.099284], [-72.139039, -41.097284], [-72.139971, -41.094896], [-72.139451, -41.093586], [-72.141556, -41.089326], [-72.140994, -41.08766], [-72.143685, -41.084686], [-72.143164, -41.082707], [-72.144748, -41.082498], [-72.144663, -41.085061], [-72.146707, -41.085461], [-72.147276, -41.081777], [-72.148655, -41.080289], [-72.150344, -41.079857], [-72.162843, -41.084175], [-72.167408, -41.090098], [-72.170724, -41.091505], [-72.170713, -41.09254], [-72.17229, -41.094893], [-72.17936, -41.098839], [-72.18429, -41.099223], [-72.191473, -41.104304], [-72.198833, -41.104902], [-72.199627, -41.104247], [-72.205056, -41.105614], [-72.210699, -41.108888], [-72.212126, -41.107885], [-72.221536, -41.108872], [-72.224153, -41.110892], [-72.228563, -41.112129], [-72.228541, -41.112857], [-72.230258, -41.113342], [-72.230295, -41.114164], [-72.234536, -41.116021], [-72.234952, -41.117452], [-72.238251, -41.11997], [-72.238605, -41.122071], [-72.245075, -41.126209], [-72.247649, -41.129086], [-72.251651, -41.130428], [-72.253196, -41.132125], [-72.258046, -41.134807], [-72.261189, -41.138096], [-72.260728, -41.141368], [-72.261264, -41.143105], [-72.259644, -41.147234], [-72.259934, -41.149698], [-72.258646, -41.153754], [-72.261093, -41.163996], [-72.260256, -41.167663], [-72.260213, -41.17187], [-72.261136, -41.173776], [-72.263086, -41.174884], [-72.264978, -41.176991], [-72.265407, -41.179667], [-72.264887, -41.181582], [-72.265464, -41.182533], [-72.265073, -41.184037], [-72.263396, -41.185843], [-72.261522, -41.186303], [-72.25787, -41.190413], [-72.25936, -41.191863], [-72.259388, -41.193584], [-72.257758, -41.194518], [-72.256898, -41.196569], [-72.255512, -41.197869], [-72.254924, -41.199972], [-72.257095, -41.205166], [-72.261068, -41.209764], [-72.261255, -41.212813], [-72.260336, -41.215151], [-72.260699, -41.216547], [-72.259934, -41.217636], [-72.260808, -41.217801], [-72.259843, -41.219228], [-72.260551, -41.223866], [-72.261525, -41.225681], [-72.261284, -41.22709], [-72.264021, -41.22711], [-72.265273, -41.228058], [-72.270172, -41.227579], [-72.274394, -41.224077], [-72.273618, -41.223266], [-72.273863, -41.222101], [-72.275331, -41.221244], [-72.274828, -41.22035], [-72.277636, -41.219796], [-72.278143, -41.218218], [-72.279074, -41.217621], [-72.280694, -41.218232], [-72.280828, -41.217668], [-72.281, -41.218339], [-72.282557, -41.218641], [-72.28644, -41.216994], [-72.289547, -41.217338], [-72.28995, -41.215951], [-72.289164, -41.214897], [-72.289449, -41.2133], [-72.28838, -41.212609], [-72.289553, -41.208277], [-72.288468, -41.206972], [-72.288353, -41.205177], [-72.289007, -41.203833], [-72.288266, -41.202716], [-72.286877, -41.202548], [-72.286184, -41.201595], [-72.285912, -41.196581], [-72.285467, -41.194886], [-72.284317, -41.194058], [-72.28499, -41.193353], [-72.28429, -41.189986], [-72.284961, -41.189137], [-72.283213, -41.183674], [-72.283254, -41.182175], [-72.284238, -41.180454], [-72.28338, -41.179937], [-72.28338, -41.179162], [-72.284839, -41.178257], [-72.284152, -41.177418], [-72.285119, -41.175611]], [[-72.304848, -41.111508], [-72.305456, -41.112029], [-72.304008, -41.113066], [-72.303971, -41.111744], [-72.304848, -41.111508]], [[-72.301566, -41.107187], [-72.303284, -41.108468], [-72.302388, -41.10897], [-72.299802, -41.10865], [-72.299218, -41.109721], [-72.298225, -41.109944], [-72.297962, -41.110578], [-72.298558, -41.110881], [-72.298048, -41.110703], [-72.295779, -41.112413], [-72.291976, -41.113108], [-72.291257, -41.112205], [-72.288542, -41.112102], [-72.287444, -41.112887], [-72.284566, -41.112987], [-72.283779, -41.113571], [-72.283091, -41.111509], [-72.281401, -41.110939], [-72.281535, -41.110135], [-72.280527, -41.109464], [-72.274331, -41.109161], [-72.272324, -41.108049], [-72.272941, -41.107435], [-72.272646, -41.106618], [-72.27366, -41.106275], [-72.276481, -41.107607], [-72.278874, -41.107724], [-72.286602, -41.107584], [-72.288391, -41.106946], [-72.295082, -41.107283], [-72.29752, -41.106378], [-72.299613, -41.107223], [-72.301566, -41.107187]], [[-72.304848, -41.111508], [-72.305456, -41.112029], [-72.304008, -41.113066], [-72.303971, -41.111744], [-72.304848, -41.111508]], [[-72.301566, -41.107187], [-72.303284, -41.108468], [-72.302388, -41.10897], [-72.299802, -41.10865], [-72.299218, -41.109721], [-72.298225, -41.109944], [-72.297962, -41.110578], [-72.298558, -41.110881], [-72.298048, -41.110703], [-72.295779, -41.112413], [-72.291976, -41.113108], [-72.291257, -41.112205], [-72.288542, -41.112102], [-72.287444, -41.112887], [-72.284566, -41.112987], [-72.283779, -41.113571], [-72.283091, -41.111509], [-72.281401, -41.110939], [-72.281535, -41.110135], [-72.280527, -41.109464], [-72.274331, -41.109161], [-72.272324, -41.108049], [-72.272941, -41.107435], [-72.272646, -41.106618], [-72.27366, -41.106275], [-72.276481, -41.107607], [-72.278874, -41.107724], [-72.286602, -41.107584], [-72.288391, -41.106946], [-72.295082, -41.107283], [-72.29752, -41.106378], [-72.299613, -41.107223], [-72.301566, -41.107187]]], [[[-72.285119, -41.175611], [-72.283822, -41.174604], [-72.284199, -41.173748], [-72.283762, -41.172576], [-72.284233, -41.169975], [-72.28635, -41.168169], [-72.285293, -41.167243], [-72.28585, -41.163735], [-72.28542, -41.162176], [-72.286021, -41.160821], [-72.285965, -41.158324], [-72.286862, -41.157823], [-72.285993, -41.156172], [-72.287112, -41.154235], [-72.285393, -41.151754], [-72.28751, -41.149894], [-72.285489, -41.149126], [-72.284997, -41.147376], [-72.287388, -41.144343], [-72.289417, -41.144094], [-72.289619, -41.14345], [-72.290837, -41.144244], [-72.292964, -41.143547], [-72.29394, -41.14429], [-72.295364, -41.144233], [-72.299821, -41.143086], [-72.30371, -41.145528], [-72.305261, -41.145781], [-72.307397, -41.144128], [-72.309915, -41.143935], [-72.310076, -41.142984], [-72.312334, -41.143199], [-72.312618, -41.14162], [-72.314472, -41.140871], [-72.316326, -41.140923], [-72.317017, -41.140191], [-72.318164, -41.140272], [-72.321593, -41.138713], [-72.325504, -41.138921], [-72.331029, -41.135644], [-72.332459, -41.134056], [-72.337852, -41.131749], [-72.343407, -41.130769], [-72.344742, -41.129764], [-72.346762, -41.12984], [-72.348898, -41.128193], [-72.352103, -41.12897], [-72.354825, -41.128448], [-72.357181, -41.129501], [-72.359917, -41.129753], [-72.360951, -41.131571], [-72.363735, -41.132234], [-72.365075, -41.13187], [-72.366455, -41.133393], [-72.372823, -41.135526], [-72.374653, -41.137061], [-72.376801, -41.136435], [-72.380132, -41.136573], [-72.381781, -41.136881], [-72.383534, -41.138272], [-72.388757, -41.1381], [-72.390033, -41.13917], [-72.391522, -41.139334], [-72.397084, -41.142017], [-72.402056, -41.140146], [-72.41108, -41.144432], [-72.411498, -41.143332], [-72.41017, -41.14223], [-72.401614, -41.138701], [-72.399996, -41.138891], [-72.398321, -41.136903], [-72.399981, -41.133829], [-72.399637, -41.132471], [-72.400174, -41.130351], [-72.399303, -41.129002], [-72.400735, -41.124247], [-72.400769, -41.120559], [-72.399602, -41.118685], [-72.400535, -41.116324], [-72.40053, -41.114106], [-72.399205, -41.111867], [-72.400284, -41.110112], [-72.399999, -41.107154], [-72.398071, -41.105379], [-72.398164, -41.103726], [-72.397188, -41.102562], [-72.397606, -41.101705], [-72.397183, -41.098309], [-72.398135, -41.097358], [-72.398025, -41.096429], [-72.395326, -41.096506], [-72.395141, -41.095103], [-72.393438, -41.092399], [-72.393629, -41.090728], [-72.396075, -41.087073], [-72.396067, -41.086229], [-72.394597, -41.085194], [-72.39428, -41.083362], [-72.389155, -41.08227], [-72.386416, -41.083209], [-72.381567, -41.080896], [-72.38037, -41.079739], [-72.374266, -41.079295], [-72.371528, -41.080345], [-72.369567, -41.081992], [-72.367201, -41.081175], [-72.365694, -41.081276], [-72.365028, -41.082319], [-72.361391, -41.082554], [-72.358044, -41.081891], [-72.357175, -41.081393], [-72.356864, -41.08014], [-72.35468, -41.078955], [-72.355034, -41.076144], [-72.35379, -41.072282], [-72.351531, -41.070709], [-72.349541, -41.067199], [-72.347503, -41.065314], [-72.347704, -41.063933], [-72.345298, -41.06261], [-72.34135, -41.062054], [-72.335293, -41.063571], [-72.329312, -41.063919], [-72.325911, -41.065423], [-72.319372, -41.064578], [-72.315638, -41.064857], [-72.30882, -41.067106], [-72.303134, -41.068084], [-72.296211, -41.071448], [-72.294154, -41.071854], [-72.289159, -41.070661], [-72.286225, -41.070608], [-72.281563, -41.071251], [-72.276856, -41.073001], [-72.275397, -41.072419], [-72.270856, -41.073564], [-72.265658, -41.072153], [-72.265338, -41.073189], [-72.263834, -41.073411], [-72.261736, -41.072817], [-72.260096, -41.0732], [-72.258127, -41.072413], [-72.257882, -41.072869], [-72.259034, -41.074615], [-72.261675, -41.075374], [-72.262667, -41.076556], [-72.262279, -41.077623], [-72.259347, -41.078121], [-72.258046, -41.080288], [-72.251048, -41.082861], [-72.247455, -41.082694], [-72.238725, -41.079156], [-72.235413, -41.076265], [-72.230436, -41.074711], [-72.228706, -41.071578], [-72.226817, -41.071513], [-72.225616, -41.07216], [-72.222811, -41.074774], [-72.221271, -41.074111], [-72.220807, -41.072732], [-72.219803, -41.072102], [-72.215773, -41.072499], [-72.216545, -41.070698], [-72.215717, -41.067822], [-72.213605, -41.070246], [-72.211037, -41.07036], [-72.212726, -41.071607], [-72.212655, -41.072937], [-72.211368, -41.074231], [-72.211092, -41.075503], [-72.21197, -41.076879], [-72.215846, -41.077044], [-72.216244, -41.077419], [-72.21431, -41.07827], [-72.215194, -41.079314], [-72.216668, -41.079729], [-72.218132, -41.078874], [-72.219404, -41.081183], [-72.217986, -41.082751], [-72.222542, -41.084807], [-72.223213, -41.085836], [-72.221205, -41.08655], [-72.217004, -41.086262], [-72.21317, -41.084065], [-72.207926, -41.085158], [-72.204673, -41.083806], [-72.202506, -41.081546], [-72.199181, -41.074809], [-72.199952, -41.06899], [-72.200271, -41.068485], [-72.201095, -41.068754], [-72.201181, -41.069821], [-72.202254, -41.069631], [-72.203167, -41.067829], [-72.201274, -41.067709], [-72.199952, -41.066013], [-72.197166, -41.068206], [-72.195307, -41.065049], [-72.19213, -41.066494], [-72.188738, -41.063295], [-72.188004, -41.061064], [-72.188365, -41.059218], [-72.187337, -41.056525], [-72.184312, -41.055175], [-72.1827, -41.05514], [-72.178336, -41.055477], [-72.177923, -41.056577], [-72.174361, -41.05555], [-72.171968, -41.053628], [-72.170981, -41.05447], [-72.167934, -41.054474], [-72.166368, -41.053596], [-72.164501, -41.051326], [-72.161824, -41.049838], [-72.160203, -41.047525], [-72.158839, -41.04692], [-72.15635, -41.047503], [-72.156641, -41.048513], [-72.154817, -41.04985], [-72.15427, -41.051735], [-72.152508, -41.053874], [-72.14906, -41.055371], [-72.147896, -41.058603], [-72.146603, -41.0591], [-72.144441, -41.058445], [-72.140815, -41.060965], [-72.139871, -41.062289], [-72.136008, -41.063618], [-72.134635, -41.065689], [-72.129852, -41.066086], [-72.127487, -41.06728], [-72.126832, -41.0699], [-72.125169, -41.072667], [-72.123906, -41.078267], [-72.121894, -41.080658], [-72.118597, -41.081251], [-72.119402, -41.082667], [-72.11909, -41.083875], [-72.116618, -41.0852], [-72.112324, -41.090164], [-72.109229, -41.091788], [-72.107325, -41.098838], [-72.107075, -41.103705], [-72.105791, -41.105609], [-72.103803, -41.106559], [-72.102902, -41.108211], [-72.100509, -41.109358], [-72.096739, -41.109641], [-72.089561, -41.111874], [-72.087044, -41.110597], [-72.085193, -41.11046], [-72.077357, -41.104616], [-72.072913, -41.103345], [-72.07111, -41.101995], [-72.070763, -41.100348], [-72.066117, -41.095591], [-72.059669, -41.090334], [-72.058361, -41.089811], [-72.056971, -41.090837], [-72.05099, -41.090024], [-72.049405, -41.087783], [-72.047392, -41.086849], [-72.040208, -41.088547], [-72.037729, -41.088477], [-72.034501, -41.089592], [-72.031027, -41.089448], [-72.026517, -41.09138], [-72.025854, -41.092993], [-72.026914, -41.094234], [-72.030036, -41.095443], [-72.03186, -41.097121], [-72.031293, -41.097929], [-72.033545, -41.100041], [-72.034305, -41.100079], [-72.035292, -41.102731], [-72.038165, -41.105467], [-72.038942, -41.107963], [-72.042133, -41.109303], [-72.041624, -41.109862], [-72.043615, -41.111257], [-72.047546, -41.112664], [-72.049865, -41.114523], [-72.054157, -41.116625], [-72.054364, -41.117919], [-72.05645, -41.118983], [-72.056386, -41.119868], [-72.059069, -41.121093], [-72.061217, -41.124049], [-72.064927, -41.126783], [-72.065438, -41.129719], [-72.0675, -41.134473], [-72.07069, -41.136416], [-72.070932, -41.137567], [-72.072412, -41.138792], [-72.073627, -41.138706], [-72.078563, -41.143164], [-72.079845, -41.146216], [-72.082989, -41.146616], [-72.089083, -41.148983], [-72.089383, -41.150591], [-72.090515, -41.151201], [-72.089753, -41.151896], [-72.094688, -41.152], [-72.094209, -41.15448], [-72.096011, -41.156225], [-72.09883, -41.157251], [-72.101237, -41.156484], [-72.09685, -41.15177], [-72.096984, -41.150999], [-72.095659, -41.149694], [-72.095917, -41.148876], [-72.091781, -41.146572], [-72.090349, -41.143526], [-72.090842, -41.140112], [-72.086213, -41.137607], [-72.086858, -41.130485], [-72.089796, -41.128766], [-72.092239, -41.128222], [-72.102206, -41.12763], [-72.103564, -41.126685], [-72.114449, -41.123719], [-72.117519, -41.124046], [-72.122721, -41.121577], [-72.122975, -41.120322], [-72.124827, -41.119769], [-72.127373, -41.117717], [-72.127459, -41.116301], [-72.129155, -41.114388], [-72.128762, -41.114024], [-72.129479, -41.110692], [-72.131014, -41.10807], [-72.13527, -41.103217], [-72.136584, -41.102525], [-72.138135, -41.099526], [-72.139015, -41.099284], [-72.139039, -41.097284], [-72.139971, -41.094896], [-72.139451, -41.093586], [-72.141556, -41.089326], [-72.140994, -41.08766], [-72.143685, -41.084686], [-72.143164, -41.082707], [-72.144748, -41.082498], [-72.144663, -41.085061], [-72.146707, -41.085461], [-72.147276, -41.081777], [-72.148655, -41.080289], [-72.150344, -41.079857], [-72.162843, -41.084175], [-72.167408, -41.090098], [-72.170724, -41.091505], [-72.170713, -41.09254], [-72.17229, -41.094893], [-72.17936, -41.098839], [-72.18429, -41.099223], [-72.191473, -41.104304], [-72.198833, -41.104902], [-72.199627, -41.104247], [-72.205056, -41.105614], [-72.210699, -41.108888], [-72.212126, -41.107885], [-72.221536, -41.108872], [-72.224153, -41.110892], [-72.228563, -41.112129], [-72.228541, -41.112857], [-72.230258, -41.113342], [-72.230295, -41.114164], [-72.234536, -41.116021], [-72.234952, -41.117452], [-72.238251, -41.11997], [-72.238605, -41.122071], [-72.245075, -41.126209], [-72.247649, -41.129086], [-72.251651, -41.130428], [-72.253196, -41.132125], [-72.258046, -41.134807], [-72.261189, -41.138096], [-72.260728, -41.141368], [-72.261264, -41.143105], [-72.259644, -41.147234], [-72.259934, -41.149698], [-72.258646, -41.153754], [-72.261093, -41.163996], [-72.260256, -41.167663], [-72.260213, -41.17187], [-72.261136, -41.173776], [-72.263086, -41.174884], [-72.264978, -41.176991], [-72.265407, -41.179667], [-72.264887, -41.181582], [-72.265464, -41.182533], [-72.265073, -41.184037], [-72.263396, -41.185843], [-72.261522, -41.186303], [-72.25787, -41.190413], [-72.25936, -41.191863], [-72.259388, -41.193584], [-72.257758, -41.194518], [-72.256898, -41.196569], [-72.255512, -41.197869], [-72.254924, -41.199972], [-72.257095, -41.205166], [-72.261068, -41.209764], [-72.261255, -41.212813], [-72.260336, -41.215151], [-72.260699, -41.216547], [-72.259934, -41.217636], [-72.260808, -41.217801], [-72.259843, -41.219228], [-72.260551, -41.223866], [-72.261525, -41.225681], [-72.261284, -41.22709], [-72.264021, -41.22711], [-72.265273, -41.228058], [-72.270172, -41.227579], [-72.274394, -41.224077], [-72.273618, -41.223266], [-72.273863, -41.222101], [-72.275331, -41.221244], [-72.274828, -41.22035], [-72.277636, -41.219796], [-72.278143, -41.218218], [-72.279074, -41.217621], [-72.280694, -41.218232], [-72.280828, -41.217668], [-72.281, -41.218339], [-72.282557, -41.218641], [-72.28644, -41.216994], [-72.289547, -41.217338], [-72.28995, -41.215951], [-72.289164, -41.214897], [-72.289449, -41.2133], [-72.28838, -41.212609], [-72.289553, -41.208277], [-72.288468, -41.206972], [-72.288353, -41.205177], [-72.289007, -41.203833], [-72.288266, -41.202716], [-72.286877, -41.202548], [-72.286184, -41.201595], [-72.285912, -41.196581], [-72.285467, -41.194886], [-72.284317, -41.194058], [-72.28499, -41.193353], [-72.28429, -41.189986], [-72.284961, -41.189137], [-72.283213, -41.183674], [-72.283254, -41.182175], [-72.284238, -41.180454], [-72.28338, -41.179937], [-72.28338, -41.179162], [-72.284839, -41.178257], [-72.284152, -41.177418], [-72.285119, -41.175611]]], [[[-72.305175, -41.112138], [-72.303879, -41.112956], [-72.30417, -41.1116], [-72.305288, -41.111667], [-72.305175, -41.112138]]], [[[-72.305175, -41.112138], [-72.303879, -41.112956], [-72.30417, -41.1116], [-72.305288, -41.111667], [-72.305175, -41.112138]]]]}}, {"type": "Feature", "properties": {"id": "lago-chapo", "name": "Lago Chapo", "type": "lake", "region": "los-lagos", "season": "2026-2027", "opens": "2026-11-13", "closes": "2027-05-02", "cat": "nov", "rule_level": "national", "phases": [{"s": "2026-11-13", "e": "2027-05-02", "mode": "retention", "label": "Pesca con retención: 3 ejemplares o hasta 15 kilos por pescador y jornada"}], "veda": [], "gear": ["Uso exclusivo de señuelo artificial con un anzuelo simple o un anzuelo triple (\"araña\"). Peso máximo de la plomada 100 gramos. Una sola caña a la vez. Chinguillo de longitud máxima 100 cm y diámetro no superior a 70 cm."], "prohibitions": ["Prohibida la pesca nocturna (21:00 a 06:00) a menos de 500 m de desembocaduras de ríos y esteros y de desagües de lagos, lagunas y tranques. Prohibida la comercialización de salmonídeos de aguas continentales (salvo de cultivo)."], "sources": [{"doc": "Decreto Supremo N° 320, de 12 de agosto de 1981 (mod. D.S. 425 y 149 de 1986), Ministerio de Economía", "url": "https://www.bcn.cl/leychile/navegar?idNorma=19495"}]}, "geometry": {"type": "MultiPolygon", "coordinates": [[[[-72.497441, -41.477557], [-72.498393, -41.473538], [-72.500743, -41.469615], [-72.502363, -41.468795], [-72.501773, -41.466045], [-72.50836, -41.458673], [-72.508295, -41.45599], [-72.509207, -41.454236], [-72.508809, -41.453031], [-72.50534, -41.451428], [-72.505059, -41.450538], [-72.508278, -41.447391], [-72.509911, -41.441317], [-72.511631, -41.439886], [-72.51432, -41.440731], [-72.514989, -41.44279], [-72.516112, -41.443888], [-72.518779, -41.444264], [-72.519894, -41.445019], [-72.525676, -41.445058], [-72.527822, -41.446247], [-72.534655, -41.447348], [-72.538004, -41.446659], [-72.540911, -41.446965], [-72.545623, -41.445428], [-72.551635, -41.446884], [-72.55443, -41.445469], [-72.555481, -41.445445], [-72.5562, -41.446362], [-72.556071, -41.445774], [-72.5587, -41.444596], [-72.559853, -41.445099], [-72.564011, -41.444789], [-72.570797, -41.441094], [-72.573307, -41.440631], [-72.577465, -41.43741], [-72.577915, -41.436139], [-72.584674, -41.435532], [-72.581142, -41.435439], [-72.576178, -41.434294], [-72.57246, -41.434994], [-72.570743, -41.433707], [-72.568122, -41.435151], [-72.567074, -41.434453], [-72.567009, -41.432723], [-72.565852, -41.432431], [-72.563538, -41.430148], [-72.561324, -41.429618], [-72.556533, -41.426484], [-72.55705, -41.425845], [-72.556275, -41.424313], [-72.553054, -41.42332], [-72.552282, -41.420965], [-72.551121, -41.420441], [-72.550744, -41.419415], [-72.548875, -41.419178], [-72.548022, -41.418033], [-72.54661, -41.418575], [-72.545884, -41.417073], [-72.54463, -41.417637], [-72.546022, -41.415264], [-72.541591, -41.415536], [-72.540052, -41.413778], [-72.537773, -41.412908], [-72.533017, -41.413382], [-72.525976, -41.411718], [-72.523744, -41.410559], [-72.518938, -41.411203], [-72.518251, -41.410688], [-72.517392, -41.411461], [-72.515333, -41.411332], [-72.513273, -41.409787], [-72.506749, -41.410044], [-72.505376, -41.411332], [-72.503316, -41.411847], [-72.502801, -41.411332], [-72.500398, -41.411461], [-72.497308, -41.414679], [-72.498868, -41.414807], [-72.498759, -41.416486], [-72.493275, -41.416052], [-72.49124, -41.417311], [-72.490553, -41.416144], [-72.488061, -41.416231], [-72.487338, -41.417381], [-72.490125, -41.418231], [-72.491238, -41.419289], [-72.494598, -41.417505], [-72.495577, -41.420308], [-72.493045, -41.42059], [-72.491113, -41.421551], [-72.482718, -41.430163], [-72.482665, -41.434165], [-72.480657, -41.446855], [-72.474305, -41.463966], [-72.4701, -41.465671], [-72.468984, -41.46834], [-72.465036, -41.470141], [-72.459977, -41.475402], [-72.457577, -41.476585], [-72.450012, -41.473942], [-72.449971, -41.474716], [-72.450923, -41.474798], [-72.451126, -41.47543], [-72.447183, -41.478372], [-72.444436, -41.486217], [-72.43654, -41.496246], [-72.432763, -41.497018], [-72.423837, -41.501261], [-72.414867, -41.502423], [-72.413426, -41.505757], [-72.411818, -41.505235], [-72.414289, -41.506407], [-72.41422, -41.509903], [-72.415947, -41.511847], [-72.420389, -41.51337], [-72.42285, -41.512881], [-72.426893, -41.513498], [-72.436954, -41.513281], [-72.438934, -41.512751], [-72.439421, -41.51318], [-72.439674, -41.512606], [-72.441347, -41.512702], [-72.443922, -41.510388], [-72.448385, -41.509488], [-72.453019, -41.505632], [-72.460058, -41.506274], [-72.463351, -41.5103], [-72.465209, -41.51105], [-72.46526, -41.512784], [-72.466518, -41.512086], [-72.46522, -41.509943], [-72.465318, -41.508617], [-72.466709, -41.50772], [-72.468903, -41.510596], [-72.47095, -41.509975], [-72.474085, -41.511505], [-72.474081, -41.51024], [-72.475323, -41.509471], [-72.475433, -41.508344], [-72.472074, -41.503446], [-72.473104, -41.495861], [-72.470701, -41.487631], [-72.474992, -41.488146], [-72.481687, -41.483516], [-72.488668, -41.48055], [-72.489499, -41.478811], [-72.495358, -41.476969], [-72.497441, -41.477557]]]]}}, {"type": "Feature", "properties": {"id": "lago-yelcho", "name": "Lago Yelcho", "type": "lake", "region": "los-lagos", "season": "2026-2027", "opens": "2026-11-01", "closes": "2027-05-02", "cat": "nov-early", "rule_level": "waterbody", "phases": [{"s": "2026-11-01", "e": "2027-05-02", "mode": "retention", "label": "Pesca con retención: 1 ejemplar de salmón salar, coho o chinook"}], "veda": [], "gear": ["Señuelo artificial, máximo un anzuelo simple sin rebarba. Parte superior del río Futaleufú (límite internacional hasta sector \"Sofía\") con devolución obligatoria de todos los salmonídeos. Chinguillo máx. 100/70 cm."], "prohibitions": ["Prohibida pesca desde puentes/caminos. Prohibidos bicheros/arpones/lanzas. Prohibida pesca nocturna 22:00-06:00. Prohibida pesca en sector \"Los Patos\" del río Petrohué. Prohibida pesca con motor encendido en todo el río Petrohué."], "sources": [{"doc": "Resolución Exenta N° 2428, de 27 de octubre de 2025, DZ Los Lagos", "url": null}]}, "geometry": {"type": "MultiPolygon", "coordinates": [[[[-72.195883, -43.353011], [-72.199273, -43.352161], [-72.198329, -43.350694], [-72.197563, -43.350555], [-72.199273, -43.349501], [-72.205281, -43.34219], [-72.208811, -43.339537], [-72.210313, -43.333856], [-72.212609, -43.329049], [-72.219164, -43.321564], [-72.227179, -43.319636], [-72.230355, -43.320557], [-72.236212, -43.320877], [-72.243176, -43.319769], [-72.249538, -43.319542], [-72.253658, -43.316342], [-72.257155, -43.315827], [-72.260674, -43.314304], [-72.262681, -43.310877], [-72.269644, -43.309917], [-72.272025, -43.308863], [-72.272519, -43.308106], [-72.272176, -43.303695], [-72.278774, -43.296363], [-72.282928, -43.295502], [-72.285632, -43.296872], [-72.287708, -43.29633], [-72.286988, -43.295051], [-72.28527, -43.295424], [-72.282164, -43.29404], [-72.279144, -43.29076], [-72.275142, -43.290233], [-72.274064, -43.289237], [-72.274697, -43.288218], [-72.274742, -43.284821], [-72.275861, -43.283774], [-72.275721, -43.282571], [-72.277213, -43.279783], [-72.277036, -43.277073], [-72.279026, -43.273397], [-72.278913, -43.270972], [-72.282904, -43.268261], [-72.287266, -43.267538], [-72.291541, -43.265784], [-72.292716, -43.264823], [-72.294722, -43.260892], [-72.29756, -43.258053], [-72.304829, -43.252845], [-72.306637, -43.253098], [-72.309238, -43.250849], [-72.309968, -43.250782], [-72.31055, -43.251781], [-72.310778, -43.253572], [-72.314632, -43.253621], [-72.31556, -43.254277], [-72.317274, -43.253777], [-72.320783, -43.250497], [-72.326059, -43.250425], [-72.329332, -43.249577], [-72.330787, -43.249942], [-72.333158, -43.249165], [-72.336055, -43.246066], [-72.344204, -43.243968], [-72.350635, -43.239892], [-72.352755, -43.235695], [-72.355544, -43.232584], [-72.3549, -43.230637], [-72.356241, -43.229246], [-72.355743, -43.227792], [-72.359133, -43.225814], [-72.362201, -43.22506], [-72.365184, -43.221127], [-72.365978, -43.217394], [-72.369105, -43.215122], [-72.372469, -43.210267], [-72.375934, -43.208124], [-72.376138, -43.206619], [-72.373933, -43.205336], [-72.376605, -43.203248], [-72.385311, -43.202016], [-72.388203, -43.200624], [-72.388642, -43.199572], [-72.390257, -43.199987], [-72.391845, -43.199306], [-72.39368, -43.197621], [-72.395718, -43.198841], [-72.396748, -43.198771], [-72.399945, -43.196315], [-72.401512, -43.194054], [-72.403411, -43.193616], [-72.414027, -43.188258], [-72.416017, -43.188595], [-72.418072, -43.186529], [-72.420223, -43.186177], [-72.424267, -43.183126], [-72.426462, -43.182954], [-72.428293, -43.180844], [-72.428511, -43.1792], [-72.430026, -43.179246], [-72.430136, -43.177109], [-72.430886, -43.176798], [-72.431, -43.175602], [-72.43211, -43.175217], [-72.435235, -43.175723], [-72.436045, -43.177216], [-72.435468, -43.178827], [-72.43578, -43.180048], [-72.437577, -43.180912], [-72.436734, -43.180861], [-72.436708, -43.181347], [-72.43961, -43.18092], [-72.436713, -43.181699], [-72.437319, -43.183103], [-72.442351, -43.185649], [-72.441058, -43.185375], [-72.441466, -43.18613], [-72.44447, -43.185802], [-72.445527, -43.182477], [-72.445022, -43.185939], [-72.442147, -43.186842], [-72.439406, -43.185297], [-72.438253, -43.185735], [-72.438486, -43.18684], [-72.43932, -43.18661], [-72.438623, -43.187396], [-72.440047, -43.186619], [-72.441241, -43.187042], [-72.44179, -43.1901], [-72.440956, -43.191322], [-72.442372, -43.192152], [-72.442592, -43.193835], [-72.448429, -43.195955], [-72.452517, -43.195845], [-72.456808, -43.19838], [-72.456626, -43.199889], [-72.453461, -43.201375], [-72.452004, -43.204611], [-72.449486, -43.206306], [-72.449492, -43.208958], [-72.450435, -43.210542], [-72.446047, -43.213723], [-72.44363, -43.214462], [-72.441857, -43.216213], [-72.441894, -43.217384], [-72.439004, -43.219227], [-72.436241, -43.218942], [-72.435699, -43.219493], [-72.433999, -43.218269], [-72.427352, -43.217742], [-72.42592, -43.218469], [-72.423876, -43.21818], [-72.423323, -43.219372], [-72.420762, -43.21949], [-72.419973, -43.220256], [-72.416261, -43.219239], [-72.416603, -43.221026], [-72.415799, -43.22178], [-72.414027, -43.2216], [-72.414182, -43.22282], [-72.4137, -43.223121], [-72.412551, -43.222685], [-72.411931, -43.220982], [-72.410571, -43.220928], [-72.409859, -43.223178], [-72.408004, -43.22575], [-72.406366, -43.222509], [-72.405094, -43.221867], [-72.405197, -43.22086], [-72.404088, -43.220709], [-72.400058, -43.225153], [-72.39868, -43.228509], [-72.396336, -43.229864], [-72.393736, -43.233362], [-72.392916, -43.233574], [-72.392497, -43.235627], [-72.391123, -43.236102], [-72.390449, -43.237611], [-72.386, -43.239067], [-72.38468, -43.240173], [-72.383889, -43.24227], [-72.383196, -43.242595], [-72.38253, -43.241911], [-72.380352, -43.243449], [-72.379687, -43.243032], [-72.377607, -43.244123], [-72.376026, -43.243795], [-72.373796, -43.244576], [-72.372659, -43.243339], [-72.36877, -43.241889], [-72.366579, -43.241973], [-72.36306, -43.243225], [-72.362048, -43.245879], [-72.362374, -43.246888], [-72.364419, -43.247682], [-72.364224, -43.249941], [-72.355337, -43.254051], [-72.354892, -43.256174], [-72.355976, -43.25771], [-72.355563, -43.259161], [-72.356716, -43.259466], [-72.356606, -43.260024], [-72.357904, -43.259307], [-72.36012, -43.259489], [-72.359667, -43.259874], [-72.361075, -43.261657], [-72.36182, -43.264392], [-72.362539, -43.264032], [-72.362207, -43.265435], [-72.363306, -43.265548], [-72.363057, -43.266239], [-72.362413, -43.266136], [-72.362335, -43.269112], [-72.363076, -43.269046], [-72.363344, -43.266222], [-72.364084, -43.26664], [-72.365812, -43.264866], [-72.36712, -43.264886], [-72.366171, -43.266531], [-72.366707, -43.266722], [-72.365972, -43.267277], [-72.366203, -43.268046], [-72.365205, -43.267738], [-72.365833, -43.268683], [-72.364604, -43.268753], [-72.365157, -43.270038], [-72.364508, -43.270983], [-72.357837, -43.271879], [-72.356306, -43.27295], [-72.355201, -43.272513], [-72.354914, -43.271503], [-72.35085, -43.271007], [-72.344086, -43.273967], [-72.343748, -43.274831], [-72.342138, -43.275784], [-72.338705, -43.275795], [-72.336945, -43.276487], [-72.331678, -43.274299], [-72.33178, -43.272591], [-72.329741, -43.27169], [-72.329677, -43.270718], [-72.328239, -43.270308], [-72.325708, -43.270745], [-72.324611, -43.270181], [-72.323209, -43.272001], [-72.319297, -43.272541], [-72.319973, -43.273101], [-72.319507, -43.273369], [-72.317584, -43.273036], [-72.315989, -43.274341], [-72.30927, -43.274524], [-72.305191, -43.277372], [-72.305141, -43.278071], [-72.303708, -43.278441], [-72.301975, -43.280179], [-72.301854, -43.28121], [-72.303563, -43.282711], [-72.30365, -43.283747], [-72.304286, -43.284322], [-72.307504, -43.284659], [-72.309297, -43.287646], [-72.313818, -43.288392], [-72.315967, -43.291679], [-72.320137, -43.294274], [-72.320075, -43.295864], [-72.315107, -43.301485], [-72.315241, -43.302914], [-72.316314, -43.303254], [-72.315383, -43.304792], [-72.316443, -43.306576], [-72.315247, -43.309464], [-72.31441, -43.310089], [-72.314742, -43.311049], [-72.312838, -43.311685], [-72.312194, -43.313625], [-72.311041, -43.314558], [-72.310392, -43.317115], [-72.303182, -43.324288], [-72.302136, -43.326313], [-72.300317, -43.32684], [-72.297056, -43.329291], [-72.294432, -43.329646], [-72.292501, -43.332139], [-72.287051, -43.333337], [-72.285565, -43.336334], [-72.280351, -43.337208], [-72.278742, -43.336131], [-72.275013, -43.335214], [-72.269434, -43.338523], [-72.263281, -43.339233], [-72.258233, -43.341597], [-72.255739, -43.344999], [-72.255583, -43.346489], [-72.257922, -43.348506], [-72.259789, -43.353401], [-72.258233, -43.354529], [-72.258115, -43.35745], [-72.257085, -43.358936], [-72.257257, -43.359825], [-72.256098, -43.360863], [-72.256227, -43.362068], [-72.250621, -43.365524], [-72.246244, -43.366826], [-72.239984, -43.371716], [-72.235054, -43.373132], [-72.236953, -43.374145], [-72.235247, -43.375378], [-72.235676, -43.376142], [-72.234619, -43.377647], [-72.234914, -43.37884], [-72.24023, -43.382532], [-72.245386, -43.387215], [-72.247483, -43.393097], [-72.246577, -43.396512], [-72.247253, -43.399396], [-72.251079, -43.399774], [-72.253186, -43.401306], [-72.252937, -43.402352], [-72.249334, -43.406452], [-72.250839, -43.405609], [-72.250619, -43.406045], [-72.251273, -43.406043], [-72.248451, -43.407294], [-72.247263, -43.406772], [-72.247687, -43.407468], [-72.246166, -43.407826], [-72.247848, -43.407824], [-72.245274, -43.409384], [-72.243712, -43.411299], [-72.243336, -43.414326], [-72.241014, -43.416688], [-72.235518, -43.416795], [-72.232441, -43.418443], [-72.231133, -43.42072], [-72.22762, -43.420591], [-72.223255, -43.423586], [-72.21747, -43.42557], [-72.212995, -43.429155], [-72.210136, -43.428855], [-72.206274, -43.424815], [-72.206531, -43.423705], [-72.209817, -43.424196], [-72.208586, -43.422899], [-72.199831, -43.421044], [-72.200915, -43.419493], [-72.202803, -43.418905], [-72.204621, -43.41737], [-72.207275, -43.413949], [-72.210699, -43.41184], [-72.20738, -43.410995], [-72.205169, -43.411639], [-72.204334, -43.412701], [-72.201848, -43.412136], [-72.201263, -43.407027], [-72.199257, -43.404996], [-72.198122, -43.404964], [-72.197744, -43.405665], [-72.200306, -43.411191], [-72.197216, -43.414486], [-72.194243, -43.41576], [-72.190381, -43.416321], [-72.18141, -43.414969], [-72.181254, -43.413812], [-72.182043, -43.412491], [-72.17913, -43.408912], [-72.177987, -43.405367], [-72.176957, -43.405141], [-72.176453, -43.402693], [-72.174254, -43.398788], [-72.174897, -43.396894], [-72.173792, -43.395101], [-72.171971, -43.393764], [-72.17067, -43.386751], [-72.168856, -43.385904], [-72.167795, -43.383047], [-72.167752, -43.380583], [-72.165735, -43.378555], [-72.166271, -43.374407], [-72.167387, -43.371537], [-72.16919, -43.369252], [-72.169533, -43.365282], [-72.173899, -43.361998], [-72.178835, -43.360196], [-72.184607, -43.354338], [-72.188587, -43.35433], [-72.195883, -43.353011]], [[-72.21248, -43.410878], [-72.214272, -43.410885], [-72.21248, -43.410878]], [[-72.363349, -43.267999], [-72.364352, -43.269386], [-72.363816, -43.269404], [-72.363384, -43.270917], [-72.36215, -43.269972], [-72.363658, -43.269038], [-72.363349, -43.267999]], [[-72.354557, -43.258702], [-72.354184, -43.259742], [-72.352826, -43.260514], [-72.351368, -43.259102], [-72.352951, -43.257215], [-72.354232, -43.257712], [-72.354557, -43.258702]], [[-72.326347, -43.268408], [-72.329784, -43.26862], [-72.335696, -43.27098], [-72.340183, -43.270753], [-72.338812, -43.271583], [-72.340639, -43.271528], [-72.341505, -43.270667], [-72.340207, -43.270177], [-72.341572, -43.269281], [-72.341197, -43.266974], [-72.33959, -43.265794], [-72.337171, -43.265941], [-72.336186, -43.267777], [-72.333826, -43.266423], [-72.325779, -43.268137], [-72.326347, -43.268408]], [[-72.200595, -43.402078], [-72.201478, -43.399854], [-72.203959, -43.398648], [-72.207001, -43.395459], [-72.207137, -43.394467], [-72.206267, -43.393297], [-72.209685, -43.391433], [-72.211818, -43.392542], [-72.210954, -43.394686], [-72.211786, -43.396393], [-72.213374, -43.39681], [-72.212893, -43.400016], [-72.2085, -43.406335], [-72.206978, -43.406674], [-72.204144, -43.405793], [-72.20361, -43.406569], [-72.203847, -43.407668], [-72.205834, -43.409005], [-72.208722, -43.409136], [-72.209385, -43.408571], [-72.207357, -43.406727], [-72.211209, -43.4079], [-72.211233, -43.410915], [-72.206456, -43.40994], [-72.204302, -43.410866], [-72.200595, -43.402078]], [[-72.312053, -43.272928], [-72.312576, -43.27339], [-72.311888, -43.273357], [-72.312053, -43.272928]], [[-72.200555, -43.403958], [-72.200748, -43.404584], [-72.199853, -43.404562], [-72.198517, -43.403342], [-72.200555, -43.403958]], [[-72.309246, -43.251551], [-72.309048, -43.252412], [-72.308098, -43.252093], [-72.309246, -43.251551]], [[-72.317292, -43.269487], [-72.315244, -43.270225], [-72.314018, -43.269387], [-72.314941, -43.268574], [-72.316024, -43.268644], [-72.318703, -43.266013], [-72.320296, -43.266746], [-72.317292, -43.269487]]]]}}, {"type": "Feature", "properties": {"id": "lago-tagua-tagua", "name": "Lago Tagua Tagua", "type": "lake", "region": "los-lagos", "season": "2026-2027", "opens": "2026-11-13", "closes": "2027-05-02", "cat": "nov", "rule_level": "national", "phases": [{"s": "2026-11-13", "e": "2027-05-02", "mode": "retention", "label": "Pesca con retención: 3 ejemplares o hasta 15 kilos por pescador y jornada"}], "veda": [], "gear": ["Uso exclusivo de señuelo artificial con un anzuelo simple o un anzuelo triple (\"araña\"). Peso máximo de la plomada 100 gramos. Una sola caña a la vez. Chinguillo de longitud máxima 100 cm y diámetro no superior a 70 cm."], "prohibitions": ["Prohibida la pesca nocturna (21:00 a 06:00) a menos de 500 m de desembocaduras de ríos y esteros y de desagües de lagos, lagunas y tranques. Prohibida la comercialización de salmonídeos de aguas continentales (salvo de cultivo)."], "sources": [{"doc": "Decreto Supremo N° 320, de 12 de agosto de 1981 (mod. D.S. 425 y 149 de 1986), Ministerio de Economía", "url": "https://www.bcn.cl/leychile/navegar?idNorma=19495"}]}, "geometry": {"type": "MultiPolygon", "coordinates": [[[[-72.19989, -41.618542], [-72.197428, -41.620636], [-72.197117, -41.620094], [-72.19599, -41.62297], [-72.191538, -41.625777], [-72.18937, -41.628255], [-72.187713, -41.632144], [-72.187654, -41.633162], [-72.188366, -41.633661], [-72.180283, -41.637056], [-72.175734, -41.640026], [-72.169592, -41.642792], [-72.167226, -41.645081], [-72.16346, -41.645286], [-72.158648, -41.6521], [-72.153579, -41.653239], [-72.152114, -41.654906], [-72.152056, -41.656277], [-72.153289, -41.657928], [-72.153112, -41.659752], [-72.149974, -41.662144], [-72.148767, -41.664974], [-72.146713, -41.666552], [-72.146986, -41.668251], [-72.146246, -41.66955], [-72.140307, -41.671281], [-72.138784, -41.674178], [-72.137561, -41.674959], [-72.137239, -41.676366], [-72.135544, -41.67782], [-72.132218, -41.679427], [-72.128028, -41.68032], [-72.123066, -41.683413], [-72.120593, -41.686398], [-72.120931, -41.689222], [-72.120443, -41.691013], [-72.121934, -41.692383], [-72.121839, -41.69554], [-72.118809, -41.696082], [-72.118725, -41.699333], [-72.117074, -41.699339], [-72.114742, -41.697549], [-72.113926, -41.697547], [-72.113421, -41.698415], [-72.119896, -41.702352], [-72.121328, -41.7022], [-72.121779, -41.70087], [-72.123259, -41.699701], [-72.125298, -41.701539], [-72.127631, -41.705156], [-72.121098, -41.709013], [-72.114824, -41.708663], [-72.11172, -41.711761], [-72.112118, -41.712822], [-72.117496, -41.714188], [-72.120474, -41.713], [-72.126261, -41.713263], [-72.130354, -41.711719], [-72.133958, -41.711736], [-72.135857, -41.709936], [-72.137176, -41.707424], [-72.138111, -41.707058], [-72.137802, -41.705851], [-72.139472, -41.70509], [-72.14236, -41.701873], [-72.142508, -41.700404], [-72.141848, -41.699547], [-72.142576, -41.697289], [-72.144031, -41.696134], [-72.14651, -41.696414], [-72.149693, -41.690871], [-72.151751, -41.689504], [-72.151501, -41.688774], [-72.152115, -41.687899], [-72.155037, -41.685785], [-72.156049, -41.681531], [-72.155514, -41.681421], [-72.155196, -41.679807], [-72.156344, -41.6785], [-72.159209, -41.677447], [-72.160937, -41.674339], [-72.159175, -41.673354], [-72.159687, -41.671749], [-72.163268, -41.670262], [-72.163291, -41.667273], [-72.165064, -41.664725], [-72.16312, -41.660996], [-72.16382, -41.658249], [-72.165048, -41.65709], [-72.167759, -41.656053], [-72.170986, -41.651752], [-72.168725, -41.649507], [-72.168168, -41.645914], [-72.169247, -41.645185], [-72.169633, -41.64387], [-72.172744, -41.642848], [-72.175879, -41.643203], [-72.178637, -41.641979], [-72.18374, -41.641829], [-72.183899, -41.640894], [-72.183103, -41.640529], [-72.184274, -41.638158], [-72.193745, -41.633867], [-72.194404, -41.63204], [-72.193711, -41.630986], [-72.194245, -41.627936], [-72.193449, -41.627222], [-72.198838, -41.6231], [-72.201421, -41.618537], [-72.19989, -41.618542]], [[-72.191564, -41.629855], [-72.1904, -41.631968], [-72.191564, -41.629855]]]]}}, {"type": "Feature", "properties": {"id": "rio-maullin", "name": "Río Maullín", "type": "river", "region": "los-lagos", "season": "2026-2027", "opens": "2026-09-04", "closes": "2027-05-02", "cat": "sep", "rule_level": "waterbody", "phases": [{"s": "2026-09-04", "e": "2026-11-12", "mode": "catch_and_release", "label": "Pesca con devolución obligatoria"}, {"s": "2026-11-13", "e": "2027-05-02", "mode": "retention", "label": "Pesca con retención: Devolución obligatoria de todas las truchas y fauna íctica nativa. Retención de 1 ejemplar de salmón salar, coho o chinook."}], "veda": [], "gear": ["Señuelo artificial con máximo un anzuelo simple sin rebarba. Pesca embarcada y de orilla solo a un radio no menor a 1.000 m del centro de desembocadura o nacimiento de cualquier afluente/efluente. Chinguillo máx. 100 cm / 70 cm.", "Señuelo artificial, máximo un anzuelo simple sin rebarba. Chinguillo máx. 100/70 cm."], "prohibitions": ["Prohibida la pesca desde puentes/caminos sobre los ríos Maullín, Pilmaiquén y Puelo o sus afluentes. Prohibidos bicheros/tenazas/ganchos. Prohibida pesca nocturna 22:00-06:00. Prohibida pesca en sector \"Las Compuertas\" del lago Puyehue. Prohibido eviscerar durante actividad y transporte.", "Mismas prohibiciones que la apertura anticipada (puentes, bicheros, pesca nocturna 22:00-06:00, Las Compuertas, eviscerado)."], "sources": [{"doc": "Resolución Exenta N° 2075, de 28 de agosto de 2025, DZ Pesca y Acuicultura Los Lagos", "url": "https://www.subpesca.cl/portal/615/w3-article-126974.html"}, {"doc": "Resolución Exenta N° 2075, de 28 de agosto de 2025, DZ Los Lagos", "url": null}]}, "geometry": {"type": "MultiLineString", "coordinates": [[[-73.001377, -41.259396], [-73.002874, -41.260662], [-73.003188, -41.262204], [-73.004863, -41.26417], [-73.005677, -41.264354], [-73.006005, -41.266104], [-73.007836, -41.267792], [-73.013597, -41.269815], [-73.021962, -41.276355], [-73.030028, -41.279452], [-73.034062, -41.279774], [-73.048224, -41.282838], [-73.04904, -41.284483], [-73.050714, -41.285708], [-73.050344, -41.288187], [-73.050971, -41.290674], [-73.052816, -41.293931], [-73.053117, -41.296639], [-73.057022, -41.301217], [-73.057065, -41.30415], [-73.060284, -41.310371], [-73.056164, -41.314239], [-73.051872, -41.316077], [-73.040424, -41.316829], [-73.032432, -41.322104], [-73.031993, -41.322901], [-73.03354, -41.32436], [-73.031015, -41.325843], [-73.031273, -41.326809], [-73.029642, -41.329226], [-73.028183, -41.329774], [-73.028441, -41.33187], [-73.026854, -41.333255], [-73.025051, -41.336671], [-73.026794, -41.340627], [-73.028285, -41.341803], [-73.028886, -41.343166], [-73.04168, -41.344791], [-73.044341, -41.348705], [-73.047087, -41.350107], [-73.048715, -41.355275], [-73.049165, -41.359366], [-73.05159, -41.361637], [-73.054701, -41.362555], [-73.058006, -41.361927]], [[-73.067273, -41.36289], [-73.070628, -41.363894], [-73.072087, -41.365473], [-73.074919, -41.366857], [-73.076121, -41.369756], [-73.078953, -41.371882], [-73.079905, -41.375237], [-73.082944, -41.376841], [-73.083644, -41.378028], [-73.088652, -41.376777], [-73.091914, -41.377968], [-73.092961, -41.379963], [-73.092274, -41.382861], [-73.094918, -41.385535], [-73.095046, -41.388304], [-73.102213, -41.393649], [-73.104874, -41.397158], [-73.107921, -41.398864], [-73.108136, -41.40028], [-73.109289, -41.400367], [-73.111311, -41.402147], [-73.113157, -41.402534], [-73.114528, -41.401826], [-73.117489, -41.402373], [-73.119248, -41.403564], [-73.121995, -41.402856], [-73.124619, -41.403109]], [[-73.260108, -41.447674], [-73.259652, -41.449721], [-73.258038, -41.45182], [-73.251622, -41.455396], [-73.247231, -41.460132], [-73.249345, -41.460158], [-73.249964, -41.458576], [-73.250777, -41.458475], [-73.251323, -41.463273], [-73.255689, -41.46291], [-73.257389, -41.463728], [-73.262262, -41.469654], [-73.263279, -41.47401], [-73.264174, -41.474523], [-73.270169, -41.475688], [-73.271843, -41.475224], [-73.272811, -41.473139], [-73.275381, -41.471275], [-73.282904, -41.470558], [-73.284701, -41.470998], [-73.287636, -41.473651], [-73.289586, -41.474163], [-73.292448, -41.47187], [-73.300116, -41.471631], [-73.304751, -41.470073], [-73.305449, -41.47032], [-73.306253, -41.473596], [-73.306226, -41.474846], [-73.305261, -41.476239], [-73.305536, -41.476915], [-73.308168, -41.475863], [-73.31118, -41.476252], [-73.315952, -41.474794], [-73.316818, -41.471671], [-73.31983, -41.470284], [-73.32366, -41.471001], [-73.325042, -41.47274], [-73.330495, -41.472594], [-73.334087, -41.474128], [-73.335541, -41.477428], [-73.337967, -41.478531], [-73.338633, -41.480154], [-73.340741, -41.481608], [-73.339939, -41.48444], [-73.336382, -41.486875], [-73.33518, -41.488423], [-73.332034, -41.499017]], [[-73.124619, -41.403109], [-73.129304, -41.40223], [-73.130141, -41.401393], [-73.129347, -41.400813], [-73.132094, -41.400572], [-73.133231, -41.398753], [-73.137756, -41.396817], [-73.141717, -41.39767], [-73.145453, -41.40046], [-73.148459, -41.400329], [-73.15055, -41.399389], [-73.15032, -41.396795], [-73.151716, -41.39511], [-73.157263, -41.393472], [-73.161406, -41.393959], [-73.171494, -41.391575], [-73.17487, -41.393035], [-73.177788, -41.391164], [-73.17896, -41.391834], [-73.185339, -41.391611], [-73.186289, -41.390754], [-73.186714, -41.387741], [-73.18764, -41.38702], [-73.193219, -41.386991], [-73.194063, -41.388689], [-73.19458, -41.392621], [-73.195805, -41.394363], [-73.198289, -41.395701], [-73.199395, -41.397705], [-73.204419, -41.39909], [-73.209436, -41.402642], [-73.210764, -41.404954], [-73.21314, -41.41225], [-73.21683, -41.414944], [-73.219662, -41.418693], [-73.223949, -41.421063], [-73.225273, -41.424659], [-73.230179, -41.429894], [-73.229901, -41.431967], [-73.231857, -41.435196], [-73.236138, -41.436624], [-73.238685, -41.436446], [-73.245326, -41.438208], [-73.248886, -41.441825], [-73.251248, -41.443018], [-73.254054, -41.443418], [-73.260108, -41.447674]], [[-73.058006, -41.361927], [-73.062772, -41.361218], [-73.067273, -41.36289]], [[-73.501977, -41.551374], [-73.524014, -41.590255], [-73.530022, -41.595807], [-73.543583, -41.601776], [-73.55414, -41.604055], [-73.5665, -41.605146], [-73.585039, -41.609799], [-73.593837, -41.610184], [-73.603965, -41.60951], [-73.61508, -41.607328], [-73.623577, -41.604247], [-73.636601, -41.597039], [-73.640615, -41.595551], [-73.646535, -41.595218], [-73.654779, -41.597228]], [[-73.333062, -41.508592], [-73.334542, -41.510312], [-73.336613, -41.514698], [-73.344681, -41.521382], [-73.346762, -41.522466], [-73.350442, -41.522643], [-73.35335, -41.522057], [-73.357974, -41.520024], [-73.36071, -41.517952], [-73.368177, -41.509862], [-73.375559, -41.505668], [-73.38867, -41.504869], [-73.416178, -41.500032], [-73.422551, -41.499871], [-73.427937, -41.50061], [-73.441316, -41.505367], [-73.450393, -41.50977], [-73.463053, -41.517032], [-73.481678, -41.523105], [-73.488544, -41.526897], [-73.492171, -41.530045], [-73.493952, -41.532599], [-73.497642, -41.54389], [-73.501977, -41.551374]], [[-73.075434, -41.368371], [-73.073744, -41.373028], [-73.074195, -41.375008], [-73.075886, -41.37665], [-73.07928, -41.376538], [-73.083163, -41.377674]], [[-73.026579, -41.339378], [-73.030075, -41.341977], [-73.033088, -41.342933], [-73.034707, -41.344211]], [[-73.332034, -41.499017], [-73.33009, -41.503699], [-73.333062, -41.508592]], [[-73.001377, -41.259396], [-73.002874, -41.260662], [-73.003188, -41.262204], [-73.004863, -41.26417], [-73.005677, -41.264354], [-73.006005, -41.266104], [-73.007836, -41.267792], [-73.013597, -41.269815], [-73.021962, -41.276355], [-73.030028, -41.279452], [-73.034062, -41.279774], [-73.048224, -41.282838], [-73.04904, -41.284483], [-73.050714, -41.285708], [-73.050344, -41.288187], [-73.050971, -41.290674], [-73.052816, -41.293931], [-73.053117, -41.296639], [-73.057022, -41.301217], [-73.057065, -41.30415], [-73.060284, -41.310371], [-73.056164, -41.314239], [-73.051872, -41.316077], [-73.040424, -41.316829], [-73.032432, -41.322104], [-73.031993, -41.322901], [-73.03354, -41.32436], [-73.031015, -41.325843], [-73.031273, -41.326809], [-73.029642, -41.329226], [-73.028183, -41.329774], [-73.028441, -41.33187], [-73.026854, -41.333255], [-73.025051, -41.336671], [-73.026794, -41.340627], [-73.028285, -41.341803], [-73.028886, -41.343166], [-73.04168, -41.344791], [-73.044341, -41.348705], [-73.047087, -41.350107], [-73.048715, -41.355275], [-73.049165, -41.359366], [-73.05159, -41.361637], [-73.054701, -41.362555], [-73.058006, -41.361927]], [[-73.058006, -41.361927], [-73.062772, -41.361218], [-73.067273, -41.36289]], [[-73.067273, -41.36289], [-73.070628, -41.363894], [-73.072087, -41.365473], [-73.074919, -41.366857], [-73.076121, -41.369756], [-73.078953, -41.371882], [-73.079905, -41.375237], [-73.082944, -41.376841], [-73.083644, -41.378028], [-73.088652, -41.376777], [-73.091914, -41.377968], [-73.092961, -41.379963], [-73.092274, -41.382861], [-73.094918, -41.385535], [-73.095046, -41.388304], [-73.102213, -41.393649], [-73.104874, -41.397158], [-73.107921, -41.398864], [-73.108136, -41.40028], [-73.109289, -41.400367], [-73.111311, -41.402147], [-73.113157, -41.402534], [-73.114528, -41.401826], [-73.117489, -41.402373], [-73.119248, -41.403564], [-73.121995, -41.402856], [-73.124619, -41.403109]], [[-73.124619, -41.403109], [-73.129304, -41.40223], [-73.130141, -41.401393], [-73.129347, -41.400813], [-73.132094, -41.400572], [-73.133231, -41.398753], [-73.137756, -41.396817], [-73.141717, -41.39767], [-73.145453, -41.40046], [-73.148459, -41.400329], [-73.15055, -41.399389], [-73.15032, -41.396795], [-73.151716, -41.39511], [-73.157263, -41.393472], [-73.161406, -41.393959], [-73.171494, -41.391575], [-73.17487, -41.393035], [-73.177788, -41.391164], [-73.17896, -41.391834], [-73.185339, -41.391611], [-73.186289, -41.390754], [-73.186714, -41.387741], [-73.18764, -41.38702], [-73.193219, -41.386991], [-73.194063, -41.388689], [-73.19458, -41.392621], [-73.195805, -41.394363], [-73.198289, -41.395701], [-73.199395, -41.397705], [-73.204419, -41.39909], [-73.209436, -41.402642], [-73.210764, -41.404954], [-73.21314, -41.41225], [-73.21683, -41.414944], [-73.219662, -41.418693], [-73.223949, -41.421063], [-73.225273, -41.424659], [-73.230179, -41.429894], [-73.229901, -41.431967], [-73.231857, -41.435196], [-73.236138, -41.436624], [-73.238685, -41.436446], [-73.245326, -41.438208], [-73.248886, -41.441825], [-73.251248, -41.443018], [-73.254054, -41.443418], [-73.260108, -41.447674]], [[-73.260108, -41.447674], [-73.259652, -41.449721], [-73.258038, -41.45182], [-73.251622, -41.455396], [-73.247231, -41.460132], [-73.249345, -41.460158], [-73.249964, -41.458576], [-73.250777, -41.458475], [-73.251323, -41.463273], [-73.255689, -41.46291], [-73.257389, -41.463728], [-73.262262, -41.469654], [-73.263279, -41.47401], [-73.264174, -41.474523], [-73.270169, -41.475688], [-73.271843, -41.475224], [-73.272811, -41.473139], [-73.275381, -41.471275], [-73.282904, -41.470558], [-73.284701, -41.470998], [-73.287636, -41.473651], [-73.289586, -41.474163], [-73.292448, -41.47187], [-73.300116, -41.471631], [-73.304751, -41.470073], [-73.305449, -41.47032], [-73.306253, -41.473596], [-73.306226, -41.474846], [-73.305261, -41.476239], [-73.305536, -41.476915], [-73.308168, -41.475863], [-73.31118, -41.476252], [-73.315952, -41.474794], [-73.316818, -41.471671], [-73.31983, -41.470284], [-73.32366, -41.471001], [-73.325042, -41.47274], [-73.330495, -41.472594], [-73.334087, -41.474128], [-73.335541, -41.477428], [-73.337967, -41.478531], [-73.338633, -41.480154], [-73.340741, -41.481608], [-73.339939, -41.48444], [-73.336382, -41.486875], [-73.33518, -41.488423], [-73.332034, -41.499017]], [[-73.332034, -41.499017], [-73.33009, -41.503699], [-73.333062, -41.508592]], [[-73.333062, -41.508592], [-73.334542, -41.510312], [-73.336613, -41.514698], [-73.344681, -41.521382], [-73.346762, -41.522466], [-73.350442, -41.522643], [-73.35335, -41.522057], [-73.357974, -41.520024], [-73.36071, -41.517952], [-73.368177, -41.509862], [-73.375559, -41.505668], [-73.38867, -41.504869], [-73.416178, -41.500032], [-73.422551, -41.499871], [-73.427937, -41.50061], [-73.441316, -41.505367], [-73.450393, -41.50977], [-73.463053, -41.517032], [-73.481678, -41.523105], [-73.488544, -41.526897], [-73.492171, -41.530045], [-73.493952, -41.532599], [-73.497642, -41.54389], [-73.501977, -41.551374]], [[-73.501977, -41.551374], [-73.524014, -41.590255], [-73.530022, -41.595807], [-73.543583, -41.601776], [-73.55414, -41.604055], [-73.5665, -41.605146], [-73.585039, -41.609799], [-73.593837, -41.610184], [-73.603965, -41.60951], [-73.61508, -41.607328], [-73.623577, -41.604247], [-73.636601, -41.597039], [-73.640615, -41.595551], [-73.646535, -41.595218], [-73.654779, -41.597228]]]}}, {"type": "Feature", "properties": {"id": "rio-rahue", "name": "Río Rahue", "type": "river", "region": "los-lagos", "season": "2026-2027", "opens": "2026-09-04", "closes": "2027-05-31", "cat": "sep", "rule_level": "waterbody", "phases": [{"s": "2026-09-04", "e": "2026-11-12", "mode": "catch_and_release", "label": "Pesca con devolución obligatoria"}, {"s": "2026-11-13", "e": "2027-05-31", "mode": "retention", "label": "Pesca con retención: Devolución obligatoria de truchas y fauna nativa. Retención de 1 ejemplar de salmón salar, coho o chinook."}], "veda": [], "gear": ["Señuelo artificial con máximo un anzuelo simple sin rebarba. Pesca embarcada y de orilla solo a un radio no menor a 1.000 m del centro de desembocadura o nacimiento de cualquier afluente/efluente. Chinguillo máx. 100 cm / 70 cm.", "Señuelo artificial, máximo un anzuelo simple sin rebarba."], "prohibitions": ["Prohibida la pesca desde puentes/caminos sobre los ríos Maullín, Pilmaiquén y Puelo o sus afluentes. Prohibidos bicheros/tenazas/ganchos. Prohibida pesca nocturna 22:00-06:00. Prohibida pesca en sector \"Las Compuertas\" del lago Puyehue. Prohibido eviscerar durante actividad y transporte."], "sources": [{"doc": "Resolución Exenta N° 2075, de 28 de agosto de 2025, DZ Pesca y Acuicultura Los Lagos", "url": "https://www.subpesca.cl/portal/615/w3-article-126974.html"}, {"doc": "Resolución Exenta N° 2075, de 28 de agosto de 2025, DZ Los Lagos", "url": null}]}, "geometry": {"type": "MultiLineString", "coordinates": [[[-73.186799, -40.630484], [-73.187177, -40.625656], [-73.186353, -40.622803], [-73.178328, -40.618699], [-73.178791, -40.614164], [-73.177263, -40.611727], [-73.174156, -40.599294], [-73.173229, -40.598799], [-73.171109, -40.599007], [-73.165616, -40.601132], [-73.162758, -40.600702], [-73.155797, -40.593031], [-73.157952, -40.590809], [-73.157076, -40.586337], [-73.153952, -40.583326], [-73.145306, -40.577886], [-73.143991, -40.576086], [-73.143908, -40.574745], [-73.158088, -40.566967], [-73.159102, -40.565305], [-73.159901, -40.558906], [-73.16106, -40.556339], [-73.169589, -40.546621], [-73.172722, -40.542072], [-73.177432, -40.537686], [-73.182517, -40.531643], [-73.193568, -40.525927], [-73.198947, -40.526974], [-73.204813, -40.526573], [-73.206593, -40.527292], [-73.208525, -40.529282], [-73.212179, -40.535653], [-73.21946, -40.536628], [-73.2274, -40.535519], [-73.237571, -40.53133], [-73.246187, -40.531643], [-73.256404, -40.530732], [-73.266011, -40.530732], [-73.267387, -40.530374], [-73.268899, -40.528996], [-73.270612, -40.525819], [-73.269576, -40.522982], [-73.269231, -40.51704], [-73.275792, -40.51151], [-73.281129, -40.509864], [-73.283748, -40.505963], [-73.283919, -40.503875], [-73.280593, -40.492322], [-73.270841, -40.484195], [-73.270444, -40.481617], [-73.272064, -40.477659], [-73.268255, -40.472207], [-73.26745, -40.469611], [-73.268309, -40.468322], [-73.27119, -40.467432], [-73.271589, -40.46655], [-73.266983, -40.461088], [-73.263754, -40.454975], [-73.263567, -40.453457], [-73.268287, -40.443186], [-73.272383, -40.437535], [-73.275079, -40.429859], [-73.277604, -40.427093], [-73.281944, -40.425837], [-73.282974, -40.423644], [-73.280571, -40.413987], [-73.273933, -40.405136], [-73.272903, -40.403045], [-73.272547, -40.398736], [-73.269202, -40.395109], [-73.265178, -40.388795], [-73.26229, -40.385459], [-73.261579, -40.383787], [-73.261831, -40.382126], [-73.26509, -40.377884], [-73.274362, -40.37271], [-73.278482, -40.371141], [-73.286893, -40.370945], [-73.29024, -40.369703], [-73.298566, -40.364667], [-73.309295, -40.35623], [-73.311012, -40.35381], [-73.312299, -40.344587], [-73.315475, -40.339157], [-73.31841, -40.338161], [-73.323688, -40.339951], [-73.326177, -40.338496], [-73.328468, -40.335887]], [[-72.95287, -40.770689], [-72.956046, -40.766399], [-72.964724, -40.760832], [-72.968225, -40.761139], [-72.97621, -40.763531], [-72.978212, -40.76367], [-72.980003, -40.762491], [-72.971941, -40.756561], [-72.970723, -40.756257], [-72.970723, -40.755347], [-72.973427, -40.754046], [-72.977305, -40.750769], [-72.981807, -40.752635], [-72.985872, -40.751901], [-72.988557, -40.748043], [-72.988392, -40.746077], [-72.986688, -40.742765], [-72.993003, -40.735267], [-72.994498, -40.729985], [-72.9957, -40.728099], [-72.998918, -40.72553], [-73.001953, -40.724011], [-73.009141, -40.724136], [-73.020676, -40.72192], [-73.023044, -40.720803], [-73.023409, -40.719453], [-73.021853, -40.714712], [-73.020426, -40.712272], [-73.0174, -40.709426], [-73.017175, -40.707946], [-73.018849, -40.706344], [-73.030178, -40.701793], [-73.030969, -40.699177], [-73.030762, -40.692185], [-73.031918, -40.690111], [-73.042776, -40.687], [-73.046616, -40.686826], [-73.048436, -40.687576], [-73.049165, -40.688284], [-73.049301, -40.690298], [-73.047967, -40.692037], [-73.042306, -40.696415], [-73.042392, -40.697619], [-73.047241, -40.70341], [-73.045997, -40.706574], [-73.046211, -40.70912], [-73.047885, -40.711673], [-73.050867, -40.713495], [-73.054537, -40.713999], [-73.060051, -40.713495], [-73.061489, -40.712877], [-73.063034, -40.711055], [-73.066853, -40.703801], [-73.068152, -40.70267], [-73.07196, -40.701898], [-73.073967, -40.702434], [-73.076381, -40.704468], [-73.079213, -40.703687], [-73.080093, -40.702451], [-73.079878, -40.701149], [-73.075823, -40.699628], [-73.075007, -40.699063], [-73.074675, -40.697603], [-73.076037, -40.695504], [-73.080629, -40.692348], [-73.08153, -40.690916], [-73.081702, -40.688964], [-73.083975, -40.689177], [-73.09256, -40.693487], [-73.095301, -40.693909], [-73.097795, -40.693292], [-73.102688, -40.689582], [-73.105252, -40.684385], [-73.105091, -40.682097], [-73.10582, -40.681316], [-73.122043, -40.678452], [-73.122772, -40.677476], [-73.122643, -40.674579], [-73.140216, -40.65355], [-73.145212, -40.651107], [-73.148187, -40.650592], [-73.157608, -40.651748], [-73.164646, -40.647352], [-73.167736, -40.649925], [-73.169539, -40.65038], [-73.175332, -40.645073], [-73.176148, -40.640775], [-73.178556, -40.637245]], [[-72.689313, -40.788665], [-72.69339, -40.786914], [-72.697263, -40.78793], [-72.701962, -40.786415], [-72.704843, -40.784518], [-72.707026, -40.785355], [-72.708587, -40.787199], [-72.70848, -40.788718], [-72.704832, -40.789558], [-72.707348, -40.792946], [-72.704644, -40.793636], [-72.703775, -40.79507], [-72.705733, -40.796966], [-72.706243, -40.799082], [-72.71143, -40.802595], [-72.71849, -40.805149], [-72.721344, -40.805425], [-72.728172, -40.803983], [-72.730935, -40.804369], [-72.731252, -40.807792], [-72.727615, -40.811702], [-72.731359, -40.813001], [-72.732941, -40.81579], [-72.73557, -40.816895], [-72.740688, -40.816266], [-72.742828, -40.815405], [-72.745618, -40.812904], [-72.749925, -40.811946], [-72.752017, -40.812392], [-72.752913, -40.813675], [-72.761282, -40.813184], [-72.765284, -40.814028], [-72.766829, -40.815458], [-72.766002, -40.817049], [-72.768652, -40.817597], [-72.769039, -40.817195], [-72.767912, -40.816221], [-72.76818, -40.815466], [-72.774484, -40.815864], [-72.774001, -40.813135], [-72.77451, -40.812197], [-72.777541, -40.812104], [-72.778818, -40.811462], [-72.787937, -40.814304], [-72.78944, -40.816225], [-72.790024, -40.819249], [-72.79401, -40.820147], [-72.801745, -40.819505], [-72.803661, -40.818839], [-72.804733, -40.817345], [-72.804219, -40.815624], [-72.79997, -40.8148], [-72.799058, -40.813545], [-72.801547, -40.813643], [-72.802545, -40.812522], [-72.804294, -40.812015], [-72.811273, -40.811946], [-72.815242, -40.810642], [-72.816299, -40.809676], [-72.816004, -40.805742], [-72.819513, -40.802562], [-72.825538, -40.800069], [-72.833649, -40.798315], [-72.836224, -40.795553], [-72.836953, -40.793052], [-72.839185, -40.7912], [-72.845794, -40.789283], [-72.847467, -40.789803], [-72.850901, -40.792369], [-72.855278, -40.791914], [-72.857338, -40.790225], [-72.858421, -40.787455], [-72.855159, -40.782536], [-72.854934, -40.781289], [-72.855497, -40.780202]], [[-73.277224, -40.427343], [-73.277032, -40.425772], [-73.274797, -40.421415], [-73.269989, -40.417057], [-73.268517, -40.411174], [-73.2661, -40.407024], [-73.265557, -40.402255], [-73.263962, -40.400676], [-73.261836, -40.399771], [-73.25851, -40.395604], [-73.257102, -40.388225], [-73.255764, -40.385716], [-73.256355, -40.384799], [-73.258896, -40.384327], [-73.261593, -40.382939]], [[-71.123373, -38.275555], [-71.125055, -38.276104], [-71.124362, -38.277164], [-71.126001, -38.279449], [-71.125098, -38.280268], [-71.124765, -38.283523], [-71.128544, -38.282718], [-71.131253, -38.284383], [-71.135943, -38.284865], [-71.13739, -38.286668], [-71.139441, -38.287301], [-71.139345, -38.29006], [-71.140967, -38.292827], [-71.140265, -38.294182], [-71.140835, -38.298372], [-71.143132, -38.299184], [-71.14414, -38.301255], [-71.146323, -38.302762], [-71.14649, -38.304709], [-71.148033, -38.307646], [-71.147375, -38.309112], [-71.145595, -38.309964], [-71.145771, -38.311643], [-71.14969, -38.317817], [-71.152732, -38.318743], [-71.152171, -38.321273], [-71.146639, -38.324464], [-71.146411, -38.325462], [-71.148839, -38.329279], [-71.15075, -38.329849], [-71.151443, -38.331094], [-71.158737, -38.334828], [-71.159035, -38.335557], [-71.158158, -38.336334], [-71.15815, -38.337228], [-71.160561, -38.338707], [-71.158748, -38.341151], [-71.159931, -38.34373], [-71.157205, -38.34656], [-71.157197, -38.348823], [-71.160663, -38.35302], [-71.166317, -38.355584], [-71.164914, -38.358106], [-71.166918, -38.362329], [-71.166604, -38.366499], [-71.165104, -38.369197], [-71.166552, -38.37136], [-71.165612, -38.37433], [-71.169082, -38.375634], [-71.170874, -38.37895], [-71.172609, -38.380344], [-71.172172, -38.382112], [-71.181648, -38.38453], [-71.181957, -38.385247], [-71.180841, -38.387196], [-71.18241, -38.389931], [-71.185192, -38.391073], [-71.184948, -38.392822], [-71.185578, -38.393633], [-71.195446, -38.39913], [-71.19702, -38.400772], [-71.200976, -38.402094], [-71.202523, -38.404961], [-71.205862, -38.405307], [-71.207073, -38.406097], [-71.207623, -38.409389], [-71.208192, -38.409864], [-71.214248, -38.410012], [-71.21667, -38.408236], [-71.219197, -38.408517], [-71.221125, -38.407481], [-71.225675, -38.406909], [-71.227436, -38.407262], [-71.228766, -38.40857], [-71.231142, -38.408793], [-71.236856, -38.40515], [-71.237049, -38.400236], [-71.242493, -38.397406]], [[-71.024573, -38.279768], [-71.026702, -38.281873], [-71.028178, -38.285667], [-71.028918, -38.285941], [-71.028655, -38.286585], [-71.029347, -38.28701], [-71.029953, -38.289094], [-71.029299, -38.289865], [-71.032272, -38.293374], [-71.031619, -38.294574], [-71.032253, -38.294618], [-71.032801, -38.297178], [-71.033612, -38.297489], [-71.033219, -38.29824], [-71.034846, -38.301119], [-71.034427, -38.30245], [-71.035619, -38.303455], [-71.035556, -38.304742], [-71.036672, -38.30571], [-71.036444, -38.306513], [-71.03768, -38.307058], [-71.03891, -38.309215], [-71.041583, -38.309451], [-71.041723, -38.310474], [-71.042934, -38.310489], [-71.04527, -38.31181], [-71.048219, -38.312004], [-71.050647, -38.313556], [-71.055064, -38.314362], [-71.056586, -38.313693], [-71.058288, -38.314385], [-71.059839, -38.314205], [-71.06177, -38.315529], [-71.062984, -38.315467], [-71.063656, -38.31694], [-71.065459, -38.316583], [-71.064988, -38.317968], [-71.067267, -38.318384], [-71.067115, -38.318959], [-71.069128, -38.319969], [-71.069022, -38.321755], [-71.07079, -38.322323], [-71.070378, -38.323145], [-71.071146, -38.324514], [-71.070722, -38.325095], [-71.071524, -38.326114], [-71.075138, -38.327351], [-71.075838, -38.328732], [-71.077584, -38.329134], [-71.084354, -38.334415], [-71.087214, -38.335208], [-71.089595, -38.33719], [-71.096044, -38.338933], [-71.101497, -38.338617], [-71.109021, -38.339314], [-71.109766, -38.340216], [-71.113672, -38.341624], [-71.121018, -38.341045], [-71.125419, -38.34184], [-71.12799, -38.341045], [-71.130755, -38.341527], [-71.133938, -38.343275], [-71.135574, -38.342268], [-71.141423, -38.343524], [-71.146778, -38.347259], [-71.149438, -38.348211], [-71.152453, -38.347783], [-71.157262, -38.349034]], [[-73.178556, -40.637245], [-73.181509, -40.633724], [-73.186799, -40.630484]], [[-72.872202, -40.784538], [-72.872915, -40.783401], [-72.875421, -40.785034], [-72.877856, -40.784668], [-72.87872, -40.783628], [-72.878816, -40.780759], [-72.882437, -40.779156], [-72.88358, -40.781931], [-72.885768, -40.78243], [-72.886959, -40.779193], [-72.888807, -40.779002], [-72.890033, -40.778088], [-72.892152, -40.778531], [-72.894035, -40.777954], [-72.893069, -40.776049], [-72.893413, -40.774554], [-72.89852, -40.775139], [-72.908736, -40.771055], [-72.917601, -40.766181], [-72.924756, -40.761204], [-72.927532, -40.76202], [-72.92982, -40.766274], [-72.934412, -40.769557], [-72.937703, -40.769073], [-72.939377, -40.767448], [-72.941437, -40.767903], [-72.942823, -40.767055], [-72.944883, -40.76842], [-72.947887, -40.76894], [-72.950879, -40.770568], [-72.95287, -40.770689]], [[-72.869633, -40.784096], [-72.870973, -40.784871], [-72.872202, -40.784538]], [[-72.855497, -40.780202], [-72.856696, -40.780399], [-72.857707, -40.782258], [-72.860186, -40.782355], [-72.862814, -40.781262], [-72.866666, -40.781691], [-72.869633, -40.784096]], [[-73.186799, -40.630484], [-73.187177, -40.625656], [-73.186353, -40.622803], [-73.178328, -40.618699], [-73.178791, -40.614164], [-73.177263, -40.611727], [-73.174156, -40.599294], [-73.173229, -40.598799], [-73.171109, -40.599007], [-73.165616, -40.601132], [-73.162758, -40.600702], [-73.155797, -40.593031], [-73.157952, -40.590809], [-73.157076, -40.586337], [-73.153952, -40.583326], [-73.145306, -40.577886], [-73.143991, -40.576086], [-73.143908, -40.574745], [-73.158088, -40.566967], [-73.159102, -40.565305], [-73.159901, -40.558906], [-73.16106, -40.556339], [-73.169589, -40.546621], [-73.172722, -40.542072], [-73.177432, -40.537686], [-73.182517, -40.531643], [-73.193568, -40.525927], [-73.198947, -40.526974], [-73.204813, -40.526573], [-73.206593, -40.527292], [-73.208525, -40.529282], [-73.212179, -40.535653], [-73.21946, -40.536628], [-73.2274, -40.535519], [-73.237571, -40.53133], [-73.246187, -40.531643], [-73.256404, -40.530732], [-73.266011, -40.530732], [-73.267387, -40.530374], [-73.268899, -40.528996], [-73.270612, -40.525819], [-73.269576, -40.522982], [-73.269231, -40.51704], [-73.275792, -40.51151], [-73.281129, -40.509864], [-73.283748, -40.505963], [-73.283919, -40.503875], [-73.280593, -40.492322], [-73.270841, -40.484195], [-73.270444, -40.481617], [-73.272064, -40.477659], [-73.268255, -40.472207], [-73.26745, -40.469611], [-73.268309, -40.468322], [-73.27119, -40.467432], [-73.271589, -40.46655], [-73.266983, -40.461088], [-73.263754, -40.454975], [-73.263567, -40.453457], [-73.268287, -40.443186], [-73.272383, -40.437535], [-73.275079, -40.429859], [-73.277604, -40.427093], [-73.281944, -40.425837], [-73.282974, -40.423644], [-73.280571, -40.413987], [-73.273933, -40.405136], [-73.272903, -40.403045], [-73.272547, -40.398736], [-73.269202, -40.395109], [-73.265178, -40.388795], [-73.26229, -40.385459], [-73.261579, -40.383787], [-73.261831, -40.382126], [-73.26509, -40.377884], [-73.274362, -40.37271], [-73.278482, -40.371141], [-73.286893, -40.370945], [-73.29024, -40.369703], [-73.298566, -40.364667], [-73.309295, -40.35623], [-73.311012, -40.35381], [-73.312299, -40.344587], [-73.315475, -40.339157], [-73.31841, -40.338161], [-73.323688, -40.339951], [-73.326177, -40.338496], [-73.328468, -40.335887]], [[-73.178556, -40.637245], [-73.181509, -40.633724], [-73.186799, -40.630484]], [[-72.872202, -40.784538], [-72.872915, -40.783401], [-72.875421, -40.785034], [-72.877856, -40.784668], [-72.87872, -40.783628], [-72.878816, -40.780759], [-72.882437, -40.779156], [-72.88358, -40.781931], [-72.885768, -40.78243], [-72.886959, -40.779193], [-72.888807, -40.779002], [-72.890033, -40.778088], [-72.892152, -40.778531], [-72.894035, -40.777954], [-72.893069, -40.776049], [-72.893413, -40.774554], [-72.89852, -40.775139], [-72.908736, -40.771055], [-72.917601, -40.766181], [-72.924756, -40.761204], [-72.927532, -40.76202], [-72.92982, -40.766274], [-72.934412, -40.769557], [-72.937703, -40.769073], [-72.939377, -40.767448], [-72.941437, -40.767903], [-72.942823, -40.767055], [-72.944883, -40.76842], [-72.947887, -40.76894], [-72.950879, -40.770568], [-72.95287, -40.770689]], [[-72.95287, -40.770689], [-72.956046, -40.766399], [-72.964724, -40.760832], [-72.968225, -40.761139], [-72.97621, -40.763531], [-72.978212, -40.76367], [-72.980003, -40.762491], [-72.971941, -40.756561], [-72.970723, -40.756257], [-72.970723, -40.755347], [-72.973427, -40.754046], [-72.977305, -40.750769], [-72.981807, -40.752635], [-72.985872, -40.751901], [-72.988557, -40.748043], [-72.988392, -40.746077], [-72.986688, -40.742765], [-72.993003, -40.735267], [-72.994498, -40.729985], [-72.9957, -40.728099], [-72.998918, -40.72553], [-73.001953, -40.724011], [-73.009141, -40.724136], [-73.020676, -40.72192], [-73.023044, -40.720803], [-73.023409, -40.719453], [-73.021853, -40.714712], [-73.020426, -40.712272], [-73.0174, -40.709426], [-73.017175, -40.707946], [-73.018849, -40.706344], [-73.030178, -40.701793], [-73.030969, -40.699177], [-73.030762, -40.692185], [-73.031918, -40.690111], [-73.042776, -40.687], [-73.046616, -40.686826], [-73.048436, -40.687576], [-73.049165, -40.688284], [-73.049301, -40.690298], [-73.047967, -40.692037], [-73.042306, -40.696415], [-73.042392, -40.697619], [-73.047241, -40.70341], [-73.045997, -40.706574], [-73.046211, -40.70912], [-73.047885, -40.711673], [-73.050867, -40.713495], [-73.054537, -40.713999], [-73.060051, -40.713495], [-73.061489, -40.712877], [-73.063034, -40.711055], [-73.066853, -40.703801], [-73.068152, -40.70267], [-73.07196, -40.701898], [-73.073967, -40.702434], [-73.076381, -40.704468], [-73.079213, -40.703687], [-73.080093, -40.702451], [-73.079878, -40.701149], [-73.075823, -40.699628], [-73.075007, -40.699063], [-73.074675, -40.697603], [-73.076037, -40.695504], [-73.080629, -40.692348], [-73.08153, -40.690916], [-73.081702, -40.688964], [-73.083975, -40.689177], [-73.09256, -40.693487], [-73.095301, -40.693909], [-73.097795, -40.693292], [-73.102688, -40.689582], [-73.105252, -40.684385], [-73.105091, -40.682097], [-73.10582, -40.681316], [-73.122043, -40.678452], [-73.122772, -40.677476], [-73.122643, -40.674579], [-73.140216, -40.65355], [-73.145212, -40.651107], [-73.148187, -40.650592], [-73.157608, -40.651748], [-73.164646, -40.647352], [-73.167736, -40.649925], [-73.169539, -40.65038], [-73.175332, -40.645073], [-73.176148, -40.640775], [-73.178556, -40.637245]], [[-72.869633, -40.784096], [-72.870973, -40.784871], [-72.872202, -40.784538]], [[-72.855497, -40.780202], [-72.856696, -40.780399], [-72.857707, -40.782258], [-72.860186, -40.782355], [-72.862814, -40.781262], [-72.866666, -40.781691], [-72.869633, -40.784096]], [[-72.689313, -40.788665], [-72.69339, -40.786914], [-72.697263, -40.78793], [-72.701962, -40.786415], [-72.704843, -40.784518], [-72.707026, -40.785355], [-72.708587, -40.787199], [-72.70848, -40.788718], [-72.704832, -40.789558], [-72.707348, -40.792946], [-72.704644, -40.793636], [-72.703775, -40.79507], [-72.705733, -40.796966], [-72.706243, -40.799082], [-72.71143, -40.802595], [-72.71849, -40.805149], [-72.721344, -40.805425], [-72.728172, -40.803983], [-72.730935, -40.804369], [-72.731252, -40.807792], [-72.727615, -40.811702], [-72.731359, -40.813001], [-72.732941, -40.81579], [-72.73557, -40.816895], [-72.740688, -40.816266], [-72.742828, -40.815405], [-72.745618, -40.812904], [-72.749925, -40.811946], [-72.752017, -40.812392], [-72.752913, -40.813675], [-72.761282, -40.813184], [-72.765284, -40.814028], [-72.766829, -40.815458], [-72.766002, -40.817049], [-72.768652, -40.817597], [-72.769039, -40.817195], [-72.767912, -40.816221], [-72.76818, -40.815466], [-72.774484, -40.815864], [-72.774001, -40.813135], [-72.77451, -40.812197], [-72.777541, -40.812104], [-72.778818, -40.811462], [-72.787937, -40.814304], [-72.78944, -40.816225], [-72.790024, -40.819249], [-72.79401, -40.820147], [-72.801745, -40.819505], [-72.803661, -40.818839], [-72.804733, -40.817345], [-72.804219, -40.815624], [-72.79997, -40.8148], [-72.799058, -40.813545], [-72.801547, -40.813643], [-72.802545, -40.812522], [-72.804294, -40.812015], [-72.811273, -40.811946], [-72.815242, -40.810642], [-72.816299, -40.809676], [-72.816004, -40.805742], [-72.819513, -40.802562], [-72.825538, -40.800069], [-72.833649, -40.798315], [-72.836224, -40.795553], [-72.836953, -40.793052], [-72.839185, -40.7912], [-72.845794, -40.789283], [-72.847467, -40.789803], [-72.850901, -40.792369], [-72.855278, -40.791914], [-72.857338, -40.790225], [-72.858421, -40.787455], [-72.855159, -40.782536], [-72.854934, -40.781289], [-72.855497, -40.780202]]]}}, {"type": "Feature", "properties": {"id": "rio-pilmaiquen", "name": "Río Pilmaiquén", "type": "river", "region": "los-lagos", "season": "2026-2027", "opens": "2026-09-04", "closes": "2027-05-02", "cat": "sep", "rule_level": "waterbody", "phases": [{"s": "2026-09-04", "e": "2026-11-12", "mode": "catch_and_release", "label": "Pesca con devolución obligatoria"}, {"s": "2026-11-13", "e": "2027-05-02", "mode": "retention", "label": "Pesca con retención: Devolución obligatoria de todas las truchas y fauna íctica nativa. Retención de 1 ejemplar de salmón salar, coho o chinook."}], "veda": [], "gear": ["Señuelo artificial con máximo un anzuelo simple sin rebarba. Pesca embarcada y de orilla solo a un radio no menor a 1.000 m del centro de desembocadura o nacimiento de cualquier afluente/efluente. Chinguillo máx. 100 cm / 70 cm.", "Señuelo artificial, máximo un anzuelo simple sin rebarba. Chinguillo máx. 100/70 cm."], "prohibitions": ["Prohibida la pesca desde puentes/caminos sobre los ríos Maullín, Pilmaiquén y Puelo o sus afluentes. Prohibidos bicheros/tenazas/ganchos. Prohibida pesca nocturna 22:00-06:00. Prohibida pesca en sector \"Las Compuertas\" del lago Puyehue. Prohibido eviscerar durante actividad y transporte.", "Mismas prohibiciones que la apertura anticipada (puentes, bicheros, pesca nocturna 22:00-06:00, Las Compuertas, eviscerado)."], "sources": [{"doc": "Resolución Exenta N° 2075, de 28 de agosto de 2025, DZ Pesca y Acuicultura Los Lagos", "url": "https://www.subpesca.cl/portal/615/w3-article-126974.html"}, {"doc": "Resolución Exenta N° 2075, de 28 de agosto de 2025, DZ Los Lagos", "url": null}]}, "geometry": {"type": "MultiLineString", "coordinates": [[[-72.857793, -40.536984], [-72.859016, -40.535011], [-72.86091, -40.534232], [-72.862873, -40.532336], [-72.864134, -40.529323], [-72.863501, -40.528504], [-72.861076, -40.52896], [-72.85827, -40.529915], [-72.857364, -40.531619], [-72.856157, -40.531521], [-72.854907, -40.530302], [-72.855964, -40.529209], [-72.8565, -40.526579], [-72.864343, -40.5247], [-72.864279, -40.521698], [-72.868828, -40.521001], [-72.871794, -40.519133], [-72.879444, -40.517955], [-72.879755, -40.516678], [-72.877261, -40.51353], [-72.877336, -40.512608], [-72.878602, -40.512694], [-72.879792, -40.51417], [-72.882534, -40.513958], [-72.886466, -40.511625], [-72.888445, -40.507506], [-72.891465, -40.507029], [-72.892404, -40.506327], [-72.892066, -40.504431], [-72.889405, -40.501865], [-72.890242, -40.500217], [-72.888365, -40.498088], [-72.889588, -40.495249], [-72.892764, -40.49196], [-72.890478, -40.489659], [-72.892173, -40.488705], [-72.891852, -40.487481], [-72.892377, -40.486265], [-72.900971, -40.479076], [-72.904855, -40.476578], [-72.906078, -40.474252], [-72.905509, -40.471665], [-72.90368, -40.469666], [-72.905129, -40.467817], [-72.902945, -40.467078], [-72.903707, -40.464785], [-72.90235, -40.464062], [-72.901921, -40.462891], [-72.9025, -40.46065], [-72.905123, -40.459177], [-72.904683, -40.457577], [-72.905831, -40.45427], [-72.90566, -40.449062], [-72.904855, -40.447559], [-72.902752, -40.446302], [-72.902698, -40.44493], [-72.90611, -40.443787], [-72.906518, -40.441027], [-72.907923, -40.439999], [-72.916067, -40.440023], [-72.91965, -40.441264], [-72.922547, -40.440782], [-72.924296, -40.438341], [-72.923105, -40.436389], [-72.92406, -40.434258], [-72.930465, -40.433082], [-72.937696, -40.428958], [-72.940603, -40.426189], [-72.941612, -40.422318], [-72.941151, -40.416698], [-72.942857, -40.414076], [-72.945828, -40.412132], [-72.951686, -40.410433], [-72.961246, -40.406438], [-72.96308, -40.404216], [-72.964303, -40.399632], [-72.969303, -40.396585], [-72.97441, -40.392442], [-72.975794, -40.388855], [-72.977564, -40.387204], [-72.983358, -40.384646], [-72.989763, -40.385921], [-72.992917, -40.384768], [-72.998947, -40.383763], [-73.010468, -40.385671], [-73.016162, -40.383551], [-73.021433, -40.383014], [-73.03103, -40.38386], [-73.033311, -40.382104], [-73.035496, -40.378895], [-73.040616, -40.376638], [-73.047724, -40.370836], [-73.050241, -40.370417], [-73.056733, -40.372449], [-73.059792, -40.371102], [-73.063699, -40.366057], [-73.068562, -40.364598], [-73.071584, -40.360365], [-73.072539, -40.35766], [-73.072162, -40.355431], [-73.073586, -40.352599], [-73.079624, -40.348101], [-73.077059, -40.345919], [-73.07762, -40.345078], [-73.084212, -40.34619], [-73.092071, -40.349256], [-73.095513, -40.348883], [-73.100752, -40.347086], [-73.101413, -40.348667], [-73.100246, -40.350088], [-73.101597, -40.350988], [-73.107273, -40.34941], [-73.111035, -40.350578], [-73.113666, -40.349699], [-73.120358, -40.349021], [-73.123947, -40.350147], [-73.125623, -40.348529], [-73.129046, -40.350001], [-73.130121, -40.348645]], [[-72.857793, -40.536984], [-72.859016, -40.535011], [-72.86091, -40.534232], [-72.862873, -40.532336], [-72.864134, -40.529323], [-72.863501, -40.528504], [-72.861076, -40.52896], [-72.85827, -40.529915], [-72.857364, -40.531619], [-72.856157, -40.531521], [-72.854907, -40.530302], [-72.855964, -40.529209], [-72.8565, -40.526579], [-72.864343, -40.5247], [-72.864279, -40.521698], [-72.868828, -40.521001], [-72.871794, -40.519133], [-72.879444, -40.517955], [-72.879755, -40.516678], [-72.877261, -40.51353], [-72.877336, -40.512608], [-72.878602, -40.512694], [-72.879792, -40.51417], [-72.882534, -40.513958], [-72.886466, -40.511625], [-72.888445, -40.507506], [-72.891465, -40.507029], [-72.892404, -40.506327], [-72.892066, -40.504431], [-72.889405, -40.501865], [-72.890242, -40.500217], [-72.888365, -40.498088], [-72.889588, -40.495249], [-72.892764, -40.49196], [-72.890478, -40.489659], [-72.892173, -40.488705], [-72.891852, -40.487481], [-72.892377, -40.486265], [-72.900971, -40.479076], [-72.904855, -40.476578], [-72.906078, -40.474252], [-72.905509, -40.471665], [-72.90368, -40.469666], [-72.905129, -40.467817], [-72.902945, -40.467078], [-72.903707, -40.464785], [-72.90235, -40.464062], [-72.901921, -40.462891], [-72.9025, -40.46065], [-72.905123, -40.459177], [-72.904683, -40.457577], [-72.905831, -40.45427], [-72.90566, -40.449062], [-72.904855, -40.447559], [-72.902752, -40.446302], [-72.902698, -40.44493], [-72.90611, -40.443787], [-72.906518, -40.441027], [-72.907923, -40.439999], [-72.916067, -40.440023], [-72.91965, -40.441264], [-72.922547, -40.440782], [-72.924296, -40.438341], [-72.923105, -40.436389], [-72.92406, -40.434258], [-72.930465, -40.433082], [-72.937696, -40.428958], [-72.940603, -40.426189], [-72.941612, -40.422318], [-72.941151, -40.416698], [-72.942857, -40.414076], [-72.945828, -40.412132], [-72.951686, -40.410433], [-72.961246, -40.406438], [-72.96308, -40.404216], [-72.964303, -40.399632], [-72.969303, -40.396585], [-72.97441, -40.392442], [-72.975794, -40.388855], [-72.977564, -40.387204], [-72.983358, -40.384646], [-72.989763, -40.385921], [-72.992917, -40.384768], [-72.998947, -40.383763], [-73.010468, -40.385671], [-73.016162, -40.383551], [-73.021433, -40.383014], [-73.03103, -40.38386], [-73.033311, -40.382104], [-73.035496, -40.378895], [-73.040616, -40.376638], [-73.047724, -40.370836], [-73.050241, -40.370417], [-73.056733, -40.372449], [-73.059792, -40.371102], [-73.063699, -40.366057], [-73.068562, -40.364598], [-73.071584, -40.360365], [-73.072539, -40.35766], [-73.072162, -40.355431], [-73.073586, -40.352599], [-73.079624, -40.348101], [-73.077059, -40.345919], [-73.07762, -40.345078], [-73.084212, -40.34619], [-73.092071, -40.349256], [-73.095513, -40.348883], [-73.100752, -40.347086], [-73.101413, -40.348667], [-73.100246, -40.350088], [-73.101597, -40.350988], [-73.107273, -40.34941], [-73.111035, -40.350578], [-73.113666, -40.349699], [-73.120358, -40.349021], [-73.123947, -40.350147], [-73.125623, -40.348529], [-73.129046, -40.350001], [-73.130121, -40.348645]], [[-72.605638, -40.680646], [-72.607272, -40.680799], [-72.609656, -40.678657], [-72.613326, -40.674605], [-72.615037, -40.671594], [-72.622381, -40.670744], [-72.625417, -40.669551], [-72.627246, -40.666634], [-72.627659, -40.661011], [-72.631323, -40.658386], [-72.642331, -40.656754], [-72.644927, -40.65585], [-72.645882, -40.654039], [-72.648398, -40.643241], [-72.652797, -40.642773], [-72.654409, -40.64167], [-72.653798, -40.640562], [-72.650523, -40.638789], [-72.649683, -40.636883], [-72.650716, -40.634844], [-72.654439, -40.633777], [-72.654567, -40.633048], [-72.65373, -40.632401], [-72.654433, -40.629657], [-72.653661, -40.627862], [-72.654364, -40.626408], [-72.656332, -40.624865], [-72.658532, -40.623855], [-72.664947, -40.624018], [-72.671417, -40.621999], [-72.675837, -40.621942], [-72.679303, -40.622532], [-72.683948, -40.624735], [-72.692349, -40.625842], [-72.695085, -40.624458], [-72.697375, -40.621156], [-72.699988, -40.620517], [-72.701986, -40.621003], [-72.704899, -40.620086], [-72.705269, -40.617592], [-72.706324, -40.617524], [-72.7085, -40.614972], [-72.709581, -40.614583], [-72.711404, -40.615439], [-72.713826, -40.615357], [-72.717198, -40.613929], [-72.720866, -40.610842], [-72.722561, -40.610174], [-72.726743, -40.611103], [-72.729341, -40.613368], [-72.731851, -40.614184], [-72.73286, -40.613856], [-72.733742, -40.612725], [-72.734105, -40.610451], [-72.731108, -40.610301], [-72.732087, -40.606216], [-72.748418, -40.603303], [-72.752146, -40.604142], [-72.757527, -40.604329], [-72.760445, -40.60325], [-72.772, -40.601083], [-72.773952, -40.599482], [-72.776388, -40.595234], [-72.77775, -40.595417], [-72.779537, -40.596729], [-72.78068, -40.596403], [-72.780111, -40.592806], [-72.78046, -40.591173], [-72.78466, -40.587979], [-72.787423, -40.587677], [-72.789885, -40.588859], [-72.791221, -40.586781], [-72.795153, -40.585164], [-72.794252, -40.583632], [-72.795153, -40.581383], [-72.794316, -40.575092], [-72.796515, -40.571433], [-72.796569, -40.566519], [-72.797374, -40.565068], [-72.807781, -40.562933], [-72.80939, -40.562167], [-72.811503, -40.559958], [-72.813992, -40.559509], [-72.815656, -40.557887], [-72.817919, -40.557521], [-72.819207, -40.556485], [-72.820011, -40.553469], [-72.817522, -40.553241], [-72.813091, -40.548977], [-72.813188, -40.54751], [-72.814647, -40.545301], [-72.816149, -40.544934], [-72.817426, -40.546915], [-72.819711, -40.547706], [-72.818193, -40.549703], [-72.818638, -40.550131], [-72.824389, -40.550282], [-72.827956, -40.548594], [-72.831985, -40.549181], [-72.832763, -40.546226], [-72.836979, -40.545782], [-72.838621, -40.544212], [-72.841657, -40.543454], [-72.851452, -40.535248], [-72.854472, -40.534946], [-72.855411, -40.536719], [-72.857793, -40.536984]], [[-72.605638, -40.680646], [-72.607272, -40.680799], [-72.609656, -40.678657], [-72.613326, -40.674605], [-72.615037, -40.671594], [-72.622381, -40.670744], [-72.625417, -40.669551], [-72.627246, -40.666634], [-72.627659, -40.661011], [-72.631323, -40.658386], [-72.642331, -40.656754], [-72.644927, -40.65585], [-72.645882, -40.654039], [-72.648398, -40.643241], [-72.652797, -40.642773], [-72.654409, -40.64167], [-72.653798, -40.640562], [-72.650523, -40.638789], [-72.649683, -40.636883], [-72.650716, -40.634844], [-72.654439, -40.633777], [-72.654567, -40.633048], [-72.65373, -40.632401], [-72.654433, -40.629657], [-72.653661, -40.627862], [-72.654364, -40.626408], [-72.656332, -40.624865], [-72.658532, -40.623855], [-72.664947, -40.624018], [-72.671417, -40.621999], [-72.675837, -40.621942], [-72.679303, -40.622532], [-72.683948, -40.624735], [-72.692349, -40.625842], [-72.695085, -40.624458], [-72.697375, -40.621156], [-72.699988, -40.620517], [-72.701986, -40.621003], [-72.704899, -40.620086], [-72.705269, -40.617592], [-72.706324, -40.617524], [-72.7085, -40.614972], [-72.709581, -40.614583], [-72.711404, -40.615439], [-72.713826, -40.615357], [-72.717198, -40.613929], [-72.720866, -40.610842], [-72.722561, -40.610174], [-72.726743, -40.611103], [-72.729341, -40.613368], [-72.731851, -40.614184], [-72.73286, -40.613856], [-72.733742, -40.612725], [-72.734105, -40.610451], [-72.731108, -40.610301], [-72.732087, -40.606216], [-72.748418, -40.603303], [-72.752146, -40.604142], [-72.757527, -40.604329], [-72.760445, -40.60325], [-72.772, -40.601083], [-72.773952, -40.599482], [-72.776388, -40.595234], [-72.77775, -40.595417], [-72.779537, -40.596729], [-72.78068, -40.596403], [-72.780111, -40.592806], [-72.78046, -40.591173], [-72.78466, -40.587979], [-72.787423, -40.587677], [-72.789885, -40.588859], [-72.791221, -40.586781], [-72.795153, -40.585164], [-72.794252, -40.583632], [-72.795153, -40.581383], [-72.794316, -40.575092], [-72.796515, -40.571433], [-72.796569, -40.566519], [-72.797374, -40.565068], [-72.807781, -40.562933], [-72.80939, -40.562167], [-72.811503, -40.559958], [-72.813992, -40.559509], [-72.815656, -40.557887], [-72.817919, -40.557521], [-72.819207, -40.556485], [-72.820011, -40.553469], [-72.817522, -40.553241], [-72.813091, -40.548977], [-72.813188, -40.54751], [-72.814647, -40.545301], [-72.816149, -40.544934], [-72.817426, -40.546915], [-72.819711, -40.547706], [-72.818193, -40.549703], [-72.818638, -40.550131], [-72.824389, -40.550282], [-72.827956, -40.548594], [-72.831985, -40.549181], [-72.832763, -40.546226], [-72.836979, -40.545782], [-72.838621, -40.544212], [-72.841657, -40.543454], [-72.851452, -40.535248], [-72.854472, -40.534946], [-72.855411, -40.536719], [-72.857793, -40.536984]], [[-72.649117, -40.642904], [-72.648828, -40.639612], [-72.649086, -40.638244], [-72.649984, -40.637945]], [[-72.649117, -40.642904], [-72.648828, -40.639612], [-72.649086, -40.638244], [-72.649984, -40.637945]]]}}, {"type": "Feature", "properties": {"id": "rio-puelo", "name": "Río Puelo", "type": "river", "region": "los-lagos", "season": "2026-2027", "opens": "2026-09-04", "closes": "2027-05-31", "cat": "sep", "rule_level": "waterbody", "phases": [{"s": "2026-09-04", "e": "2026-11-12", "mode": "catch_and_release", "label": "Pesca con devolución obligatoria"}, {"s": "2026-11-13", "e": "2027-05-31", "mode": "retention", "label": "Pesca con retención: Devolución obligatoria de truchas y fauna nativa. Retención de 1 ejemplar de salmón salar, coho o chinook."}], "veda": [], "gear": ["Señuelo artificial con máximo un anzuelo simple sin rebarba. Pesca embarcada y de orilla solo a un radio no menor a 1.000 m del centro de desembocadura o nacimiento de cualquier afluente/efluente. Chinguillo máx. 100 cm / 70 cm.", "Señuelo artificial, máximo un anzuelo simple sin rebarba."], "prohibitions": ["Prohibida la pesca desde puentes/caminos sobre los ríos Maullín, Pilmaiquén y Puelo o sus afluentes. Prohibidos bicheros/tenazas/ganchos. Prohibida pesca nocturna 22:00-06:00. Prohibida pesca en sector \"Las Compuertas\" del lago Puyehue. Prohibido eviscerar durante actividad y transporte."], "sources": [{"doc": "Resolución Exenta N° 2075, de 28 de agosto de 2025, DZ Pesca y Acuicultura Los Lagos", "url": "https://www.subpesca.cl/portal/615/w3-article-126974.html"}, {"doc": "Resolución Exenta N° 2075, de 28 de agosto de 2025, DZ Los Lagos", "url": null}]}, "geometry": {"type": "MultiLineString", "coordinates": [[[-71.914322, -41.96141], [-71.916922, -41.960699], [-71.917691, -41.9598], [-71.916225, -41.958928], [-71.915462, -41.954543], [-71.918931, -41.949173], [-71.921354, -41.946982], [-71.926672, -41.944206], [-71.925922, -41.942204], [-71.923486, -41.940284], [-71.923642, -41.938424], [-71.930422, -41.930921], [-71.940297, -41.923861], [-71.939443, -41.922369], [-71.934534, -41.921611], [-71.93298, -41.91969], [-71.933323, -41.916698], [-71.939319, -41.909492], [-71.940191, -41.907596], [-71.939663, -41.905268], [-71.93598, -41.903673], [-71.936649, -41.901446], [-71.940102, -41.897212], [-71.94446, -41.894375], [-71.9482, -41.890338], [-71.956598, -41.886983], [-71.96012, -41.886234], [-71.96216, -41.882732], [-71.966576, -41.881117], [-71.967323, -41.878011], [-71.96457, -41.875982], [-71.964075, -41.874756], [-71.968025, -41.87279], [-71.968914, -41.873038], [-71.969609, -41.874237], [-71.970548, -41.874321], [-71.970763, -41.872858], [-71.97315, -41.870761]], [[-71.820422, -42.083613], [-71.833779, -42.079647], [-71.840367, -42.075204], [-71.851718, -42.064476], [-71.855419, -42.062652], [-71.855527, -42.061863], [-71.854223, -42.059999], [-71.854561, -42.057371], [-71.857265, -42.056016], [-71.859362, -42.052105], [-71.861272, -42.051125], [-71.866418, -42.045885], [-71.866899, -42.044235], [-71.870689, -42.040455], [-71.872014, -42.036386], [-71.874008, -42.033176], [-71.877687, -42.029546], [-71.878044, -42.026537], [-71.879125, -42.025246], [-71.877575, -42.022016], [-71.877802, -42.020687], [-71.87924, -42.018854], [-71.879202, -42.017519], [-71.879993, -42.016406], [-71.885635, -42.010463], [-71.886671, -42.006529], [-71.889332, -42.00339], [-71.890967, -42.002631], [-71.893832, -42.002463], [-71.898836, -42.004206], [-71.903284, -42.003165], [-71.904453, -42.001212], [-71.908696, -41.999029], [-71.910062, -41.997696], [-71.910572, -41.997028], [-71.910062, -41.995769], [-71.91276, -41.990566], [-71.918787, -41.98463]], [[-71.911834, -41.99286], [-71.910537, -41.990896], [-71.912025, -41.98539], [-71.915108, -41.983869], [-71.918787, -41.98463]], [[-71.910572, -41.997028], [-71.912948, -41.994386], [-71.912408, -41.991736]], [[-72.167966, -41.645474], [-72.170391, -41.643021], [-72.178073, -41.641185], [-72.19069, -41.633712], [-72.192213, -41.630929], [-72.192568, -41.626567], [-72.19614, -41.62396], [-72.201165, -41.6183], [-72.209325, -41.615937], [-72.21411, -41.611284], [-72.220501, -41.610153], [-72.226396, -41.608047], [-72.22801, -41.60864], [-72.230053, -41.611094], [-72.231315, -41.611437], [-72.233547, -41.611822], [-72.240204, -41.610737], [-72.244146, -41.612263], [-72.245306, -41.613875], [-72.247623, -41.622537], [-72.247709, -41.626451], [-72.250284, -41.631904], [-72.251571, -41.632803], [-72.254618, -41.632489], [-72.258315, -41.63396], [-72.261737, -41.638248], [-72.268281, -41.643532], [-72.273126, -41.644644], [-72.277836, -41.6439], [-72.2803, -41.64272], [-72.283469, -41.643158], [-72.290796, -41.645632], [-72.30684, -41.653355], [-72.31434, -41.655832], [-72.316204, -41.655737]], [[-72.303767, -41.651978], [-72.30601, -41.651725], [-72.312913, -41.652697], [-72.31684, -41.651013], [-72.318202, -41.64924]], [[-71.914322, -41.96141], [-71.913326, -41.960034], [-71.913248, -41.958263], [-71.915787, -41.956226]], [[-71.728095, -42.10543], [-71.734134, -42.102724], [-71.73711, -42.103106]], [[-71.918787, -41.98463], [-71.922405, -41.986008], [-71.924458, -41.985364], [-71.925135, -41.984672], [-71.925544, -41.979815], [-71.922843, -41.977409], [-71.915639, -41.976171], [-71.914311, -41.975323], [-71.913176, -41.973328], [-71.90956, -41.972195], [-71.909061, -41.97077], [-71.91323, -41.964199], [-71.914322, -41.96141]], [[-72.0543, -41.759255], [-72.052033, -41.754076], [-72.051687, -41.748135], [-72.053533, -41.744829], [-72.056848, -41.742531], [-72.058795, -41.742235], [-72.060227, -41.742771], [-72.064948, -41.748087], [-72.066364, -41.748943], [-72.079368, -41.749856], [-72.080982, -41.748795], [-72.081744, -41.746842], [-72.080961, -41.745689], [-72.078536, -41.744953], [-72.074716, -41.74232], [-72.067378, -41.741635], [-72.065023, -41.740186], [-72.061713, -41.736447], [-72.062207, -41.735394], [-72.063907, -41.734586], [-72.07381, -41.735646], [-72.077844, -41.734854], [-72.079883, -41.733389], [-72.082683, -41.729073], [-72.087243, -41.725718], [-72.087817, -41.72396], [-72.087007, -41.722495], [-72.082372, -41.720177], [-72.082297, -41.718527], [-72.083584, -41.716981], [-72.07822, -41.710358], [-72.077962, -41.709317], [-72.078713, -41.707499], [-72.080838, -41.706369], [-72.083756, -41.706041], [-72.085215, -41.706754], [-72.085794, -41.708556], [-72.086749, -41.709301], [-72.089742, -41.70898], [-72.092693, -41.705496], [-72.091588, -41.701195], [-72.092028, -41.699905], [-72.093208, -41.699004], [-72.096544, -41.699116], [-72.099876, -41.701519], [-72.101356, -41.701763], [-72.103851, -41.700947], [-72.108867, -41.697943], [-72.113653, -41.698016]], [[-71.97315, -41.870761], [-71.975332, -41.868657], [-71.978273, -41.861464], [-71.981452, -41.857759], [-71.981105, -41.853378], [-71.97822, -41.84927], [-71.978573, -41.847198], [-71.977762, -41.844804], [-71.979297, -41.838871], [-71.977852, -41.834618], [-71.979315, -41.831627], [-71.979525, -41.829703], [-71.977363, -41.825724], [-71.977433, -41.82482], [-71.980506, -41.822441], [-71.980755, -41.819042], [-71.982448, -41.8159], [-71.985533, -41.814358], [-71.988036, -41.811436], [-71.993167, -41.808779], [-71.997319, -41.802918], [-71.998693, -41.798882], [-72.000484, -41.796179], [-72.001101, -41.793553], [-72.002373, -41.792191], [-72.007602, -41.791404], [-72.009822, -41.789127], [-72.014175, -41.788967], [-72.018047, -41.790293], [-72.032233, -41.788467], [-72.03273, -41.786293], [-72.030208, -41.782133], [-72.031689, -41.778896], [-72.037637, -41.773772], [-72.040089, -41.769871], [-72.047824, -41.769163], [-72.055141, -41.766852], [-72.056146, -41.765472], [-72.056296, -41.763951], [-72.0543, -41.759255]], [[-72.316204, -41.655737], [-72.322665, -41.648352], [-72.330637, -41.642516]], [[-72.305318, -41.652673], [-72.307522, -41.656858], [-72.309469, -41.657936], [-72.315831, -41.655856]], [[-71.723573, -42.106136], [-71.726933, -42.106137], [-71.728095, -42.10543]], [[-71.728095, -42.10543], [-71.734134, -42.102724], [-71.73711, -42.103106]], [[-71.820422, -42.083613], [-71.833779, -42.079647], [-71.840367, -42.075204], [-71.851718, -42.064476], [-71.855419, -42.062652], [-71.855527, -42.061863], [-71.854223, -42.059999], [-71.854561, -42.057371], [-71.857265, -42.056016], [-71.859362, -42.052105], [-71.861272, -42.051125], [-71.866418, -42.045885], [-71.866899, -42.044235], [-71.870689, -42.040455], [-71.872014, -42.036386], [-71.874008, -42.033176], [-71.877687, -42.029546], [-71.878044, -42.026537], [-71.879125, -42.025246], [-71.877575, -42.022016], [-71.877802, -42.020687], [-71.87924, -42.018854], [-71.879202, -42.017519], [-71.879993, -42.016406], [-71.885635, -42.010463], [-71.886671, -42.006529], [-71.889332, -42.00339], [-71.890967, -42.002631], [-71.893832, -42.002463], [-71.898836, -42.004206], [-71.903284, -42.003165], [-71.904453, -42.001212], [-71.908696, -41.999029], [-71.910062, -41.997696], [-71.910572, -41.997028], [-71.910062, -41.995769], [-71.91276, -41.990566], [-71.918787, -41.98463]], [[-71.918787, -41.98463], [-71.922405, -41.986008], [-71.924458, -41.985364], [-71.925135, -41.984672], [-71.925544, -41.979815], [-71.922843, -41.977409], [-71.915639, -41.976171], [-71.914311, -41.975323], [-71.913176, -41.973328], [-71.90956, -41.972195], [-71.909061, -41.97077], [-71.91323, -41.964199], [-71.914322, -41.96141]], [[-71.914322, -41.96141], [-71.916922, -41.960699], [-71.917691, -41.9598], [-71.916225, -41.958928], [-71.915462, -41.954543], [-71.918931, -41.949173], [-71.921354, -41.946982], [-71.926672, -41.944206], [-71.925922, -41.942204], [-71.923486, -41.940284], [-71.923642, -41.938424], [-71.930422, -41.930921], [-71.940297, -41.923861], [-71.939443, -41.922369], [-71.934534, -41.921611], [-71.93298, -41.91969], [-71.933323, -41.916698], [-71.939319, -41.909492], [-71.940191, -41.907596], [-71.939663, -41.905268], [-71.93598, -41.903673], [-71.936649, -41.901446], [-71.940102, -41.897212], [-71.94446, -41.894375], [-71.9482, -41.890338], [-71.956598, -41.886983], [-71.96012, -41.886234], [-71.96216, -41.882732], [-71.966576, -41.881117], [-71.967323, -41.878011], [-71.96457, -41.875982], [-71.964075, -41.874756], [-71.968025, -41.87279], [-71.968914, -41.873038], [-71.969609, -41.874237], [-71.970548, -41.874321], [-71.970763, -41.872858], [-71.97315, -41.870761]], [[-71.97315, -41.870761], [-71.975332, -41.868657], [-71.978273, -41.861464], [-71.981452, -41.857759], [-71.981105, -41.853378], [-71.97822, -41.84927], [-71.978573, -41.847198], [-71.977762, -41.844804], [-71.979297, -41.838871], [-71.977852, -41.834618], [-71.979315, -41.831627], [-71.979525, -41.829703], [-71.977363, -41.825724], [-71.977433, -41.82482], [-71.980506, -41.822441], [-71.980755, -41.819042], [-71.982448, -41.8159], [-71.985533, -41.814358], [-71.988036, -41.811436], [-71.993167, -41.808779], [-71.997319, -41.802918], [-71.998693, -41.798882], [-72.000484, -41.796179], [-72.001101, -41.793553], [-72.002373, -41.792191], [-72.007602, -41.791404], [-72.009822, -41.789127], [-72.014175, -41.788967], [-72.018047, -41.790293], [-72.032233, -41.788467], [-72.03273, -41.786293], [-72.030208, -41.782133], [-72.031689, -41.778896], [-72.037637, -41.773772], [-72.040089, -41.769871], [-72.047824, -41.769163], [-72.055141, -41.766852], [-72.056146, -41.765472], [-72.056296, -41.763951], [-72.0543, -41.759255]], [[-72.0543, -41.759255], [-72.052033, -41.754076], [-72.051687, -41.748135], [-72.053533, -41.744829], [-72.056848, -41.742531], [-72.058795, -41.742235], [-72.060227, -41.742771], [-72.064948, -41.748087], [-72.066364, -41.748943], [-72.079368, -41.749856], [-72.080982, -41.748795], [-72.081744, -41.746842], [-72.080961, -41.745689], [-72.078536, -41.744953], [-72.074716, -41.74232], [-72.067378, -41.741635], [-72.065023, -41.740186], [-72.061713, -41.736447], [-72.062207, -41.735394], [-72.063907, -41.734586], [-72.07381, -41.735646], [-72.077844, -41.734854], [-72.079883, -41.733389], [-72.082683, -41.729073], [-72.087243, -41.725718], [-72.087817, -41.72396], [-72.087007, -41.722495], [-72.082372, -41.720177], [-72.082297, -41.718527], [-72.083584, -41.716981], [-72.07822, -41.710358], [-72.077962, -41.709317], [-72.078713, -41.707499], [-72.080838, -41.706369], [-72.083756, -41.706041], [-72.085215, -41.706754], [-72.085794, -41.708556], [-72.086749, -41.709301], [-72.089742, -41.70898], [-72.092693, -41.705496], [-72.091588, -41.701195], [-72.092028, -41.699905], [-72.093208, -41.699004], [-72.096544, -41.699116], [-72.099876, -41.701519], [-72.101356, -41.701763], [-72.103851, -41.700947], [-72.108867, -41.697943], [-72.113653, -41.698016]], [[-72.113653, -41.698016], [-72.117455, -41.700226], [-72.12003, -41.700121], [-72.123828, -41.69735], [-72.130458, -41.694225], [-72.137153, -41.688393], [-72.145972, -41.677383], [-72.154748, -41.664769], [-72.164083, -41.649459], [-72.167966, -41.645474]], [[-72.167966, -41.645474], [-72.170391, -41.643021], [-72.178073, -41.641185], [-72.19069, -41.633712], [-72.192213, -41.630929], [-72.192568, -41.626567], [-72.19614, -41.62396], [-72.201165, -41.6183], [-72.209325, -41.615937], [-72.21411, -41.611284], [-72.220501, -41.610153], [-72.226396, -41.608047], [-72.22801, -41.60864], [-72.230053, -41.611094], [-72.231315, -41.611437], [-72.233547, -41.611822], [-72.240204, -41.610737], [-72.244146, -41.612263], [-72.245306, -41.613875], [-72.247623, -41.622537], [-72.247709, -41.626451], [-72.250284, -41.631904], [-72.251571, -41.632803], [-72.254618, -41.632489], [-72.258315, -41.63396], [-72.261737, -41.638248], [-72.268281, -41.643532], [-72.273126, -41.644644], [-72.277836, -41.6439], [-72.2803, -41.64272], [-72.283469, -41.643158], [-72.290796, -41.645632], [-72.30684, -41.653355], [-72.31434, -41.655832], [-72.316204, -41.655737]], [[-72.316204, -41.655737], [-72.322665, -41.648352], [-72.330637, -41.642516]], [[-71.914322, -41.96141], [-71.913326, -41.960034], [-71.913248, -41.958263], [-71.915787, -41.956226]], [[-72.305318, -41.652673], [-72.307522, -41.656858], [-72.309469, -41.657936], [-72.315831, -41.655856]]]}}, {"type": "Feature", "properties": {"id": "rio-ventisquero", "name": "Río Ventisquero", "type": "river", "region": "los-lagos", "season": "2026-2027", "opens": "2026-09-04", "closes": "2027-05-31", "cat": "sep", "rule_level": "waterbody", "phases": [{"s": "2026-09-04", "e": "2026-11-12", "mode": "catch_and_release", "label": "Pesca con devolución obligatoria"}, {"s": "2026-11-13", "e": "2027-05-31", "mode": "retention", "label": "Pesca con retención: Devolución obligatoria de truchas y fauna nativa. Retención de 1 ejemplar de salmón salar, coho o chinook."}], "veda": [], "gear": ["Señuelo artificial con máximo un anzuelo simple sin rebarba. Pesca embarcada y de orilla solo a un radio no menor a 1.000 m del centro de desembocadura o nacimiento de cualquier afluente/efluente. Chinguillo máx. 100 cm / 70 cm.", "Señuelo artificial, máximo un anzuelo simple sin rebarba."], "prohibitions": ["Prohibida la pesca desde puentes/caminos sobre los ríos Maullín, Pilmaiquén y Puelo o sus afluentes. Prohibidos bicheros/tenazas/ganchos. Prohibida pesca nocturna 22:00-06:00. Prohibida pesca en sector \"Las Compuertas\" del lago Puyehue. Prohibido eviscerar durante actividad y transporte."], "sources": [{"doc": "Resolución Exenta N° 2075, de 28 de agosto de 2025, DZ Pesca y Acuicultura Los Lagos", "url": "https://www.subpesca.cl/portal/615/w3-article-126974.html"}, {"doc": "Resolución Exenta N° 2075, de 28 de agosto de 2025, DZ Los Lagos", "url": null}]}, "geometry": {"type": "MultiLineString", "coordinates": [[[-72.281059, -42.046707], [-72.277488, -42.045606], [-72.271783, -42.045273], [-72.271169, -42.04334], [-72.265647, -42.042785], [-72.264983, -42.041911], [-72.261584, -42.041344], [-72.256359, -42.039337], [-72.254204, -42.039928], [-72.248548, -42.039472], [-72.244286, -42.042157], [-72.236359, -42.041357], [-72.232511, -42.043795], [-72.229294, -42.044177], [-72.223605, -42.043331], [-72.221436, -42.041964], [-72.216663, -42.042504], [-72.212875, -42.041694], [-72.204553, -42.043767], [-72.196321, -42.043837], [-72.195031, -42.044325], [-72.193381, -42.044118], [-72.19149, -42.042761], [-72.183936, -42.043082], [-72.183089, -42.041341], [-72.182043, -42.041002], [-72.177896, -42.042612], [-72.177311, -42.04507], [-72.175991, -42.046345], [-72.168058, -42.047366], [-72.166043, -42.047201], [-72.165139, -42.046461], [-72.162344, -42.046913], [-72.15934, -42.045998], [-72.159287, -42.043429], [-72.157123, -42.041446], [-72.155398, -42.04074], [-72.15256, -42.040596], [-72.13924, -42.042508], [-72.13976, -42.038261], [-72.142287, -42.035831], [-72.139776, -42.034197], [-72.132828, -42.035321], [-72.129621, -42.031415], [-72.120865, -42.032361], [-72.118398, -42.032073], [-72.116425, -42.029442], [-72.116713, -42.028661], [-72.12128, -42.028563], [-72.121764, -42.02712], [-72.123489, -42.025361], [-72.117162, -42.021529], [-72.115562, -42.022166], [-72.11414, -42.025212], [-72.111403, -42.026156], [-72.109376, -42.025069], [-72.107888, -42.020801], [-72.106436, -42.020281], [-72.104339, -42.020604], [-72.098143, -42.023108], [-72.093777, -42.026567], [-72.089335, -42.027826], [-72.087361, -42.026559], [-72.086459, -42.022646], [-72.085869, -42.022152], [-72.084249, -42.022215], [-72.081149, -42.023554], [-72.078992, -42.023499], [-72.075205, -42.019067], [-72.074304, -42.018852], [-72.070355, -42.018971], [-72.065871, -42.019984], [-72.062244, -42.019298], [-72.059004, -42.020111], [-72.055989, -42.019258], [-72.050314, -42.018955], [-72.0479, -42.016867], [-72.042643, -42.016469], [-72.038727, -42.015113], [-72.037171, -42.013846], [-72.035959, -42.011622], [-72.029135, -42.009278], [-72.021797, -42.010171], [-72.020466, -42.011104], [-72.020327, -42.01285], [-72.019383, -42.013854], [-72.015359, -42.015241], [-72.012157, -42.0156], [-72.007656, -42.013985], [-72.001358, -42.013296], [-71.998113, -42.015631], [-71.997045, -42.017772], [-71.991284, -42.019163], [-71.98902, -42.018613], [-71.987947, -42.015273], [-71.987277, -42.014898], [-71.979525, -42.015193], [-71.97739, -42.016763], [-71.976564, -42.020223], [-71.975861, -42.020948], [-71.967799, -42.021586], [-71.963829, -42.023738], [-71.957778, -42.023626], [-71.955643, -42.022383], [-71.954119, -42.020212], [-71.95093, -42.019601], [-71.949181, -42.016985], [-71.945236, -42.016995], [-71.94324, -42.016293], [-71.94132, -42.010442], [-71.936996, -42.006871], [-71.933536, -42.00115], [-71.932801, -41.995661], [-71.930687, -41.991574], [-71.925135, -41.984672]], [[-72.557257, -48.19505], [-72.557876, -48.19549], [-72.557745, -48.198412], [-72.560733, -48.19961], [-72.563013, -48.201933], [-72.562593, -48.20496], [-72.564247, -48.207252], [-72.563538, -48.211328], [-72.563926, -48.21346], [-72.565641, -48.215637], [-72.567343, -48.216698], [-72.567031, -48.2182], [-72.568019, -48.219267], [-72.566977, -48.222568], [-72.565438, -48.223418], [-72.564835, -48.225142], [-72.566395, -48.226738], [-72.565443, -48.229233], [-72.566666, -48.230162], [-72.566553, -48.233106], [-72.568506, -48.235039], [-72.568418, -48.237168], [-72.567471, -48.237862], [-72.56837, -48.240542], [-72.568094, -48.241407], [-72.56569, -48.242521], [-72.565727, -48.244957], [-72.565049, -48.246075], [-72.565876, -48.248103], [-72.565298, -48.249112], [-72.566886, -48.249983], [-72.566398, -48.250634], [-72.56694, -48.252959], [-72.566425, -48.253816], [-72.567858, -48.255515], [-72.567621, -48.256529], [-72.569305, -48.259545], [-72.568265, -48.260113], [-72.5682, -48.26187], [-72.565442, -48.26172], [-72.566526, -48.26322], [-72.563413, -48.266616], [-72.564674, -48.269553], [-72.566575, -48.27013], [-72.565244, -48.27159], [-72.566852, -48.273347]], [[-73.251351, -47.506375], [-73.247241, -47.509577], [-73.250612, -47.513618], [-73.248505, -47.515611], [-73.245134, -47.516578], [-73.241258, -47.524545], [-73.237971, -47.52796], [-73.234264, -47.530179], [-73.229966, -47.531089], [-73.227606, -47.533308], [-73.226848, -47.536494], [-73.214409, -47.544235], [-73.210788, -47.544185], [-73.208605, -47.545369], [-73.20214, -47.545152], [-73.19779, -47.543218], [-73.193895, -47.54329], [-73.189244, -47.541299], [-73.1777, -47.541433], [-73.169315, -47.539857], [-73.165898, -47.538579], [-73.162873, -47.538706], [-73.16188, -47.539039], [-73.160711, -47.540937], [-73.156511, -47.541483], [-73.152391, -47.543218], [-73.148512, -47.543279], [-73.145353, -47.542345], [-73.141699, -47.543949], [-73.132199, -47.544417], [-73.131362, -47.545184], [-73.130686, -47.547429], [-73.12809, -47.548812], [-73.124388, -47.549377], [-73.120698, -47.554037], [-73.115489, -47.554703], [-73.114051, -47.555453], [-73.109492, -47.561487], [-73.108842, -47.564256], [-73.104529, -47.567568], [-73.099358, -47.56535], [-73.094391, -47.56178], [-73.089874, -47.561194], [-73.085829, -47.559167], [-73.083651, -47.559891], [-73.080754, -47.56249], [-73.076956, -47.563395]]]}}, {"type": "Feature", "properties": {"id": "rio-manso", "name": "Río Manso", "type": "river", "region": "los-lagos", "season": "2026-2027", "opens": "2026-09-04", "closes": "2027-05-31", "cat": "sep", "rule_level": "waterbody", "phases": [{"s": "2026-09-04", "e": "2026-11-12", "mode": "catch_and_release", "label": "Pesca con devolución obligatoria"}, {"s": "2026-11-13", "e": "2027-05-31", "mode": "retention", "label": "Pesca con retención: Devolución obligatoria de truchas y fauna nativa. Retención de 1 ejemplar de salmón salar, coho o chinook."}], "veda": [], "gear": ["Señuelo artificial con máximo un anzuelo simple sin rebarba. Pesca embarcada y de orilla solo a un radio no menor a 1.000 m del centro de desembocadura o nacimiento de cualquier afluente/efluente. Chinguillo máx. 100 cm / 70 cm.", "Señuelo artificial, máximo un anzuelo simple sin rebarba."], "prohibitions": ["Prohibida la pesca desde puentes/caminos sobre los ríos Maullín, Pilmaiquén y Puelo o sus afluentes. Prohibidos bicheros/tenazas/ganchos. Prohibida pesca nocturna 22:00-06:00. Prohibida pesca en sector \"Las Compuertas\" del lago Puyehue. Prohibido eviscerar durante actividad y transporte."], "sources": [{"doc": "Resolución Exenta N° 2075, de 28 de agosto de 2025, DZ Pesca y Acuicultura Los Lagos", "url": "https://www.subpesca.cl/portal/615/w3-article-126974.html"}, {"doc": "Resolución Exenta N° 2075, de 28 de agosto de 2025, DZ Los Lagos", "url": null}]}, "geometry": {"type": "MultiLineString", "coordinates": [[[-71.871639, -41.514552], [-71.872958, -41.515265], [-71.872842, -41.519136], [-71.873681, -41.52107], [-71.877413, -41.523884], [-71.881667, -41.523887], [-71.883342, -41.523155], [-71.886989, -41.524341], [-71.891215, -41.524397], [-71.893287, -41.52539], [-71.897098, -41.530007], [-71.901078, -41.531544], [-71.901111, -41.533259], [-71.905454, -41.537341], [-71.910785, -41.539667], [-71.919163, -41.546681], [-71.921159, -41.547259], [-71.922775, -41.548589], [-71.924122, -41.550184], [-71.923772, -41.552351], [-71.927828, -41.55513], [-71.930367, -41.559109], [-71.930612, -41.560031], [-71.928987, -41.56264], [-71.930067, -41.566708], [-71.929847, -41.571438], [-71.931309, -41.572194], [-71.932399, -41.574203], [-71.935149, -41.576417], [-71.937085, -41.580697], [-71.936017, -41.584087], [-71.93341, -41.585006], [-71.931687, -41.589203], [-71.929113, -41.59147], [-71.929487, -41.600836], [-71.933164, -41.607151], [-71.932457, -41.609278], [-71.935741, -41.614905], [-71.935794, -41.619128], [-71.937371, -41.62157], [-71.940531, -41.624148], [-71.940105, -41.629661], [-71.942078, -41.634377], [-71.945361, -41.639544], [-71.946255, -41.642379], [-71.945686, -41.645739], [-71.949409, -41.64996], [-71.951099, -41.654354], [-71.953996, -41.657922], [-71.953431, -41.660112], [-71.951109, -41.662268], [-71.951786, -41.663911], [-71.953408, -41.665344], [-71.953942, -41.667306], [-71.955517, -41.668897], [-71.956062, -41.672057], [-71.95472, -41.673449], [-71.954033, -41.675614], [-71.954377, -41.676806], [-71.953864, -41.678353], [-71.954887, -41.680972], [-71.954758, -41.682873], [-71.953713, -41.683883], [-71.954469, -41.688173], [-71.956131, -41.689254], [-71.960848, -41.6901], [-71.962721, -41.691195], [-71.977626, -41.693632], [-71.981676, -41.695082], [-71.985596, -41.697925], [-71.984935, -41.700227], [-71.985651, -41.702334], [-71.988307, -41.705132], [-71.992566, -41.705897], [-71.996477, -41.703858], [-72.000423, -41.70303], [-72.004014, -41.70811], [-72.003446, -41.712058], [-72.003813, -41.713133], [-72.009458, -41.716406], [-72.010287, -41.717963], [-72.009947, -41.720059], [-72.010502, -41.721371], [-72.016524, -41.725884], [-72.018254, -41.726471], [-72.023945, -41.734742], [-72.027134, -41.734265], [-72.032605, -41.735537], [-72.033534, -41.734237], [-72.033576, -41.731546], [-72.040676, -41.731849], [-72.04625, -41.72952], [-72.051569, -41.731051], [-72.054053, -41.736495], [-72.058425, -41.734053], [-72.062404, -41.734042], [-72.065777, -41.732308], [-72.067834, -41.732872], [-72.067869, -41.73474]], [[-71.84561, -41.507146], [-71.85397, -41.504147], [-71.854679, -41.506187], [-71.85363, -41.51071], [-71.863726, -41.512141], [-71.866715, -41.513762], [-71.871639, -41.514552]], [[-71.824188, -41.206914], [-71.821727, -41.207527], [-71.820193, -41.209638], [-71.818648, -41.21061], [-71.817495, -41.210279], [-71.816964, -41.211543], [-71.815328, -41.212358], [-71.814058, -41.212072], [-71.811884, -41.212963], [-71.810768, -41.212721], [-71.805156, -41.214023], [-71.803006, -41.21653], [-71.796831, -41.219367], [-71.796209, -41.220771], [-71.796745, -41.222817], [-71.795796, -41.224431], [-71.794128, -41.225322], [-71.790777, -41.230096], [-71.788321, -41.231101], [-71.788219, -41.231786], [-71.785712, -41.233349]], [[-71.785712, -41.233349], [-71.785416, -41.233833], [-71.786206, -41.234705], [-71.785327, -41.235545]], [[-71.785327, -41.235545], [-71.783302, -41.235099], [-71.779939, -41.235817], [-71.777704, -41.235319], [-71.777471, -41.236641], [-71.774735, -41.237277], [-71.772882, -41.235432], [-71.772554, -41.232642], [-71.770157, -41.231011], [-71.768407, -41.231946], [-71.765702, -41.231117], [-71.765827, -41.232285], [-71.763021, -41.232902], [-71.763273, -41.234036], [-71.762143, -41.23501], [-71.760872, -41.235401], [-71.759649, -41.23476], [-71.757825, -41.236563], [-71.755679, -41.234872], [-71.755406, -41.233747]], [[-71.755406, -41.233747], [-71.752965, -41.234727], [-71.752694, -41.236795], [-71.749972, -41.236797], [-71.748727, -41.235986], [-71.746013, -41.237733], [-71.74539, -41.238289], [-71.745675, -41.240814], [-71.74516, -41.241157], [-71.740412, -41.241424], [-71.740015, -41.240617], [-71.740863, -41.239467], [-71.739822, -41.238983], [-71.737596, -41.239826], [-71.736131, -41.24194], [-71.732779, -41.241504], [-71.732071, -41.240451], [-71.732564, -41.239782], [-71.731829, -41.239778], [-71.727023, -41.241988], [-71.726014, -41.243795], [-71.723302, -41.241886], [-71.722667, -41.243045], [-71.723713, -41.244355], [-71.721071, -41.245194], [-71.718329, -41.247912], [-71.716996, -41.247671], [-71.716166, -41.246413], [-71.712789, -41.245343], [-71.711346, -41.24608], [-71.71159, -41.247928], [-71.707488, -41.247563], [-71.705774, -41.249599], [-71.70339, -41.249048], [-71.702234, -41.249946], [-71.69812, -41.250604], [-71.696746, -41.249954], [-71.697154, -41.248311], [-71.694069, -41.247692], [-71.694758, -41.246304], [-71.694232, -41.245354], [-71.692149, -41.245159], [-71.691156, -41.244198], [-71.685211, -41.247665], [-71.676525, -41.248199], [-71.675685, -41.250007], [-71.672945, -41.251353], [-71.671616, -41.250742], [-71.670488, -41.251109], [-71.665751, -41.2494], [-71.664927, -41.24969], [-71.663805, -41.251802], [-71.662293, -41.250296], [-71.660602, -41.250743], [-71.658574, -41.249609], [-71.657536, -41.251023], [-71.656728, -41.25449], [-71.654521, -41.254239], [-71.650868, -41.255718], [-71.653138, -41.257015], [-71.653698, -41.258444]], [[-71.653698, -41.258444], [-71.654246, -41.259261], [-71.653833, -41.260185], [-71.655987, -41.260477], [-71.657197, -41.261678], [-71.656679, -41.263447], [-71.645524, -41.263464]], [[-71.645524, -41.263464], [-71.63146, -41.267733], [-71.617952, -41.273426], [-71.602483, -41.286458], [-71.590465, -41.295404], [-71.582397, -41.300466], [-71.58156, -41.308815], [-71.582955, -41.314779], [-71.574908, -41.321483], [-71.5689, -41.330781], [-71.56757, -41.338466], [-71.568642, -41.344443], [-71.573277, -41.350709], [-71.58701, -41.351885], [-71.59452, -41.351563], [-71.597014, -41.352387]], [[-71.597014, -41.352387], [-71.605025, -41.349543], [-71.605459, -41.348463]], [[-71.605459, -41.348463], [-71.607948, -41.345994], [-71.612497, -41.345059], [-71.626637, -41.345929], [-71.633207, -41.34721]], [[-71.633207, -41.34721], [-71.636298, -41.34794], [-71.637017, -41.349298], [-71.638176, -41.349749], [-71.639973, -41.347896], [-71.645096, -41.345697], [-71.647574, -41.343575], [-71.651791, -41.344344], [-71.657944, -41.344232], [-71.657894, -41.345782], [-71.659638, -41.346374], [-71.660133, -41.347695], [-71.661717, -41.34805], [-71.662488, -41.34695], [-71.664871, -41.346643], [-71.670335, -41.344019], [-71.67217, -41.344343], [-71.672632, -41.345513], [-71.679118, -41.345598], [-71.680201, -41.346777], [-71.686989, -41.346216], [-71.687847, -41.345825], [-71.68828, -41.344662], [-71.69255, -41.345928], [-71.694674, -41.34544], [-71.69969, -41.347636], [-71.701638, -41.350757], [-71.703826, -41.352503], [-71.710467, -41.355154], [-71.71037, -41.356145], [-71.711723, -41.357574], [-71.709915, -41.35848], [-71.711841, -41.361814], [-71.715355, -41.362665], [-71.716183, -41.362476], [-71.716835, -41.361213], [-71.719532, -41.361889], [-71.724198, -41.359262], [-71.724386, -41.360603], [-71.725897, -41.361318]], [[-71.725897, -41.361318], [-71.731261, -41.36183], [-71.733353, -41.359374], [-71.733536, -41.357336], [-71.735123, -41.356764], [-71.737022, -41.357248], [-71.738192, -41.359076], [-71.738492, -41.361314], [-71.73963, -41.3622], [-71.739737, -41.364922], [-71.737752, -41.365582], [-71.737122, -41.366968]], [[-71.737122, -41.366968], [-71.737844, -41.370462], [-71.737407, -41.372856], [-71.739877, -41.372925], [-71.74289, -41.374472], [-71.747252, -41.374201], [-71.747481, -41.375772], [-71.746486, -41.376706], [-71.742368, -41.377442], [-71.737466, -41.379927], [-71.736648, -41.381137], [-71.734948, -41.380876]], [[-71.734948, -41.380876], [-71.7303, -41.380975], [-71.727575, -41.382738], [-71.723788, -41.383608], [-71.722756, -41.383586], [-71.721897, -41.382497], [-71.721123, -41.384714], [-71.720423, -41.384718], [-71.719703, -41.38359], [-71.717887, -41.38438], [-71.712681, -41.384306], [-71.711013, -41.385409], [-71.709963, -41.387684], [-71.708171, -41.389608], [-71.703531, -41.393375], [-71.70394, -41.395464], [-71.702241, -41.397075], [-71.702054, -41.398462], [-71.699967, -41.398925], [-71.697453, -41.402319], [-71.694092, -41.403914], [-71.693183, -41.407003], [-71.690954, -41.408499]], [[-71.690954, -41.408499], [-71.686381, -41.410511]], [[-71.686381, -41.410511], [-71.685267, -41.411068], [-71.68508, -41.411925]], [[-71.68508, -41.411925], [-71.684849, -41.41297]], [[-71.684849, -41.41297], [-71.682183, -41.415923], [-71.680531, -41.416814], [-71.680391, -41.418552], [-71.678581, -41.420201], [-71.677883, -41.422771], [-71.674541, -41.425525], [-71.669011, -41.433406], [-71.666465, -41.434405], [-71.666951, -41.436968], [-71.664097, -41.43813], [-71.662779, -41.440793], [-71.658629, -41.44304], [-71.65783, -41.446269], [-71.655411, -41.447305], [-71.654904, -41.449774], [-71.655484, -41.450423], [-71.652522, -41.452785], [-71.651658, -41.454029], [-71.651513, -41.456241], [-71.647251, -41.460249], [-71.644352, -41.466769], [-71.641932, -41.469834], [-71.641163, -41.47255], [-71.642009, -41.473399], [-71.643412, -41.478797], [-71.643071, -41.479545], [-71.641191, -41.480361], [-71.642185, -41.484448], [-71.641312, -41.486275], [-71.642505, -41.488117], [-71.643005, -41.490971], [-71.641332, -41.496068], [-71.641351, -41.498472], [-71.640471, -41.499671], [-71.640558, -41.50223], [-71.636533, -41.504111], [-71.63391, -41.508317], [-71.623952, -41.511415]], [[-71.623952, -41.511415], [-71.619459, -41.513543], [-71.609203, -41.51519], [-71.598817, -41.515447], [-71.586415, -41.518146], [-71.555516, -41.510739], [-71.543113, -41.511012], [-71.539763, -41.512255]], [[-71.539763, -41.512255], [-71.536113, -41.516392], [-71.531413, -41.517594], [-71.528019, -41.517526], [-71.525996, -41.51838], [-71.527321, -41.522961], [-71.527026, -41.525382], [-71.528157, -41.526603], [-71.528137, -41.527571], [-71.527852, -41.528358], [-71.524988, -41.528997], [-71.523776, -41.532016], [-71.524398, -41.532418], [-71.529215, -41.53033], [-71.531522, -41.530699], [-71.529473, -41.532258], [-71.528625, -41.535871], [-71.525979, -41.537441], [-71.523136, -41.537738], [-71.522557, -41.538409], [-71.523652, -41.539895], [-71.525969, -41.53977], [-71.52672, -41.540416], [-71.525744, -41.541914], [-71.525031, -41.545331], [-71.522895, -41.546929], [-71.522401, -41.548402], [-71.523619, -41.550972], [-71.526028, -41.552369], [-71.526426, -41.553381], [-71.524521, -41.556154], [-71.521532, -41.557804], [-71.515149, -41.556319], [-71.514286, -41.556837], [-71.513851, -41.558527], [-71.517166, -41.561951], [-71.520766, -41.562035], [-71.521276, -41.562693], [-71.519339, -41.564965], [-71.517875, -41.565354], [-71.517966, -41.566691], [-71.517183, -41.567731], [-71.514832, -41.567822], [-71.513303, -41.568778], [-71.51325, -41.570115]], [[-71.51325, -41.570115], [-71.514634, -41.571596], [-71.516456, -41.572324], [-71.517878, -41.576465], [-71.521485, -41.577101], [-71.522073, -41.577753], [-71.521748, -41.586495], [-71.520861, -41.587213], [-71.520284, -41.589405], [-71.521432, -41.591315], [-71.520761, -41.598836], [-71.521748, -41.599827], [-71.526283, -41.595578], [-71.528233, -41.594811], [-71.531099, -41.595874], [-71.534656, -41.595084], [-71.541902, -41.594932], [-71.549895, -41.59841], [-71.553328, -41.596581], [-71.55636, -41.597775], [-71.562571, -41.594852], [-71.56594, -41.594186], [-71.57447, -41.600888], [-71.577265, -41.600039], [-71.577897, -41.59693], [-71.58006, -41.596352], [-71.585246, -41.597408], [-71.591131, -41.596962], [-71.595013, -41.598626], [-71.601785, -41.596593], [-71.604636, -41.598313], [-71.608936, -41.596927], [-71.611306, -41.597376], [-71.614735, -41.595859], [-71.618608, -41.592289], [-71.624606, -41.590945], [-71.625894, -41.589798], [-71.626795, -41.586989], [-71.628565, -41.585834], [-71.634748, -41.58469], [-71.636719, -41.583254], [-71.64346, -41.582105], [-71.647149, -41.5801], [-71.651458, -41.581006], [-71.656147, -41.583422], [-71.659215, -41.584071], [-71.665567, -41.582563], [-71.665449, -41.580163], [-71.66686, -41.579529], [-71.672091, -41.581452], [-71.672621, -41.582936], [-71.675276, -41.583803], [-71.67723, -41.585641], [-71.681532, -41.586387], [-71.694708, -41.586684], [-71.697308, -41.587935], [-71.698719, -41.589945], [-71.701602, -41.591653], [-71.703314, -41.593727], [-71.71275, -41.592584], [-71.714906, -41.594297], [-71.728593, -41.598748], [-71.729672, -41.598687], [-71.73474, -41.592265], [-71.73545, -41.589871], [-71.737681, -41.589081], [-71.742864, -41.589719], [-71.744645, -41.591596], [-71.748105, -41.592306], [-71.752794, -41.590691], [-71.755163, -41.588244], [-71.762715, -41.590007], [-71.765727, -41.589014], [-71.768513, -41.589048], [-71.770811, -41.590654], [-71.773572, -41.590998], [-71.77582, -41.590034], [-71.776701, -41.587537], [-71.7732, -41.584962], [-71.770392, -41.58587], [-71.769361, -41.584463], [-71.76986, -41.583034], [-71.771614, -41.582568], [-71.772462, -41.581537], [-71.771496, -41.577681], [-71.769222, -41.576136], [-71.772189, -41.567821], [-71.774157, -41.56594], [-71.774903, -41.563144], [-71.778219, -41.560895], [-71.779679, -41.557545], [-71.785562, -41.5539], [-71.788233, -41.548902], [-71.795117, -41.539432], [-71.800138, -41.53408], [-71.802177, -41.529902], [-71.804139, -41.527991], [-71.80775, -41.526078], [-71.807207, -41.523955], [-71.808248, -41.523279], [-71.8115, -41.523164], [-71.813567, -41.521776], [-71.818221, -41.521747], [-71.818948, -41.523227], [-71.819512, -41.523203], [-71.822839, -41.521126], [-71.825435, -41.517661], [-71.826142, -41.515303], [-71.828059, -41.513278], [-71.831621, -41.512051], [-71.835599, -41.511939], [-71.83761, -41.510115], [-71.84561, -41.507146]], [[-71.84561, -41.507146], [-71.85397, -41.504147], [-71.854679, -41.506187], [-71.85363, -41.51071], [-71.863726, -41.512141], [-71.866715, -41.513762], [-71.871639, -41.514552]], [[-71.871639, -41.514552], [-71.872958, -41.515265], [-71.872842, -41.519136], [-71.873681, -41.52107], [-71.877413, -41.523884], [-71.881667, -41.523887], [-71.883342, -41.523155], [-71.886989, -41.524341], [-71.891215, -41.524397], [-71.893287, -41.52539], [-71.897098, -41.530007], [-71.901078, -41.531544], [-71.901111, -41.533259], [-71.905454, -41.537341], [-71.910785, -41.539667], [-71.919163, -41.546681], [-71.921159, -41.547259], [-71.922775, -41.548589], [-71.924122, -41.550184], [-71.923772, -41.552351], [-71.927828, -41.55513], [-71.930367, -41.559109], [-71.930612, -41.560031], [-71.928987, -41.56264], [-71.930067, -41.566708], [-71.929847, -41.571438], [-71.931309, -41.572194], [-71.932399, -41.574203], [-71.935149, -41.576417], [-71.937085, -41.580697], [-71.936017, -41.584087], [-71.93341, -41.585006], [-71.931687, -41.589203], [-71.929113, -41.59147], [-71.929487, -41.600836], [-71.933164, -41.607151], [-71.932457, -41.609278], [-71.935741, -41.614905], [-71.935794, -41.619128], [-71.937371, -41.62157], [-71.940531, -41.624148], [-71.940105, -41.629661], [-71.942078, -41.634377], [-71.945361, -41.639544], [-71.946255, -41.642379], [-71.945686, -41.645739], [-71.949409, -41.64996], [-71.951099, -41.654354], [-71.953996, -41.657922], [-71.953431, -41.660112], [-71.951109, -41.662268], [-71.951786, -41.663911], [-71.953408, -41.665344], [-71.953942, -41.667306], [-71.955517, -41.668897], [-71.956062, -41.672057], [-71.95472, -41.673449], [-71.954033, -41.675614], [-71.954377, -41.676806], [-71.953864, -41.678353], [-71.954887, -41.680972], [-71.954758, -41.682873], [-71.953713, -41.683883], [-71.954469, -41.688173], [-71.956131, -41.689254], [-71.960848, -41.6901], [-71.962721, -41.691195], [-71.977626, -41.693632], [-71.981676, -41.695082], [-71.985596, -41.697925], [-71.984935, -41.700227], [-71.985651, -41.702334], [-71.988307, -41.705132], [-71.992566, -41.705897], [-71.996477, -41.703858], [-72.000423, -41.70303], [-72.004014, -41.70811], [-72.003446, -41.712058], [-72.003813, -41.713133], [-72.009458, -41.716406], [-72.010287, -41.717963], [-72.009947, -41.720059], [-72.010502, -41.721371], [-72.016524, -41.725884], [-72.018254, -41.726471], [-72.023945, -41.734742], [-72.027134, -41.734265], [-72.032605, -41.735537], [-72.033534, -41.734237], [-72.033576, -41.731546], [-72.040676, -41.731849], [-72.04625, -41.72952], [-72.051569, -41.731051], [-72.054053, -41.736495], [-72.058425, -41.734053], [-72.062404, -41.734042], [-72.065777, -41.732308], [-72.067834, -41.732872], [-72.067869, -41.73474]], [[-71.672292, -41.345364], [-71.673437, -41.345551]], [[-71.677824, -41.34584], [-71.680201, -41.346777]], [[-71.679261, -41.346617], [-71.679639, -41.346554]], [[-71.679779, -41.346635], [-71.680967, -41.34619], [-71.6814, -41.346619]], [[-71.705843, -41.35334], [-71.70756, -41.353946]], [[-71.716254, -41.362354], [-71.717685, -41.361376]]]}}, {"type": "Feature", "properties": {"id": "rio-traidor", "name": "Río Traidor", "type": "river", "region": "los-lagos", "season": "2026-2027", "opens": "2026-09-04", "closes": "2027-05-31", "cat": "sep", "rule_level": "waterbody", "phases": [{"s": "2026-09-04", "e": "2026-11-12", "mode": "catch_and_release", "label": "Pesca con devolución obligatoria"}, {"s": "2026-11-13", "e": "2027-05-31", "mode": "retention", "label": "Pesca con retención: Devolución obligatoria de truchas y fauna nativa. Retención de 1 ejemplar de salmón salar, coho o chinook."}], "veda": [], "gear": ["Señuelo artificial con máximo un anzuelo simple sin rebarba. Pesca embarcada y de orilla solo a un radio no menor a 1.000 m del centro de desembocadura o nacimiento de cualquier afluente/efluente. Chinguillo máx. 100 cm / 70 cm.", "Señuelo artificial, máximo un anzuelo simple sin rebarba."], "prohibitions": ["Prohibida la pesca desde puentes/caminos sobre los ríos Maullín, Pilmaiquén y Puelo o sus afluentes. Prohibidos bicheros/tenazas/ganchos. Prohibida pesca nocturna 22:00-06:00. Prohibida pesca en sector \"Las Compuertas\" del lago Puyehue. Prohibido eviscerar durante actividad y transporte."], "sources": [{"doc": "Resolución Exenta N° 2075, de 28 de agosto de 2025, DZ Pesca y Acuicultura Los Lagos", "url": "https://www.subpesca.cl/portal/615/w3-article-126974.html"}, {"doc": "Resolución Exenta N° 2075, de 28 de agosto de 2025, DZ Los Lagos", "url": null}]}, "geometry": {"type": "MultiLineString", "coordinates": [[[-72.094866, -41.324103], [-72.091544, -41.325321], [-72.090493, -41.326597], [-72.089195, -41.326969], [-72.088901, -41.328234], [-72.089813, -41.329324], [-72.089427, -41.330798], [-72.087897, -41.330926], [-72.088762, -41.332272], [-72.087758, -41.332945], [-72.087804, -41.333699], [-72.089767, -41.335787], [-72.090732, -41.337939], [-72.095414, -41.337905], [-72.096295, -41.338601], [-72.09519, -41.341165], [-72.096195, -41.343264], [-72.104462, -41.349163], [-72.105568, -41.351824], [-72.105666, -41.354211], [-72.106829, -41.355635], [-72.106406, -41.358518], [-72.107766, -41.362192], [-72.106705, -41.365274], [-72.105609, -41.365869], [-72.105926, -41.367156], [-72.103004, -41.370264], [-72.102857, -41.373395], [-72.102072, -41.374979], [-72.1029, -41.377621], [-72.102209, -41.37869], [-72.10393, -41.381097], [-72.103668, -41.383466], [-72.104343, -41.384047], [-72.104281, -41.385421], [-72.10074, -41.387012], [-72.099087, -41.388472], [-72.099498, -41.389346], [-72.098943, -41.390839], [-72.097523, -41.392201], [-72.096496, -41.395585], [-72.097017, -41.396262], [-72.094833, -41.399153], [-72.096516, -41.40156], [-72.095763, -41.402716], [-72.096498, -41.405045], [-72.094992, -41.40576], [-72.09524, -41.407656]], [[-72.274547, -41.845624], [-72.268935, -41.84411], [-72.264403, -41.840369], [-72.261801, -41.840137], [-72.260368, -41.839174], [-72.258266, -41.839462], [-72.256549, -41.838578], [-72.252343, -41.839098], [-72.250841, -41.838407], [-72.243036, -41.839686], [-72.23294, -41.840149], [-72.22823, -41.841584], [-72.225873, -41.841211], [-72.224017, -41.842952], [-72.221786, -41.841611], [-72.219652, -41.842587], [-72.215139, -41.842706], [-72.212092, -41.841747], [-72.210075, -41.840372], [-72.207457, -41.840756], [-72.205826, -41.839988], [-72.204281, -41.841139], [-72.203509, -41.840116], [-72.200505, -41.839317], [-72.1969, -41.838869], [-72.195741, -41.839829], [-72.19351, -41.838614], [-72.191321, -41.840084], [-72.190291, -41.839381], [-72.185066, -41.840346], [-72.183006, -41.839739], [-72.17982, -41.840564], [-72.179187, -41.841274], [-72.175668, -41.840442], [-72.173693, -41.842393], [-72.172309, -41.842546], [-72.172181, -41.843185], [-72.170604, -41.842393], [-72.169917, -41.841242], [-72.168887, -41.841881], [-72.167718, -41.844368], [-72.166226, -41.844247], [-72.164939, -41.845845], [-72.158888, -41.845238], [-72.156656, -41.846932], [-72.15554, -41.847092], [-72.153781, -41.846804], [-72.15288, -41.845909], [-72.14906, -41.847124], [-72.147344, -41.848595], [-72.141797, -41.847406], [-72.14008, -41.848237], [-72.138417, -41.848339], [-72.138203, -41.847828], [-72.133986, -41.850283], [-72.129834, -41.850609], [-72.127989, -41.849937], [-72.125457, -41.850129], [-72.124255, -41.850992], [-72.119534, -41.850736], [-72.113644, -41.852616], [-72.112196, -41.852207], [-72.108119, -41.854413], [-72.106563, -41.854119], [-72.102787, -41.856772], [-72.100555, -41.857219], [-72.097133, -41.856363], [-72.092197, -41.857002], [-72.090041, -41.858018], [-72.083756, -41.857895], [-72.083134, -41.857152], [-72.083445, -41.855866], [-72.082769, -41.855194], [-72.076803, -41.851894], [-72.074314, -41.851151], [-72.073156, -41.849496], [-72.061794, -41.842243], [-72.060624, -41.840497], [-72.05252, -41.837424], [-72.04911, -41.834495], [-72.048037, -41.829859], [-72.045666, -41.826814], [-72.04528, -41.825375], [-72.045829, -41.823605], [-72.043737, -41.822002], [-72.046326, -41.815743], [-72.045738, -41.814774], [-72.044279, -41.814982], [-72.042127, -41.814235], [-72.043125, -41.812472], [-72.046334, -41.81052], [-72.047004, -41.808345], [-72.044832, -41.803206], [-72.042658, -41.80032], [-72.042412, -41.795664], [-72.043818, -41.792881], [-72.040147, -41.789782], [-72.036683, -41.788601], [-72.036188, -41.787606], [-72.037181, -41.78629], [-72.039075, -41.785729], [-72.036645, -41.783297], [-72.037128, -41.781509], [-72.036366, -41.776497], [-72.036885, -41.774398]], [[-72.074711, -41.851358], [-72.070983, -41.851123], [-72.069967, -41.848787], [-72.063521, -41.845932], [-72.061933, -41.844453], [-72.061486, -41.841931]]]}}, {"type": "Feature", "properties": {"id": "rio-puelo-chico", "name": "Río Puelo Chico", "type": "river", "region": "los-lagos", "season": "2026-2027", "opens": "2026-09-04", "closes": "2027-05-31", "cat": "sep", "rule_level": "waterbody", "phases": [{"s": "2026-09-04", "e": "2026-11-12", "mode": "catch_and_release", "label": "Pesca con devolución obligatoria"}, {"s": "2026-11-13", "e": "2027-05-31", "mode": "retention", "label": "Pesca con retención: Devolución obligatoria de truchas y fauna nativa. Retención de 1 ejemplar de salmón salar, coho o chinook."}], "veda": [], "gear": ["Señuelo artificial con máximo un anzuelo simple sin rebarba. Pesca embarcada y de orilla solo a un radio no menor a 1.000 m del centro de desembocadura o nacimiento de cualquier afluente/efluente. Chinguillo máx. 100 cm / 70 cm.", "Señuelo artificial, máximo un anzuelo simple sin rebarba."], "prohibitions": ["Prohibida la pesca desde puentes/caminos sobre los ríos Maullín, Pilmaiquén y Puelo o sus afluentes. Prohibidos bicheros/tenazas/ganchos. Prohibida pesca nocturna 22:00-06:00. Prohibida pesca en sector \"Las Compuertas\" del lago Puyehue. Prohibido eviscerar durante actividad y transporte."], "sources": [{"doc": "Resolución Exenta N° 2075, de 28 de agosto de 2025, DZ Pesca y Acuicultura Los Lagos", "url": "https://www.subpesca.cl/portal/615/w3-article-126974.html"}, {"doc": "Resolución Exenta N° 2075, de 28 de agosto de 2025, DZ Los Lagos", "url": null}]}, "geometry": {"type": "MultiLineString", "coordinates": [[[-72.336885, -41.79359], [-72.327659, -41.795222], [-72.326028, -41.794358], [-72.321865, -41.794358], [-72.311608, -41.796406], [-72.304313, -41.79471], [-72.303583, -41.79359], [-72.297275, -41.791031], [-72.286948, -41.791019], [-72.285274, -41.792059], [-72.283515, -41.790267], [-72.280875, -41.788907], [-72.276841, -41.789435], [-72.27064, -41.785947], [-72.268323, -41.785531], [-72.262873, -41.781931], [-72.258152, -41.781067], [-72.258452, -41.779339], [-72.256671, -41.779099], [-72.255105, -41.777595], [-72.250985, -41.777627], [-72.244569, -41.775082], [-72.240385, -41.77241], [-72.238196, -41.768585], [-72.238861, -41.767065], [-72.240664, -41.765688], [-72.240492, -41.76476], [-72.241243, -41.76348], [-72.246479, -41.760919], [-72.246329, -41.759462], [-72.247273, -41.758374], [-72.249183, -41.757973], [-72.251629, -41.756165], [-72.255792, -41.754452], [-72.256371, -41.752963], [-72.255707, -41.7504], [-72.256324, -41.747398], [-72.257144, -41.746686], [-72.261618, -41.746073], [-72.263834, -41.739945], [-72.266781, -41.739433], [-72.269488, -41.738092], [-72.270228, -41.736499], [-72.267718, -41.735326], [-72.270201, -41.734121], [-72.274836, -41.733805], [-72.275534, -41.731703], [-72.27768, -41.729601], [-72.277245, -41.727572], [-72.279245, -41.725296], [-72.278983, -41.724345], [-72.280195, -41.722223], [-72.284643, -41.71984], [-72.288044, -41.712945], [-72.28998, -41.711519], [-72.289669, -41.702645], [-72.290479, -41.699741], [-72.289991, -41.696801], [-72.292914, -41.689422], [-72.290753, -41.684106], [-72.292689, -41.682215], [-72.292861, -41.68125], [-72.291747, -41.679575], [-72.291922, -41.678125], [-72.287373, -41.676879], [-72.285249, -41.666669], [-72.286606, -41.66103], [-72.288319, -41.658961], [-72.292269, -41.657332], [-72.293358, -41.655805], [-72.296818, -41.653289], [-72.297219, -41.651478], [-72.299384, -41.649733]]]}}, {"type": "Feature", "properties": {"id": "rio-petrohue", "name": "Río Petrohué", "type": "river", "region": "los-lagos", "season": "2026-2027", "opens": "2026-11-01", "closes": "2027-05-02", "cat": "nov-early", "rule_level": "waterbody", "phases": [{"s": "2026-11-01", "e": "2027-05-02", "mode": "retention", "label": "Pesca con retención: 1 ejemplar de salmón salar, coho o chinook"}], "veda": [], "gear": ["Señuelo artificial, máximo un anzuelo simple sin rebarba. Parte superior del río Futaleufú (límite internacional hasta sector \"Sofía\") con devolución obligatoria de todos los salmonídeos. Chinguillo máx. 100/70 cm."], "prohibitions": ["Prohibida pesca desde puentes/caminos. Prohibidos bicheros/arpones/lanzas. Prohibida pesca nocturna 22:00-06:00. Prohibida pesca en sector \"Los Patos\" del río Petrohué. Prohibida pesca con motor encendido en todo el río Petrohué."], "sources": [{"doc": "Resolución Exenta N° 2428, de 27 de octubre de 2025, DZ Los Lagos", "url": null}]}, "geometry": {"type": "MultiPolygon", "coordinates": [[[[-72.311652, -41.376945], [-72.31353, -41.373713], [-72.319144, -41.370166], [-72.323133, -41.36489], [-72.329213, -41.362125], [-72.331803, -41.362093], [-72.336999, -41.363282], [-72.339963, -41.36545], [-72.34375, -41.366393], [-72.346371, -41.365805], [-72.348053, -41.364335], [-72.349434, -41.364919], [-72.352792, -41.362211], [-72.354871, -41.362597], [-72.361056, -41.36141], [-72.36722, -41.362669], [-72.374215, -41.361732], [-72.382382, -41.356769], [-72.388854, -41.354748], [-72.390445, -41.353514], [-72.390313, -41.352555], [-72.392534, -41.351157], [-72.391947, -41.349251], [-72.39475, -41.347421], [-72.396182, -41.345503], [-72.395791, -41.340243], [-72.3942, -41.338609], [-72.397188, -41.336245], [-72.397502, -41.335369], [-72.394597, -41.329969], [-72.3967, -41.327919], [-72.405937, -41.324297], [-72.407563, -41.322109], [-72.408593, -41.319043], [-72.410537, -41.31679], [-72.41013, -41.313373], [-72.406941, -41.310163], [-72.405468, -41.303715], [-72.405763, -41.297423], [-72.403604, -41.297763], [-72.403314, -41.299645], [-72.404087, -41.302966], [-72.401217, -41.306246], [-72.401528, -41.307894], [-72.404966, -41.309837], [-72.40653, -41.311476], [-72.406911, -41.312938], [-72.406361, -41.316396], [-72.407718, -41.318447], [-72.405871, -41.320144], [-72.401286, -41.32167], [-72.39777, -41.325992], [-72.393073, -41.328789], [-72.392685, -41.332115], [-72.391504, -41.33485], [-72.393052, -41.337312], [-72.391824, -41.338597], [-72.391587, -41.340973], [-72.391915, -41.342286], [-72.394007, -41.34434], [-72.394205, -41.346209], [-72.393438, -41.347336], [-72.383388, -41.350855], [-72.381167, -41.352616], [-72.378069, -41.353727], [-72.375006, -41.356513], [-72.374818, -41.360041], [-72.373461, -41.361084], [-72.371991, -41.360725], [-72.37087, -41.358869], [-72.365342, -41.355885], [-72.352591, -41.358985], [-72.342031, -41.360279], [-72.338123, -41.363022], [-72.334623, -41.362555], [-72.331208, -41.361151], [-72.329744, -41.361317], [-72.323226, -41.363805], [-72.316819, -41.370656], [-72.312264, -41.373222], [-72.310569, -41.375267], [-72.310107, -41.377022], [-72.311652, -41.376945]], [[-72.394946, -41.34316], [-72.393782, -41.342113], [-72.393551, -41.339962], [-72.395477, -41.341936], [-72.394946, -41.34316]], [[-72.341586, -41.365404], [-72.339166, -41.36395], [-72.345598, -41.364482], [-72.343667, -41.365513], [-72.341586, -41.365404]], [[-72.344394, -41.366068], [-72.342232, -41.366062], [-72.344394, -41.366068]], [[-72.345636, -41.363491], [-72.344445, -41.364035], [-72.343309, -41.363635], [-72.346124, -41.363205], [-72.345636, -41.363491]], [[-72.341299, -41.361941], [-72.340438, -41.362271], [-72.341234, -41.361017], [-72.343807, -41.361058], [-72.341299, -41.361941]], [[-72.342181, -41.362251], [-72.341366, -41.362257], [-72.343045, -41.361859], [-72.342181, -41.362251]], [[-72.35122, -41.360419], [-72.34695, -41.362501], [-72.34509, -41.361944], [-72.34569, -41.360766], [-72.349793, -41.359779], [-72.351725, -41.360138], [-72.35122, -41.360419]], [[-72.344571, -41.361859], [-72.342452, -41.362368], [-72.344233, -41.361182], [-72.344571, -41.361859]], [[-72.356397, -41.360584], [-72.354552, -41.361162], [-72.352191, -41.360574], [-72.35427, -41.359836], [-72.356397, -41.360584]], [[-72.354694, -41.361633], [-72.353422, -41.361891], [-72.351502, -41.360977], [-72.354694, -41.361633]], [[-72.357818, -41.359054], [-72.355056, -41.359453], [-72.357566, -41.358084], [-72.360056, -41.357758], [-72.357818, -41.359054]], [[-72.355823, -41.358567], [-72.354214, -41.359348], [-72.354643, -41.358644], [-72.356563, -41.358197], [-72.355823, -41.358567]], [[-72.356971, -41.361953], [-72.355753, -41.362159], [-72.357443, -41.361052], [-72.360844, -41.361281], [-72.356971, -41.361953]], [[-72.365339, -41.361873], [-72.359975, -41.359034], [-72.362099, -41.35744], [-72.363955, -41.357089], [-72.37035, -41.361506], [-72.367871, -41.362231], [-72.365339, -41.361873]], [[-72.370967, -41.360081], [-72.36756, -41.357971], [-72.370114, -41.358736], [-72.370967, -41.360081]], [[-72.364478, -41.361754], [-72.364763, -41.362302], [-72.360211, -41.360848], [-72.356638, -41.360993], [-72.360029, -41.359598], [-72.364478, -41.361754]], [[-72.393352, -41.337759], [-72.393696, -41.336627], [-72.392322, -41.335689], [-72.392049, -41.334621], [-72.393122, -41.331137], [-72.395466, -41.333792], [-72.396147, -41.335822], [-72.393352, -41.337759]], [[-72.39104, -41.349847], [-72.392025, -41.349811], [-72.392143, -41.351412], [-72.390263, -41.352388], [-72.389865, -41.353546], [-72.38843, -41.354665], [-72.382109, -41.356622], [-72.382321, -41.352902], [-72.39104, -41.349847]], [[-72.38183, -41.353844], [-72.38205, -41.356304], [-72.376696, -41.359441], [-72.375618, -41.35781], [-72.376127, -41.356687], [-72.381765, -41.35326], [-72.38183, -41.353844]], [[-72.403234, -41.324619], [-72.406463, -41.321344], [-72.405331, -41.323741], [-72.403234, -41.324619]], [[-72.400519, -41.324003], [-72.401206, -41.3219], [-72.406383, -41.320155], [-72.402241, -41.325227], [-72.399205, -41.325517], [-72.400519, -41.324003]], [[-72.404864, -41.308031], [-72.404934, -41.309349], [-72.402847, -41.308692], [-72.401866, -41.307902], [-72.401469, -41.305811], [-72.403904, -41.304179], [-72.404864, -41.308031]], [[-72.406737, -41.316167], [-72.406779, -41.314349], [-72.407498, -41.313125], [-72.409596, -41.315002], [-72.409762, -41.31628], [-72.408485, -41.317722], [-72.406737, -41.316167]], [[-72.40753, -41.317146], [-72.408204, -41.317964], [-72.406908, -41.316819], [-72.40753, -41.317146]]]]}}, {"type": "Feature", "properties": {"id": "rio-petrohue", "name": "Río Petrohué", "type": "river", "region": "los-lagos", "season": "2026-2027", "opens": "2026-11-01", "closes": "2027-05-02", "cat": "nov-early", "rule_level": "waterbody", "phases": [{"s": "2026-11-01", "e": "2027-05-02", "mode": "retention", "label": "Pesca con retención: 1 ejemplar de salmón salar, coho o chinook"}], "veda": [], "gear": ["Señuelo artificial, máximo un anzuelo simple sin rebarba. Parte superior del río Futaleufú (límite internacional hasta sector \"Sofía\") con devolución obligatoria de todos los salmonídeos. Chinguillo máx. 100/70 cm."], "prohibitions": ["Prohibida pesca desde puentes/caminos. Prohibidos bicheros/arpones/lanzas. Prohibida pesca nocturna 22:00-06:00. Prohibida pesca en sector \"Los Patos\" del río Petrohué. Prohibida pesca con motor encendido en todo el río Petrohué."], "sources": [{"doc": "Resolución Exenta N° 2428, de 27 de octubre de 2025, DZ Los Lagos", "url": null}]}, "geometry": {"type": "MultiLineString", "coordinates": [[[-72.401147, -41.139631], [-72.403904, -41.14031], [-72.416736, -41.146506], [-72.422028, -41.148159], [-72.424689, -41.147616], [-72.429554, -41.149915], [-72.433429, -41.157597], [-72.436225, -41.158635], [-72.439688, -41.162066], [-72.447011, -41.171172], [-72.447786, -41.175496], [-72.450284, -41.176832], [-72.453049, -41.180609], [-72.46, -41.183568], [-72.461604, -41.187576], [-72.46773, -41.191646], [-72.46924, -41.193935], [-72.474023, -41.195432], [-72.486618, -41.205402], [-72.48878, -41.208073], [-72.489343, -41.209857], [-72.486509, -41.21434], [-72.486404, -41.218235], [-72.485787, -41.219485], [-72.484079, -41.2204], [-72.479025, -41.221026], [-72.477185, -41.222398], [-72.476769, -41.224896], [-72.47049, -41.227175], [-72.466671, -41.230306], [-72.46607, -41.2315], [-72.466113, -41.235889], [-72.464353, -41.243313], [-72.460043, -41.248588], [-72.455288, -41.248095], [-72.45375, -41.249772], [-72.452034, -41.249898], [-72.446986, -41.247763], [-72.445285, -41.245055], [-72.443359, -41.244502], [-72.43972, -41.250604], [-72.438706, -41.251309], [-72.437178, -41.252031], [-72.431499, -41.252649], [-72.425622, -41.255761], [-72.422625, -41.259261], [-72.422655, -41.262662], [-72.421436, -41.264666], [-72.42003, -41.265462], [-72.417819, -41.265324], [-72.413705, -41.266759], [-72.410882, -41.268646], [-72.408495, -41.271234], [-72.40749, -41.273532], [-72.407143, -41.278364], [-72.403604, -41.283792], [-72.403475, -41.28944], [-72.405076, -41.298316], [-72.405268, -41.307673], [-72.406791, -41.31103], [-72.409954, -41.314453], [-72.410156, -41.316356], [-72.407805, -41.319423], [-72.407015, -41.32227], [-72.405358, -41.324112], [-72.402495, -41.325609], [-72.396522, -41.327034], [-72.393975, -41.329171], [-72.393936, -41.331016], [-72.396647, -41.334918], [-72.3961, -41.336393], [-72.393422, -41.338331], [-72.392232, -41.340268], [-72.392644, -41.342059], [-72.394973, -41.344677], [-72.394605, -41.346887], [-72.393028, -41.348049], [-72.382549, -41.352199], [-72.376183, -41.356128], [-72.375229, -41.357577], [-72.375415, -41.360569], [-72.374489, -41.361308]], [[-72.444507, -41.168257], [-72.447818, -41.170418], [-72.449825, -41.173242], [-72.453642, -41.174455]], [[-72.453642, -41.174455], [-72.455823, -41.176774], [-72.45882, -41.178401], [-72.459361, -41.180859], [-72.45807, -41.182441]], [[-72.310714, -41.378596], [-72.313471, -41.383836], [-72.319726, -41.386074], [-72.321614, -41.388401], [-72.321303, -41.392691], [-72.322612, -41.397069], [-72.318503, -41.401117], [-72.317837, -41.404079]], [[-72.310844, -41.377004], [-72.310386, -41.380113], [-72.307645, -41.384859], [-72.308396, -41.391073], [-72.30698, -41.395854], [-72.30286, -41.399524], [-72.298268, -41.401568], [-72.29594, -41.404908]], [[-72.337464, -41.363185], [-72.330679, -41.361567], [-72.323944, -41.36392], [-72.318139, -41.370241], [-72.312795, -41.373629], [-72.310844, -41.377004]], [[-72.374489, -41.361308], [-72.370445, -41.360613], [-72.365173, -41.357178], [-72.363043, -41.356663], [-72.354525, -41.362075], [-72.349909, -41.361841], [-72.346149, -41.363081], [-72.337464, -41.363185]], [[-72.422663, -41.260114], [-72.424643, -41.261025], [-72.425058, -41.261958], [-72.421716, -41.264435]], [[-72.401147, -41.139631], [-72.403904, -41.14031], [-72.416736, -41.146506], [-72.422028, -41.148159], [-72.424689, -41.147616], [-72.429554, -41.149915], [-72.433429, -41.157597], [-72.436225, -41.158635], [-72.439688, -41.162066], [-72.447011, -41.171172], [-72.447786, -41.175496], [-72.450284, -41.176832], [-72.453049, -41.180609], [-72.46, -41.183568], [-72.461604, -41.187576], [-72.46773, -41.191646], [-72.46924, -41.193935], [-72.474023, -41.195432], [-72.486618, -41.205402], [-72.48878, -41.208073], [-72.489343, -41.209857], [-72.486509, -41.21434], [-72.486404, -41.218235], [-72.485787, -41.219485], [-72.484079, -41.2204], [-72.479025, -41.221026], [-72.477185, -41.222398], [-72.476769, -41.224896], [-72.47049, -41.227175], [-72.466671, -41.230306], [-72.46607, -41.2315], [-72.466113, -41.235889], [-72.464353, -41.243313], [-72.460043, -41.248588], [-72.455288, -41.248095], [-72.45375, -41.249772], [-72.452034, -41.249898], [-72.446986, -41.247763], [-72.445285, -41.245055], [-72.443359, -41.244502], [-72.43972, -41.250604], [-72.438706, -41.251309], [-72.437178, -41.252031], [-72.431499, -41.252649], [-72.425622, -41.255761], [-72.422625, -41.259261], [-72.422655, -41.262662], [-72.421436, -41.264666], [-72.42003, -41.265462], [-72.417819, -41.265324], [-72.413705, -41.266759], [-72.410882, -41.268646], [-72.408495, -41.271234], [-72.40749, -41.273532], [-72.407143, -41.278364], [-72.403604, -41.283792], [-72.403475, -41.28944], [-72.405076, -41.298316], [-72.405268, -41.307673], [-72.406791, -41.31103], [-72.409954, -41.314453], [-72.410156, -41.316356], [-72.407805, -41.319423], [-72.407015, -41.32227], [-72.405358, -41.324112], [-72.402495, -41.325609], [-72.396522, -41.327034], [-72.393975, -41.329171], [-72.393936, -41.331016], [-72.396647, -41.334918], [-72.3961, -41.336393], [-72.393422, -41.338331], [-72.392232, -41.340268], [-72.392644, -41.342059], [-72.394973, -41.344677], [-72.394605, -41.346887], [-72.393028, -41.348049], [-72.382549, -41.352199], [-72.376183, -41.356128], [-72.375229, -41.357577], [-72.375415, -41.360569], [-72.374489, -41.361308]], [[-72.374489, -41.361308], [-72.370445, -41.360613], [-72.365173, -41.357178], [-72.363043, -41.356663], [-72.354525, -41.362075], [-72.349909, -41.361841], [-72.346149, -41.363081], [-72.337464, -41.363185]], [[-72.337464, -41.363185], [-72.330679, -41.361567], [-72.323944, -41.36392], [-72.318139, -41.370241], [-72.312795, -41.373629], [-72.310844, -41.377004]]]}}, {"type": "Feature", "properties": {"id": "rio-pescado", "name": "Río Pescado", "type": "river", "region": "los-lagos", "season": "2026-2027", "opens": "2026-11-13", "closes": "2027-05-02", "cat": "nov", "rule_level": "waterbody", "phases": [{"s": "2026-11-13", "e": "2027-05-02", "mode": "retention", "label": "Pesca con retención: 1 ejemplar (trucha arcoíris, trucha café o salmón plateado) por día; resto con devolución obligatoria."}], "veda": [], "gear": ["Solo mosca artificial con anzuelos sin rebarba. Incluye zona de desembocadura en el lago Llanquihue hasta 1.000 m. Prohibido el uso de embarcaciones."], "prohibitions": [], "sources": [{"doc": "Decreto N° 224, de 08 de agosto de 1985", "url": null}]}, "geometry": {"type": "MultiLineString", "coordinates": [[[-73.841901, -41.11242], [-73.84041, -41.118272], [-73.841397, -41.118741], [-73.841043, -41.11925], [-73.842115, -41.120317], [-73.842212, -41.121926], [-73.844197, -41.12317], [-73.844583, -41.124738], [-73.845935, -41.124843], [-73.846589, -41.126371], [-73.850913, -41.129239], [-73.852125, -41.129433], [-73.852683, -41.131381], [-73.854303, -41.132722], [-73.854089, -41.134484], [-73.855258, -41.13606], [-73.856782, -41.136391], [-73.856991, -41.137534], [-73.858311, -41.138399], [-73.857699, -41.13926], [-73.858557, -41.139611], [-73.858337, -41.140274], [-73.85911, -41.141162], [-73.860531, -41.142197], [-73.863423, -41.142294], [-73.864834, -41.143247], [-73.865858, -41.142172], [-73.871297, -41.144237], [-73.872568, -41.145517], [-73.87395, -41.145531], [-73.8758, -41.14677], [-73.877687, -41.14684], [-73.87922, -41.148078], [-73.881518, -41.147417], [-73.884545, -41.148458], [-73.887217, -41.147951], [-73.891179, -41.143027], [-73.894411, -41.144054], [-73.895813, -41.143153], [-73.894056, -41.142098], [-73.894038, -41.140873], [-73.897196, -41.138495], [-73.896224, -41.136842], [-73.896529, -41.135803], [-73.897347, -41.135365], [-73.898157, -41.136221], [-73.9014, -41.135945], [-73.899835, -41.133559], [-73.902264, -41.132355], [-73.900858, -41.131446], [-73.902057, -41.128492], [-73.903345, -41.127033], [-73.90165, -41.125708], [-73.902857, -41.122621], [-73.905646, -41.122633], [-73.904536, -41.124562], [-73.905893, -41.124908]], [[-73.758953, -41.372615], [-73.768352, -41.369951], [-73.770617, -41.371116], [-73.77265, -41.36943], [-73.779873, -41.370888], [-73.781318, -41.369777], [-73.780676, -41.368158], [-73.787756, -41.364852], [-73.789397, -41.362108], [-73.79168, -41.360301], [-73.7925, -41.3601], [-73.793517, -41.362081], [-73.795354, -41.361599], [-73.797654, -41.358547], [-73.799188, -41.357931], [-73.798802, -41.356857], [-73.79971, -41.356062], [-73.79942, -41.355504], [-73.803859, -41.354112], [-73.804302, -41.353194], [-73.803594, -41.35281], [-73.805161, -41.3517], [-73.806521, -41.353218], [-73.80874, -41.35203], [-73.813154, -41.352314], [-73.812675, -41.352986], [-73.811426, -41.352882], [-73.811678, -41.353828], [-73.810821, -41.354084], [-73.811388, -41.355248], [-73.810468, -41.3561], [-73.811804, -41.357264], [-73.81101, -41.357965], [-73.811401, -41.358505], [-73.813318, -41.357463], [-73.815083, -41.358618], [-73.817896, -41.356375], [-73.821629, -41.355693], [-73.822221, -41.355703], [-73.820966, -41.358805], [-73.823488, -41.358554], [-73.825058, -41.357489], [-73.827543, -41.357356], [-73.828823, -41.356093], [-73.831561, -41.357331]], [[-72.712229, -41.269259], [-72.717242, -41.267118], [-72.720417, -41.267492], [-72.724846, -41.272395], [-72.726404, -41.271131], [-72.725465, -41.270709], [-72.725598, -41.270118], [-72.728517, -41.272099], [-72.727895, -41.272851], [-72.728078, -41.274109], [-72.730165, -41.277851], [-72.734136, -41.278125], [-72.734561, -41.278897], [-72.735543, -41.27827], [-72.742188, -41.279172], [-72.746359, -41.278552], [-72.749725, -41.278979], [-72.751002, -41.278327], [-72.754127, -41.278894], [-72.760661, -41.277921], [-72.764856, -41.278527], [-72.766078, -41.277388], [-72.767397, -41.27786], [-72.769747, -41.276823], [-72.770267, -41.275726], [-72.771469, -41.275584], [-72.770694, -41.274963], [-72.770627, -41.272018], [-72.776699, -41.269728], [-72.778351, -41.267631], [-72.777901, -41.266567], [-72.778287, -41.264518], [-72.7826, -41.264728], [-72.78348, -41.262583], [-72.785647, -41.260873], [-72.789381, -41.260631], [-72.790861, -41.261115], [-72.792363, -41.259443], [-72.793425, -41.260602], [-72.794935, -41.260384], [-72.795877, -41.259118], [-72.795037, -41.252875], [-72.795359, -41.251268]]]}}, {"type": "Feature", "properties": {"id": "rio-sur", "name": "Río Sur", "type": "river", "region": "los-lagos", "season": "2026-2027", "opens": "2026-11-13", "closes": "2027-05-02", "cat": "nov", "rule_level": "waterbody", "phases": [{"s": "2026-11-13", "e": "2027-05-02", "mode": "retention", "label": "Pesca con retención: 1 ejemplar (trucha arcoíris, trucha café o salmón plateado) por día; resto con devolución obligatoria."}], "veda": [], "gear": ["Solo mosca artificial con anzuelos sin rebarba. Incluye zona de desembocadura en el lago Llanquihue hasta 1.000 m. Prohibido el uso de embarcaciones."], "prohibitions": [], "sources": [{"doc": "Decreto N° 224, de 08 de agosto de 1985", "url": null}]}, "geometry": {"type": "MultiLineString", "coordinates": [[[-72.675838, -41.316368], [-72.68132, -41.316143], [-72.684979, -41.317521], [-72.686191, -41.316602], [-72.688508, -41.316207], [-72.690365, -41.317102], [-72.692585, -41.315538], [-72.6931, -41.314048], [-72.695976, -41.312516], [-72.704559, -41.309809], [-72.709279, -41.309897], [-72.712133, -41.309011], [-72.719429, -41.302233], [-72.725888, -41.299444], [-72.730576, -41.295107], [-72.733462, -41.293729], [-72.735629, -41.291206], [-72.741809, -41.286724], [-72.75065, -41.282983], [-72.755649, -41.281839], [-72.756701, -41.280855], [-72.761207, -41.279597], [-72.76243, -41.280371], [-72.763632, -41.280242], [-72.764856, -41.278527]], [[-73.702565, -40.63017], [-73.703499, -40.63076], [-73.705388, -40.630491], [-73.706814, -40.631811], [-73.708413, -40.63144], [-73.711385, -40.632177], [-73.712855, -40.631574], [-73.713466, -40.630329], [-73.712608, -40.62993], [-73.713026, -40.629001], [-73.71219, -40.62791], [-73.713263, -40.626811], [-73.713091, -40.62401], [-73.712243, -40.623676], [-73.713037, -40.622837], [-73.71249, -40.622406], [-73.71337, -40.621249], [-73.715376, -40.620744], [-73.716642, -40.619458], [-73.717801, -40.620476], [-73.719344, -40.6197], [-73.720857, -40.619879], [-73.721288, -40.618822], [-73.720354, -40.618562], [-73.720234, -40.616418], [-73.721309, -40.614759], [-73.723573, -40.614531], [-73.722155, -40.612549], [-73.723895, -40.61212], [-73.725878, -40.612924], [-73.726307, -40.612639], [-73.725718, -40.611615], [-73.728647, -40.610963], [-73.728948, -40.612087], [-73.728111, -40.612975], [-73.728517, -40.613372], [-73.730598, -40.613535], [-73.731705, -40.610971], [-73.73397, -40.61247], [-73.735177, -40.610774], [-73.733276, -40.608301], [-73.738836, -40.606176], [-73.739581, -40.604355], [-73.742361, -40.603041]], [[-72.4735, -41.589547], [-72.475031, -41.588358], [-72.476168, -41.584831], [-72.47538, -41.584309], [-72.474602, -41.580124], [-72.472821, -41.576821], [-72.472944, -41.57396], [-72.471786, -41.56782], [-72.469425, -41.566375], [-72.46824, -41.564023], [-72.468985, -41.5631], [-72.466722, -41.559086], [-72.467784, -41.557994], [-72.466722, -41.557809], [-72.466121, -41.556477], [-72.465423, -41.549917], [-72.465643, -41.548014], [-72.467194, -41.548138], [-72.468138, -41.54581], [-72.468116, -41.543405], [-72.467156, -41.541341], [-72.468604, -41.540622], [-72.46898, -41.538759], [-72.470519, -41.537671], [-72.469597, -41.535435], [-72.472123, -41.534892], [-72.474081, -41.531788], [-72.472086, -41.52917], [-72.472719, -41.528238], [-72.470536, -41.528552], [-72.468642, -41.527656], [-72.470275, -41.523473], [-72.471437, -41.523746], [-72.472134, -41.522628], [-72.467446, -41.520373], [-72.46765, -41.517123], [-72.468816, -41.516585], [-72.467255, -41.515998], [-72.46854, -41.515292], [-72.467806, -41.514614], [-72.466767, -41.514695], [-72.46526, -41.512784]], [[-71.176483, -53.623797], [-71.171445, -53.619163], [-71.16672, -53.618362], [-71.161249, -53.619165], [-71.159617, -53.617675], [-71.131419, -53.606773], [-71.128107, -53.604129], [-71.12535, -53.6037], [-71.122925, -53.602322], [-71.121392, -53.599684], [-71.115662, -53.598837], [-71.114605, -53.598186], [-71.114084, -53.59663], [-71.109658, -53.59401], [-71.108988, -53.592937], [-71.106945, -53.592184], [-71.100662, -53.591472], [-71.097998, -53.592874], [-71.095305, -53.592891], [-71.094115, -53.595542], [-71.086881, -53.596815], [-71.084888, -53.598573], [-71.080374, -53.597152], [-71.078743, -53.598133], [-71.078794, -53.600091], [-71.078228, -53.600714], [-71.074709, -53.599279], [-71.073658, -53.596414], [-71.071598, -53.595127], [-71.06677, -53.595013], [-71.065823, -53.59548]], [[-71.317985, -53.588817], [-71.316405, -53.589664], [-71.313474, -53.589227], [-71.31178, -53.590411], [-71.312585, -53.591454], [-71.311895, -53.592092], [-71.313372, -53.592123], [-71.312111, -53.593426], [-71.313546, -53.593513], [-71.310582, -53.594428], [-71.31202, -53.594695], [-71.312522, -53.595607], [-71.311929, -53.595847], [-71.310709, -53.594816], [-71.308565, -53.595001], [-71.308262, -53.59593], [-71.309364, -53.596074], [-71.309013, -53.596911], [-71.305693, -53.598547], [-71.304865, -53.59982], [-71.306098, -53.600591], [-71.306012, -53.601215], [-71.303683, -53.605025], [-71.303694, -53.606792], [-71.302814, -53.606855], [-71.302483, -53.606139], [-71.301166, -53.60719], [-71.299957, -53.606618], [-71.298974, -53.607454], [-71.299025, -53.608789], [-71.297881, -53.60879], [-71.296635, -53.610331], [-71.293827, -53.609639], [-71.294017, -53.610649], [-71.295486, -53.611058], [-71.293588, -53.613201], [-71.29454, -53.614704], [-71.292074, -53.615276], [-71.291227, -53.618299], [-71.290144, -53.618853], [-71.289747, -53.620418], [-71.287777, -53.620207], [-71.286926, -53.620903], [-71.287075, -53.621463], [-71.288545, -53.621729], [-71.282912, -53.624815], [-71.282483, -53.626126], [-71.280584, -53.626444], [-71.280574, -53.628175], [-71.27861, -53.628296], [-71.279409, -53.629492], [-71.276246, -53.629384], [-71.273616, -53.630901], [-71.270634, -53.630982], [-71.267835, -53.632385], [-71.264834, -53.632781], [-71.264275, -53.633036], [-71.264218, -53.634349], [-71.261752, -53.634497], [-71.258783, -53.631661], [-71.256331, -53.631263], [-71.25117, -53.632286], [-71.250837, -53.634812], [-71.2474, -53.634245], [-71.245619, -53.635716], [-71.241132, -53.635076], [-71.239283, -53.633904], [-71.236605, -53.634451], [-71.230874, -53.634283], [-71.229063, -53.63509], [-71.228302, -53.634372], [-71.226664, -53.634941], [-71.224341, -53.633457], [-71.222601, -53.633627], [-71.221361, -53.634791], [-71.216877, -53.635184], [-71.211113, -53.633289], [-71.206435, -53.635515], [-71.201401, -53.635385], [-71.199222, -53.636933], [-71.197697, -53.635991], [-71.193895, -53.636471], [-71.190518, -53.634781], [-71.189328, -53.632617], [-71.183682, -53.63058], [-71.183393, -53.629958], [-71.184862, -53.629371], [-71.184368, -53.628697], [-71.180662, -53.627737], [-71.179283, -53.625884], [-71.176483, -53.623797]], [[-73.945904, -42.877706], [-73.949144, -42.875725], [-73.949079, -42.874923], [-73.950646, -42.873398], [-73.950817, -42.871636], [-73.953092, -42.870111], [-73.954251, -42.86728], [-73.955645, -42.866384], [-73.959229, -42.86588], [-73.961632, -42.862751], [-73.963971, -42.861115], [-73.966718, -42.859385], [-73.969099, -42.859542], [-73.970194, -42.858551], [-73.969056, -42.856506], [-73.970687, -42.85487], [-73.971567, -42.85045], [-73.972897, -42.849585], [-73.975172, -42.84927], [-73.974807, -42.847996], [-73.969496, -42.845109], [-73.970644, -42.840759], [-73.973107, -42.838878]]]}}, {"type": "Feature", "properties": {"id": "rio-futaleufu", "name": "Río Futaleufú", "type": "river", "region": "los-lagos", "season": "2026-2027", "opens": "2026-11-01", "closes": "2027-05-02", "cat": "nov-early", "rule_level": "waterbody", "phases": [{"s": "2026-11-01", "e": "2027-05-02", "mode": "retention", "label": "Pesca con retención: 1 ejemplar de salmón salar, coho o chinook"}], "veda": [], "gear": ["Señuelo artificial, máximo un anzuelo simple sin rebarba. Parte superior del río Futaleufú (límite internacional hasta sector \"Sofía\") con devolución obligatoria de todos los salmonídeos. Chinguillo máx. 100/70 cm."], "prohibitions": ["Prohibida pesca desde puentes/caminos. Prohibidos bicheros/arpones/lanzas. Prohibida pesca nocturna 22:00-06:00. Prohibida pesca en sector \"Los Patos\" del río Petrohué. Prohibida pesca con motor encendido en todo el río Petrohué."], "sources": [{"doc": "Resolución Exenta N° 2428, de 27 de octubre de 2025, DZ Los Lagos", "url": null}]}, "geometry": {"type": "MultiLineString", "coordinates": [[[-72.093993, -43.419023], [-72.091546, -43.420611], [-72.092512, -43.422101]], [[-71.971187, -43.315168], [-71.971639, -43.316529], [-71.971049, -43.320506], [-71.973459, -43.324708], [-71.973974, -43.326948], [-71.980104, -43.333306], [-71.981531, -43.338296], [-71.986226, -43.341448], [-71.995624, -43.343185], [-72.001219, -43.340969], [-72.003719, -43.343325], [-72.01301, -43.344492], [-72.014244, -43.34695], [-72.014549, -43.350472], [-72.015258, -43.351428], [-72.018943, -43.353597], [-72.024082, -43.353799], [-72.029087, -43.355443], [-72.035412, -43.354357], [-72.037526, -43.351771], [-72.040192, -43.350981], [-72.046817, -43.351087], [-72.052106, -43.349784], [-72.054423, -43.351719], [-72.058704, -43.35213], [-72.060013, -43.354166], [-72.059818, -43.357021], [-72.060968, -43.35926], [-72.065216, -43.363897], [-72.067593, -43.365079], [-72.069685, -43.369174], [-72.069615, -43.370277], [-72.071997, -43.372668], [-72.073746, -43.373412], [-72.077466, -43.372363], [-72.08042, -43.373612], [-72.084998, -43.377527], [-72.086374, -43.379608], [-72.086962, -43.381824], [-72.08551, -43.386027], [-72.088979, -43.391793], [-72.088426, -43.394272], [-72.089368, -43.398414], [-72.09102, -43.399501], [-72.093171, -43.399073], [-72.094912, -43.400193], [-72.095633, -43.401528], [-72.095411, -43.403139], [-72.093787, -43.405414], [-72.090239, -43.407579], [-72.090772, -43.409389], [-72.094506, -43.41472], [-72.094925, -43.416489], [-72.093993, -43.419023], [-72.094132, -43.420348], [-72.092512, -43.422101], [-72.092006, -43.424695], [-72.089905, -43.427956], [-72.092324, -43.429071], [-72.096958, -43.434376]], [[-71.761901, -43.181671], [-71.762652, -43.184671], [-71.765294, -43.186819], [-71.765402, -43.188536], [-71.768392, -43.189134]], [[-71.752861, -43.176366], [-71.765013, -43.183439], [-71.767443, -43.188401], [-71.769004, -43.189287], [-71.771965, -43.188544], [-71.775486, -43.185313], [-71.778896, -43.180779], [-71.782331, -43.179561], [-71.785496, -43.180679], [-71.784809, -43.185631], [-71.785408, -43.188258], [-71.792355, -43.190018], [-71.797435, -43.189212], [-71.798208, -43.190081], [-71.798744, -43.193053], [-71.800633, -43.19504], [-71.807697, -43.19475], [-71.814827, -43.197085], [-71.825287, -43.196518], [-71.829167, -43.197863], [-71.832892, -43.198313], [-71.834825, -43.197484], [-71.836675, -43.194533], [-71.84108, -43.193865]], [[-71.842174, -43.194248], [-71.843612, -43.194836], [-71.843782, -43.196446]], [[-71.843782, -43.196446], [-71.845908, -43.198531]], [[-71.845908, -43.198531], [-71.847475, -43.199299]], [[-71.847475, -43.199299], [-71.85344, -43.197316], [-71.856106, -43.197484], [-71.857774, -43.19836], [-71.858413, -43.200789], [-71.858, -43.203107], [-71.854754, -43.206345], [-71.854073, -43.208249], [-71.851192, -43.210689], [-71.851908, -43.211786], [-71.855017, -43.211985], [-71.855328, -43.212564], [-71.854754, -43.213362]], [[-71.854754, -43.213362], [-71.855108, -43.214569]], [[-71.855108, -43.214569], [-71.855634, -43.215591]], [[-71.855634, -43.215591], [-71.856005, -43.218411]], [[-71.870082, -43.223666], [-71.87504, -43.224027]], [[-71.864011, -43.221987], [-71.867403, -43.223774]], [[-71.862154, -43.220423], [-71.864011, -43.221987]], [[-71.85823, -43.219795], [-71.860254, -43.219083], [-71.862154, -43.220423]], [[-71.84108, -43.193865], [-71.842174, -43.194248]], [[-71.856005, -43.218411], [-71.856658, -43.219383], [-71.85823, -43.219795]], [[-71.87504, -43.224027], [-71.878712, -43.224585]], [[-71.867403, -43.223774], [-71.868928, -43.223779]], [[-71.868928, -43.223779], [-71.870082, -43.223666]], [[-71.878712, -43.224585], [-71.881539, -43.225654], [-71.881662, -43.226807], [-71.876845, -43.228691], [-71.875303, -43.23014], [-71.874723, -43.232508], [-71.875667, -43.233313], [-71.881954, -43.234728], [-71.883802, -43.236461], [-71.884261, -43.238644], [-71.882019, -43.239793], [-71.881021, -43.241935], [-71.882421, -43.245471], [-71.885372, -43.247339], [-71.887067, -43.249832], [-71.884559, -43.255166], [-71.88454, -43.25692], [-71.889607, -43.259304], [-71.890256, -43.262198], [-71.892278, -43.264308]], [[-71.898637, -43.269435], [-71.89998, -43.270499]], [[-71.892278, -43.264308], [-71.896511, -43.266489], [-71.898637, -43.269435]], [[-72.096958, -43.434376], [-72.101544, -43.440246], [-72.109076, -43.443704], [-72.11076, -43.446999], [-72.111558, -43.450268], [-72.110347, -43.453628], [-72.110496, -43.457552], [-72.113541, -43.464408], [-72.112198, -43.468626], [-72.116811, -43.471826], [-72.119376, -43.47234], [-72.13063, -43.46277], [-72.13416, -43.458472], [-72.139868, -43.454734], [-72.140908, -43.452327], [-72.143805, -43.449858], [-72.14388, -43.44682], [-72.144513, -43.445488], [-72.148928, -43.442754], [-72.154694, -43.440886], [-72.15698, -43.439381], [-72.161499, -43.431964], [-72.166907, -43.426428], [-72.174318, -43.421336], [-72.177987, -43.420245], [-72.180669, -43.420557], [-72.189306, -43.424515], [-72.192761, -43.424289], [-72.199295, -43.418344], [-72.203082, -43.412416]], [[-71.89998, -43.270499], [-71.906247, -43.27741], [-71.914128, -43.27883], [-71.915927, -43.279837], [-71.917169, -43.281447], [-71.919477, -43.282026]], [[-71.919477, -43.282026], [-71.920446, -43.282105], [-71.920524, -43.281566]], [[-71.920524, -43.281566], [-71.925688, -43.280116], [-71.927244, -43.280413], [-71.928976, -43.282646], [-71.931832, -43.283551], [-71.931688, -43.284879], [-71.934839, -43.288234], [-71.935698, -43.290886]], [[-71.937404, -43.293041], [-71.93808, -43.294747]], [[-71.942716, -43.300928], [-71.944602, -43.301066], [-71.945804, -43.301842]], [[-71.946583, -43.302005], [-71.948918, -43.300786]], [[-71.93808, -43.294747], [-71.938444, -43.297508], [-71.942315, -43.301288]], [[-71.949162, -43.300756], [-71.952661, -43.300648]], [[-71.94206, -43.301001], [-71.942716, -43.300928]], [[-71.945804, -43.301842], [-71.946084, -43.302063]], [[-71.945281, -43.302167], [-71.948047, -43.302023], [-71.949162, -43.300756]], [[-71.942315, -43.301288], [-71.9428, -43.301709]], [[-71.9428, -43.301709], [-71.944101, -43.301927]], [[-71.944101, -43.301927], [-71.945281, -43.302167]], [[-71.938133, -43.295362], [-71.940044, -43.296728], [-71.939652, -43.298708]], [[-71.936073, -43.291245], [-71.937404, -43.293041]], [[-71.935698, -43.290886], [-71.936073, -43.291245]], [[-71.952661, -43.300648], [-71.95906, -43.300935]], [[-71.95906, -43.300935], [-71.964001, -43.302331]], [[-71.964001, -43.302331], [-71.965321, -43.302798]], [[-71.965321, -43.302798], [-71.968598, -43.304437], [-71.971285, -43.30745], [-71.971312, -43.312384]], [[-71.971312, -43.312384], [-71.970741, -43.313861], [-71.971187, -43.315168]], [[-72.203082, -43.412416], [-72.202706, -43.408789], [-72.20114, -43.40564], [-72.198007, -43.404206], [-72.195733, -43.404783]], [[-72.203082, -43.412416], [-72.20674, -43.41055], [-72.214358, -43.412109]], [[-71.653914, -43.110473], [-71.651346, -43.111342]], [[-71.651346, -43.111342], [-71.650799, -43.111514]], [[-71.650799, -43.111514], [-71.648594, -43.11321], [-71.646438, -43.116492], [-71.642339, -43.119146], [-71.640515, -43.12148], [-71.636534, -43.120465], [-71.632243, -43.122373], [-71.631728, -43.124331], [-71.628349, -43.128566], [-71.627485, -43.131495], [-71.625286, -43.132693], [-71.620662, -43.133323], [-71.613877, -43.135874], [-71.606382, -43.135822], [-71.601507, -43.138825], [-71.595068, -43.140585], [-71.593351, -43.14053], [-71.591286, -43.13918]], [[-71.591286, -43.13918], [-71.581476, -43.136881], [-71.571628, -43.142451], [-71.566076, -43.14783], [-71.565843, -43.149329], [-71.577419, -43.159825], [-71.577956, -43.167533], [-71.579722, -43.168598], [-71.586635, -43.167181], [-71.588663, -43.1674], [-71.590283, -43.169219], [-71.591592, -43.172416], [-71.595196, -43.17395]], [[-71.595196, -43.17395], [-71.602868, -43.176261], [-71.60474, -43.175741], [-71.606612, -43.173574], [-71.619771, -43.17283], [-71.623585, -43.173933], [-71.633171, -43.1788], [-71.635323, -43.177986], [-71.635618, -43.173225], [-71.638718, -43.169184], [-71.64161, -43.167412], [-71.644957, -43.167279], [-71.647419, -43.167799], [-71.649903, -43.169473], [-71.650021, -43.172459], [-71.653272, -43.178284], [-71.654946, -43.180161], [-71.657199, -43.180795], [-71.661812, -43.177638], [-71.661168, -43.174618], [-71.66149, -43.17258], [-71.664671, -43.169689], [-71.666206, -43.169935], [-71.668426, -43.17276], [-71.670256, -43.173581], [-71.680014, -43.174649], [-71.682991, -43.173304], [-71.684654, -43.170815], [-71.684675, -43.169125], [-71.683345, -43.166887], [-71.683779, -43.165404], [-71.687475, -43.165064], [-71.689771, -43.166899], [-71.68997, -43.169235], [-71.688854, -43.170823], [-71.685834, -43.173069], [-71.685458, -43.174536], [-71.686279, -43.175592], [-71.6888, -43.176261], [-71.689632, -43.175788], [-71.690732, -43.172881], [-71.6924, -43.170815], [-71.698549, -43.167474], [-71.700248, -43.167142], [-71.704985, -43.168331], [-71.71279, -43.165432], [-71.72354, -43.16389]], [[-71.72354, -43.16389], [-71.728851, -43.163088], [-71.732799, -43.163558], [-71.73701, -43.166864], [-71.746476, -43.171325], [-71.748503, -43.173707], [-71.752861, -43.176366]], [[-71.752861, -43.176366], [-71.765013, -43.183439], [-71.767443, -43.188401], [-71.769004, -43.189287], [-71.771965, -43.188544], [-71.775486, -43.185313], [-71.778896, -43.180779], [-71.782331, -43.179561], [-71.785496, -43.180679], [-71.784809, -43.185631], [-71.785408, -43.188258], [-71.792355, -43.190018], [-71.797435, -43.189212], [-71.798208, -43.190081], [-71.798744, -43.193053], [-71.800633, -43.19504], [-71.807697, -43.19475], [-71.814827, -43.197085], [-71.825287, -43.196518], [-71.829167, -43.197863], [-71.832892, -43.198313], [-71.834825, -43.197484], [-71.836675, -43.194533], [-71.84108, -43.193865]], [[-71.84108, -43.193865], [-71.842174, -43.194248]], [[-71.842174, -43.194248], [-71.843612, -43.194836], [-71.843782, -43.196446]], [[-71.843782, -43.196446], [-71.845908, -43.198531]], [[-71.845908, -43.198531], [-71.847475, -43.199299]], [[-71.847475, -43.199299], [-71.85344, -43.197316], [-71.856106, -43.197484], [-71.857774, -43.19836], [-71.858413, -43.200789], [-71.858, -43.203107], [-71.854754, -43.206345], [-71.854073, -43.208249], [-71.851192, -43.210689], [-71.851908, -43.211786], [-71.855017, -43.211985], [-71.855328, -43.212564], [-71.854754, -43.213362]], [[-71.854754, -43.213362], [-71.855108, -43.214569]], [[-71.855108, -43.214569], [-71.855634, -43.215591]], [[-71.855634, -43.215591], [-71.856005, -43.218411]], [[-71.856005, -43.218411], [-71.856658, -43.219383], [-71.85823, -43.219795]], [[-71.85823, -43.219795], [-71.860254, -43.219083], [-71.862154, -43.220423]], [[-71.862154, -43.220423], [-71.864011, -43.221987]], [[-71.864011, -43.221987], [-71.867403, -43.223774]], [[-71.867403, -43.223774], [-71.868928, -43.223779]], [[-71.868928, -43.223779], [-71.870082, -43.223666]], [[-71.870082, -43.223666], [-71.87504, -43.224027]], [[-71.87504, -43.224027], [-71.878712, -43.224585]], [[-71.878712, -43.224585], [-71.881539, -43.225654], [-71.881662, -43.226807], [-71.876845, -43.228691], [-71.875303, -43.23014], [-71.874723, -43.232508], [-71.875667, -43.233313], [-71.881954, -43.234728], [-71.883802, -43.236461], [-71.884261, -43.238644], [-71.882019, -43.239793], [-71.881021, -43.241935], [-71.882421, -43.245471], [-71.885372, -43.247339], [-71.887067, -43.249832], [-71.884559, -43.255166], [-71.88454, -43.25692], [-71.889607, -43.259304], [-71.890256, -43.262198], [-71.892278, -43.264308]], [[-71.892278, -43.264308], [-71.896511, -43.266489], [-71.898637, -43.269435]], [[-71.898637, -43.269435], [-71.89998, -43.270499]], [[-71.89998, -43.270499], [-71.906247, -43.27741], [-71.914128, -43.27883], [-71.915927, -43.279837], [-71.917169, -43.281447], [-71.919477, -43.282026]], [[-71.919477, -43.282026], [-71.920446, -43.282105], [-71.920524, -43.281566]], [[-71.920524, -43.281566], [-71.925688, -43.280116], [-71.927244, -43.280413], [-71.928976, -43.282646], [-71.931832, -43.283551], [-71.931688, -43.284879], [-71.934839, -43.288234], [-71.935698, -43.290886]], [[-71.935698, -43.290886], [-71.936073, -43.291245]], [[-71.936073, -43.291245], [-71.937404, -43.293041]], [[-71.937404, -43.293041], [-71.93808, -43.294747]], [[-71.93808, -43.294747], [-71.938444, -43.297508], [-71.942315, -43.301288]], [[-71.942315, -43.301288], [-71.9428, -43.301709]], [[-71.9428, -43.301709], [-71.944101, -43.301927]], [[-71.944101, -43.301927], [-71.945281, -43.302167]], [[-71.945281, -43.302167], [-71.948047, -43.302023], [-71.949162, -43.300756]], [[-71.949162, -43.300756], [-71.952661, -43.300648]], [[-71.952661, -43.300648], [-71.95906, -43.300935]], [[-71.95906, -43.300935], [-71.964001, -43.302331]], [[-71.964001, -43.302331], [-71.965321, -43.302798]], [[-71.965321, -43.302798], [-71.968598, -43.304437], [-71.971285, -43.30745], [-71.971312, -43.312384]], [[-71.971312, -43.312384], [-71.970741, -43.313861], [-71.971187, -43.315168]], [[-71.971187, -43.315168], [-71.971639, -43.316529], [-71.971049, -43.320506], [-71.973459, -43.324708], [-71.973974, -43.326948], [-71.980104, -43.333306], [-71.981531, -43.338296], [-71.986226, -43.341448], [-71.995624, -43.343185], [-72.001219, -43.340969], [-72.003719, -43.343325], [-72.01301, -43.344492], [-72.014244, -43.34695], [-72.014549, -43.350472], [-72.015258, -43.351428], [-72.018943, -43.353597], [-72.024082, -43.353799], [-72.029087, -43.355443], [-72.035412, -43.354357], [-72.037526, -43.351771], [-72.040192, -43.350981], [-72.046817, -43.351087], [-72.052106, -43.349784], [-72.054423, -43.351719], [-72.058704, -43.35213], [-72.060013, -43.354166], [-72.059818, -43.357021], [-72.060968, -43.35926], [-72.065216, -43.363897], [-72.067593, -43.365079], [-72.069685, -43.369174], [-72.069615, -43.370277], [-72.071997, -43.372668], [-72.073746, -43.373412], [-72.077466, -43.372363], [-72.08042, -43.373612], [-72.084998, -43.377527], [-72.086374, -43.379608], [-72.086962, -43.381824], [-72.08551, -43.386027], [-72.088979, -43.391793], [-72.088426, -43.394272], [-72.089368, -43.398414], [-72.09102, -43.399501], [-72.093171, -43.399073], [-72.094912, -43.400193], [-72.095633, -43.401528], [-72.095411, -43.403139], [-72.093787, -43.405414], [-72.090239, -43.407579], [-72.090772, -43.409389], [-72.094506, -43.41472], [-72.094925, -43.416489], [-72.093993, -43.419023], [-72.094132, -43.420348], [-72.092512, -43.422101], [-72.092006, -43.424695], [-72.089905, -43.427956], [-72.092324, -43.429071], [-72.096958, -43.434376]], [[-72.096958, -43.434376], [-72.101544, -43.440246], [-72.109076, -43.443704], [-72.11076, -43.446999], [-72.111558, -43.450268], [-72.110347, -43.453628], [-72.110496, -43.457552], [-72.113541, -43.464408], [-72.112198, -43.468626], [-72.116811, -43.471826], [-72.119376, -43.47234], [-72.13063, -43.46277], [-72.13416, -43.458472], [-72.139868, -43.454734], [-72.140908, -43.452327], [-72.143805, -43.449858], [-72.14388, -43.44682], [-72.144513, -43.445488], [-72.148928, -43.442754], [-72.154694, -43.440886], [-72.15698, -43.439381], [-72.161499, -43.431964], [-72.166907, -43.426428], [-72.174318, -43.421336], [-72.177987, -43.420245], [-72.180669, -43.420557], [-72.189306, -43.424515], [-72.192761, -43.424289], [-72.199295, -43.418344], [-72.203082, -43.412416]], [[-71.761901, -43.181671], [-71.762652, -43.184671], [-71.765294, -43.186819], [-71.765402, -43.188536], [-71.768392, -43.189134]], [[-71.94206, -43.301001], [-71.942716, -43.300928]], [[-71.942716, -43.300928], [-71.944602, -43.301066], [-71.945804, -43.301842]], [[-71.945804, -43.301842], [-71.946084, -43.302063]], [[-71.946583, -43.302005], [-71.948918, -43.300786]]]}}, {"type": "Feature", "properties": {"id": "rio-palena", "name": "Río Palena", "type": "river", "region": "los-lagos", "season": "2026-2027", "opens": "2026-11-01", "closes": "2027-05-02", "cat": "nov-early", "rule_level": "waterbody", "phases": [{"s": "2026-11-01", "e": "2027-05-02", "mode": "retention", "label": "Pesca con retención: 1 ejemplar de salmón salar, coho o chinook"}], "veda": [], "gear": ["Señuelo artificial, máximo un anzuelo simple sin rebarba. Parte superior del río Futaleufú (límite internacional hasta sector \"Sofía\") con devolución obligatoria de todos los salmonídeos. Chinguillo máx. 100/70 cm."], "prohibitions": ["Prohibida pesca desde puentes/caminos. Prohibidos bicheros/arpones/lanzas. Prohibida pesca nocturna 22:00-06:00. Prohibida pesca en sector \"Los Patos\" del río Petrohué. Prohibida pesca con motor encendido en todo el río Petrohué."], "sources": [{"doc": "Resolución Exenta N° 2428, de 27 de octubre de 2025, DZ Los Lagos", "url": null}]}, "geometry": {"type": "MultiLineString", "coordinates": [[[-71.745544, -43.585435], [-71.748041, -43.589836], [-71.751721, -43.590916], [-71.755219, -43.593947], [-71.773887, -43.596511], [-71.785206, -43.600419], [-71.792683, -43.601574], [-71.802618, -43.60622], [-71.812306, -43.604285], [-71.818153, -43.605963], [-71.81811, -43.609218], [-71.816801, -43.613312], [-71.816791, -43.615899], [-71.817982, -43.618159], [-71.82267, -43.618439], [-71.824698, -43.617747], [-71.829676, -43.614625], [-71.831382, -43.612302], [-71.832551, -43.61179], [-71.840523, -43.615899], [-71.846822, -43.615894], [-71.851402, -43.620303], [-71.854803, -43.621561], [-71.858064, -43.621468], [-71.861803, -43.61958], [-71.864061, -43.62019], [-71.86964, -43.619611], [-71.879983, -43.616819], [-71.883888, -43.616982], [-71.886683, -43.619044], [-71.88914, -43.623891], [-71.892868, -43.626027], [-71.893469, -43.631653], [-71.898759, -43.636658], [-71.901323, -43.638374], [-71.908005, -43.640727], [-71.91171, -43.643369], [-71.916806, -43.645015], [-71.919188, -43.647571], [-71.924573, -43.646466], [-71.930678, -43.646466], [-71.9335, -43.644417], [-71.936397, -43.644937], [-71.939186, -43.647313], [-71.940066, -43.647398], [-71.949271, -43.646544], [-71.95264, -43.645589], [-71.956953, -43.646055]], [[-71.956953, -43.646055], [-71.959416, -43.645801], [-71.961344, -43.644307], [-71.962459, -43.644171], [-71.978543, -43.645578], [-71.988345, -43.643589], [-71.997192, -43.642788], [-72.005432, -43.644521], [-72.013495, -43.648274], [-72.01484, -43.648515], [-72.018036, -43.647701], [-72.023791, -43.648985], [-72.035112, -43.644422], [-72.037985, -43.64444], [-72.043032, -43.645797], [-72.046548, -43.648848], [-72.049097, -43.649746], [-72.059259, -43.651257], [-72.064176, -43.655892], [-72.069977, -43.654582], [-72.073753, -43.655451], [-72.075715, -43.657164], [-72.075864, -43.658845], [-72.075194, -43.660298], [-72.075523, -43.662348], [-72.081071, -43.665978], [-72.093438, -43.669972], [-72.099561, -43.666976], [-72.101734, -43.667205], [-72.104061, -43.671209], [-72.103152, -43.675027], [-72.104093, -43.679725], [-72.103192, -43.680835], [-72.099196, -43.682388], [-72.109047, -43.690498], [-72.111334, -43.691701], [-72.113777, -43.691747], [-72.125261, -43.68932], [-72.127949, -43.690329], [-72.137138, -43.690759], [-72.140959, -43.693467], [-72.142375, -43.695802], [-72.146544, -43.699109], [-72.15199, -43.701197], [-72.152967, -43.702151], [-72.154521, -43.70602], [-72.161759, -43.709437], [-72.165549, -43.712252], [-72.169232, -43.711745], [-72.170283, -43.710755], [-72.171147, -43.707662], [-72.173366, -43.704101], [-72.175738, -43.702314], [-72.177619, -43.702086], [-72.183195, -43.704478], [-72.187221, -43.704985], [-72.189453, -43.705978], [-72.190364, -43.709669], [-72.189643, -43.712631], [-72.193788, -43.715324], [-72.193651, -43.718771], [-72.19445, -43.721658], [-72.197509, -43.724393], [-72.203892, -43.728131], [-72.205802, -43.732344], [-72.211917, -43.733184], [-72.228541, -43.7331], [-72.234035, -43.734755], [-72.240225, -43.739205], [-72.247274, -43.736747], [-72.254208, -43.73696], [-72.257273, -43.738654], [-72.256383, -43.742949], [-72.256613, -43.744278], [-72.257472, -43.744902], [-72.260672, -43.745368], [-72.264204, -43.744469], [-72.265536, -43.743459], [-72.269894, -43.743467], [-72.271756, -43.744837], [-72.271691, -43.746941], [-72.272527, -43.748554], [-72.274754, -43.749362], [-72.276829, -43.749519], [-72.278043, -43.74865], [-72.279784, -43.748644], [-72.284082, -43.750075], [-72.285755, -43.750015], [-72.286629, -43.748492], [-72.28712, -43.746691], [-72.283568, -43.739075], [-72.285204, -43.7333], [-72.283249, -43.723823], [-72.283828, -43.720536], [-72.28945, -43.71396], [-72.290759, -43.710656], [-72.292561, -43.705414], [-72.292002, -43.700198], [-72.295887, -43.697905], [-72.300372, -43.692258], [-72.307281, -43.687805], [-72.311333, -43.686768], [-72.320445, -43.689276], [-72.321845, -43.688547], [-72.325434, -43.683647], [-72.328024, -43.682631], [-72.330036, -43.683015], [-72.33061, -43.685955], [-72.326721, -43.689187], [-72.326378, -43.690366], [-72.329926, -43.696092], [-72.331592, -43.700473], [-72.332466, -43.705717], [-72.331967, -43.71004], [-72.332783, -43.713755], [-72.332461, -43.719268], [-72.334065, -43.72106], [-72.339005, -43.723029], [-72.33833, -43.724595], [-72.339553, -43.728918], [-72.345679, -43.733228], [-72.347063, -43.741398], [-72.351129, -43.747018], [-72.34982, -43.749707], [-72.350228, -43.751683], [-72.352127, -43.755558], [-72.356054, -43.761068], [-72.355238, -43.764965], [-72.356687, -43.772806], [-72.353967, -43.781409], [-72.350399, -43.784708], [-72.350078, -43.785742], [-72.350893, -43.788012], [-72.354112, -43.790459], [-72.35644, -43.795865], [-72.35644, -43.801417], [-72.353007, -43.808982], [-72.358918, -43.81739], [-72.364744, -43.822352], [-72.361927, -43.827188], [-72.362126, -43.831245], [-72.363478, -43.833149], [-72.363328, -43.833908], [-72.357352, -43.837297], [-72.356633, -43.838768], [-72.357405, -43.839944], [-72.357405, -43.841685], [-72.360742, -43.845361], [-72.37161, -43.849021], [-72.374024, -43.855666], [-72.374389, -43.858908], [-72.373735, -43.863503], [-72.371922, -43.868523], [-72.378155, -43.881346], [-72.378899, -43.886555], [-72.37794, -43.890834], [-72.374464, -43.895465], [-72.37499, -43.901325], [-72.376234, -43.902392], [-72.377565, -43.901758], [-72.381159, -43.901812], [-72.387371, -43.903296], [-72.387607, -43.904749], [-72.384185, -43.909271], [-72.383906, -43.911474], [-72.385687, -43.913089], [-72.390171, -43.915424], [-72.397141, -43.921373], [-72.39913, -43.92598], [-72.398036, -43.929882], [-72.398432, -43.931667], [-72.401758, -43.932857], [-72.406774, -43.931001], [-72.410593, -43.933041], [-72.412256, -43.936007], [-72.411451, -43.938202], [-72.40849, -43.940087], [-72.403904, -43.940247], [-72.395938, -43.938775], [-72.392703, -43.939563], [-72.391115, -43.940919], [-72.391099, -43.942143], [-72.393841, -43.944453], [-72.395321, -43.947474], [-72.398593, -43.951251], [-72.399184, -43.953159], [-72.399119, -43.957051], [-72.399822, -43.9587], [-72.402343, -43.96055], [-72.408233, -43.961697], [-72.4211, -43.960628], [-72.424447, -43.961369], [-72.426035, -43.963192], [-72.434712, -43.964762], [-72.438844, -43.964315], [-72.451176, -43.959955], [-72.457377, -43.959955], [-72.459276, -43.961384], [-72.467344, -43.973793], [-72.471507, -43.975507], [-72.477826, -43.97526], [-72.480314, -43.976996], [-72.483156, -43.981012], [-72.497661, -43.985088], [-72.503798, -43.989102], [-72.508427, -43.990974], [-72.512469, -43.991796], [-72.518402, -43.991572], [-72.546082, -43.996157], [-72.549074, -43.997747], [-72.550533, -43.99855], [-72.552464, -44.003242], [-72.552464, -44.010156], [-72.553537, -44.012286], [-72.555468, -44.013613], [-72.558343, -44.013798], [-72.587056, -44.009608], [-72.592807, -44.007771], [-72.598214, -44.004237], [-72.601755, -44.003604], [-72.607527, -44.004931], [-72.611153, -44.010025], [-72.614522, -44.013512], [-72.617955, -44.014886], [-72.62038, -44.014762], [-72.622161, -44.013404], [-72.622976, -44.011074], [-72.622762, -44.00578], [-72.621474, -44.001551], [-72.622397, -43.999452], [-72.624457, -43.999329], [-72.635357, -44.001613], [-72.637203, -44.001196], [-72.638172, -43.999594], [-72.640636, -43.999452], [-72.65276, -44.003048], [-72.659433, -44.003018], [-72.671878, -43.998511], [-72.688142, -43.996834], [-72.692649, -43.99547], [-72.696941, -43.992567], [-72.70016, -43.987488], [-72.703164, -43.984632], [-72.70752, -43.982069], [-72.710631, -43.981035], [-72.718012, -43.979799], [-72.726359, -43.980942], [-72.729321, -43.980247], [-72.73329, -43.977514], [-72.735522, -43.974364], [-72.736273, -43.971677], [-72.735929, -43.969716], [-72.734749, -43.967955], [-72.728269, -43.964866], [-72.728548, -43.963338], [-72.730136, -43.961376], [-72.734277, -43.958549], [-72.743375, -43.959538], [-72.748096, -43.957993], [-72.751508, -43.956093], [-72.757366, -43.948856], [-72.764983, -43.941943], [-72.772729, -43.936488], [-72.77848, -43.934016], [-72.789016, -43.932656], [-72.796161, -43.929565], [-72.796891, -43.927618], [-72.796633, -43.92377], [-72.798479, -43.920447], [-72.801826, -43.918129], [-72.814937, -43.912317], [-72.820601, -43.907354], [-72.823048, -43.903907], [-72.828133, -43.892047], [-72.834281, -43.883503], [-72.836115, -43.881934], [-72.847638, -43.881439], [-72.853518, -43.883171], [-72.856672, -43.885166], [-72.857895, -43.886944], [-72.858002, -43.888661], [-72.855232, -43.894112], [-72.854397, -43.897537], [-72.854698, -43.899207], [-72.856243, -43.900397], [-72.874653, -43.896006], [-72.880447, -43.893223], [-72.884191, -43.889133], [-72.884974, -43.885993], [-72.884352, -43.883418], [-72.882593, -43.881207], [-72.879546, -43.879211], [-72.86783, -43.874587], [-72.867379, -43.873566], [-72.867894, -43.87256], [-72.871284, -43.871422]], [[-72.871284, -43.871422], [-72.888257, -43.870008], [-72.896562, -43.87072], [-72.907846, -43.870604], [-72.913082, -43.869429], [-72.923982, -43.861013], [-72.934005, -43.856363], [-72.946311, -43.852139], [-72.947427, -43.846869], [-72.951019, -43.841131], [-72.953722, -43.829016], [-72.954605, -43.82719], [-72.962737, -43.814123], [-72.967887, -43.807759], [-72.969947, -43.803593], [-72.971449, -43.795633], [-72.971384, -43.784774], [-72.976642, -43.768862]], [[-72.570164, -44.011796], [-72.576993, -44.013543], [-72.582314, -44.012139], [-72.584825, -44.010086]], [[-71.436785, -43.585687], [-71.438717, -43.584634], [-71.441131, -43.582085], [-71.4429, -43.577233], [-71.448619, -43.576979], [-71.449832, -43.576077], [-71.450433, -43.574904], [-71.449037, -43.574108], [-71.448496, -43.571274], [-71.451709, -43.570197], [-71.455926, -43.571122], [-71.456264, -43.567542], [-71.4571, -43.565937], [-71.458522, -43.5646], [-71.461553, -43.564619], [-71.463232, -43.563815], [-71.465287, -43.560464], [-71.463007, -43.555173], [-71.467411, -43.554267], [-71.469407, -43.552378], [-71.472856, -43.55076], [-71.476793, -43.551009], [-71.481745, -43.552358], [-71.482222, -43.550858], [-71.479017, -43.546692], [-71.479148, -43.545593], [-71.482914, -43.546577], [-71.485242, -43.544376], [-71.487109, -43.543571], [-71.489067, -43.54508], [-71.490875, -43.545476], [-71.493659, -43.54123], [-71.496368, -43.541059], [-71.500472, -43.537167], [-71.50858, -43.533822], [-71.509497, -43.532342], [-71.509962, -43.529568], [-71.510702, -43.529023], [-71.511973, -43.529042], [-71.514687, -43.530925], [-71.527036, -43.534024], [-71.532379, -43.532632], [-71.537674, -43.533406], [-71.54012, -43.535164], [-71.539659, -43.536226], [-71.542985, -43.537917], [-71.547813, -43.53411], [-71.54939, -43.530551], [-71.552415, -43.530054], [-71.556932, -43.526382], [-71.559341, -43.525799], [-71.561476, -43.525857], [-71.565349, -43.527273], [-71.569153, -43.525203], [-71.575413, -43.525643], [-71.575831, -43.527296], [-71.573192, -43.528768], [-71.572734, -43.530492], [-71.573251, -43.53117], [-71.577982, -43.530995], [-71.581002, -43.529182], [-71.584613, -43.529373], [-71.588931, -43.531356], [-71.593083, -43.529598], [-71.596951, -43.529478]], [[-71.596951, -43.529478], [-71.602567, -43.527109], [-71.606644, -43.527903], [-71.60989, -43.525709], [-71.621434, -43.528272], [-71.624339, -43.529826], [-71.628306, -43.527897], [-71.633276, -43.527638], [-71.63565, -43.528591], [-71.640046, -43.526145], [-71.647725, -43.524225], [-71.653363, -43.525674], [-71.657317, -43.524764], [-71.66458, -43.525849], [-71.67227, -43.53159], [-71.671951, -43.533371], [-71.670202, -43.535448], [-71.673088, -43.538018], [-71.672074, -43.545204], [-71.672745, -43.547343], [-71.672444, -43.550414], [-71.674923, -43.553206], [-71.684418, -43.556308], [-71.687062, -43.555908], [-71.690496, -43.553735], [-71.69704, -43.554936], [-71.698065, -43.554135], [-71.698692, -43.549012], [-71.699333, -43.548561], [-71.701988, -43.548826], [-71.705368, -43.549548], [-71.707943, -43.551165], [-71.712921, -43.552534], [-71.717727, -43.555519], [-71.721676, -43.55527], [-71.723564, -43.556141], [-71.725452, -43.558629], [-71.7294, -43.560744], [-71.734105, -43.562085], [-71.73505, -43.561907], [-71.735535, -43.560769], [-71.738618, -43.560673], [-71.739944, -43.5614], [-71.741398, -43.563772], [-71.747288, -43.569354], [-71.750335, -43.574422], [-71.749788, -43.57509], [-71.746848, -43.575821], [-71.746923, -43.577702], [-71.74481, -43.579412], [-71.745544, -43.585435]], [[-71.956953, -43.646055], [-71.959416, -43.645801], [-71.961344, -43.644307], [-71.962459, -43.644171], [-71.978543, -43.645578], [-71.988345, -43.643589], [-71.997192, -43.642788], [-72.005432, -43.644521], [-72.013495, -43.648274], [-72.01484, -43.648515], [-72.018036, -43.647701], [-72.023791, -43.648985], [-72.035112, -43.644422], [-72.037985, -43.64444], [-72.043032, -43.645797], [-72.046548, -43.648848], [-72.049097, -43.649746], [-72.059259, -43.651257], [-72.064176, -43.655892], [-72.069977, -43.654582], [-72.073753, -43.655451], [-72.075715, -43.657164], [-72.075864, -43.658845], [-72.075194, -43.660298], [-72.075523, -43.662348], [-72.081071, -43.665978], [-72.093438, -43.669972], [-72.099561, -43.666976], [-72.101734, -43.667205], [-72.104061, -43.671209], [-72.103152, -43.675027], [-72.104093, -43.679725], [-72.103192, -43.680835], [-72.099196, -43.682388], [-72.109047, -43.690498], [-72.111334, -43.691701], [-72.113777, -43.691747], [-72.125261, -43.68932], [-72.127949, -43.690329], [-72.137138, -43.690759], [-72.140959, -43.693467], [-72.142375, -43.695802], [-72.146544, -43.699109], [-72.15199, -43.701197], [-72.152967, -43.702151], [-72.154521, -43.70602], [-72.161759, -43.709437], [-72.165549, -43.712252], [-72.169232, -43.711745], [-72.170283, -43.710755], [-72.171147, -43.707662], [-72.173366, -43.704101], [-72.175738, -43.702314], [-72.177619, -43.702086], [-72.183195, -43.704478], [-72.187221, -43.704985], [-72.189453, -43.705978], [-72.190364, -43.709669], [-72.189643, -43.712631], [-72.193788, -43.715324], [-72.193651, -43.718771], [-72.19445, -43.721658], [-72.197509, -43.724393], [-72.203892, -43.728131], [-72.205802, -43.732344], [-72.211917, -43.733184], [-72.228541, -43.7331], [-72.234035, -43.734755], [-72.240225, -43.739205], [-72.247274, -43.736747], [-72.254208, -43.73696], [-72.257273, -43.738654], [-72.256383, -43.742949], [-72.256613, -43.744278], [-72.257472, -43.744902], [-72.260672, -43.745368], [-72.264204, -43.744469], [-72.265536, -43.743459], [-72.269894, -43.743467], [-72.271756, -43.744837], [-72.271691, -43.746941], [-72.272527, -43.748554], [-72.274754, -43.749362], [-72.276829, -43.749519], [-72.278043, -43.74865], [-72.279784, -43.748644], [-72.284082, -43.750075], [-72.285755, -43.750015], [-72.286629, -43.748492], [-72.28712, -43.746691], [-72.283568, -43.739075], [-72.285204, -43.7333], [-72.283249, -43.723823], [-72.283828, -43.720536], [-72.28945, -43.71396], [-72.290759, -43.710656], [-72.292561, -43.705414], [-72.292002, -43.700198], [-72.295887, -43.697905], [-72.300372, -43.692258], [-72.307281, -43.687805], [-72.311333, -43.686768], [-72.320445, -43.689276], [-72.321845, -43.688547], [-72.325434, -43.683647], [-72.328024, -43.682631], [-72.330036, -43.683015], [-72.33061, -43.685955], [-72.326721, -43.689187], [-72.326378, -43.690366], [-72.329926, -43.696092], [-72.331592, -43.700473], [-72.332466, -43.705717], [-72.331967, -43.71004], [-72.332783, -43.713755], [-72.332461, -43.719268], [-72.334065, -43.72106], [-72.339005, -43.723029], [-72.33833, -43.724595], [-72.339553, -43.728918], [-72.345679, -43.733228], [-72.347063, -43.741398], [-72.351129, -43.747018], [-72.34982, -43.749707], [-72.350228, -43.751683], [-72.352127, -43.755558], [-72.356054, -43.761068], [-72.355238, -43.764965], [-72.356687, -43.772806], [-72.353967, -43.781409], [-72.350399, -43.784708], [-72.350078, -43.785742], [-72.350893, -43.788012], [-72.354112, -43.790459], [-72.35644, -43.795865], [-72.35644, -43.801417], [-72.353007, -43.808982], [-72.358918, -43.81739], [-72.364744, -43.822352], [-72.361927, -43.827188], [-72.362126, -43.831245], [-72.363478, -43.833149], [-72.363328, -43.833908], [-72.357352, -43.837297], [-72.356633, -43.838768], [-72.357405, -43.839944], [-72.357405, -43.841685], [-72.360742, -43.845361], [-72.37161, -43.849021], [-72.374024, -43.855666], [-72.374389, -43.858908], [-72.373735, -43.863503], [-72.371922, -43.868523], [-72.378155, -43.881346], [-72.378899, -43.886555], [-72.37794, -43.890834], [-72.374464, -43.895465], [-72.37499, -43.901325], [-72.376234, -43.902392], [-72.377565, -43.901758], [-72.381159, -43.901812], [-72.387371, -43.903296], [-72.387607, -43.904749], [-72.384185, -43.909271], [-72.383906, -43.911474], [-72.385687, -43.913089], [-72.390171, -43.915424], [-72.397141, -43.921373], [-72.39913, -43.92598], [-72.398036, -43.929882], [-72.398432, -43.931667], [-72.401758, -43.932857], [-72.406774, -43.931001], [-72.410593, -43.933041], [-72.412256, -43.936007], [-72.411451, -43.938202], [-72.40849, -43.940087], [-72.403904, -43.940247], [-72.395938, -43.938775], [-72.392703, -43.939563], [-72.391115, -43.940919], [-72.391099, -43.942143], [-72.393841, -43.944453], [-72.395321, -43.947474], [-72.398593, -43.951251], [-72.399184, -43.953159], [-72.399119, -43.957051], [-72.399822, -43.9587], [-72.402343, -43.96055], [-72.408233, -43.961697], [-72.4211, -43.960628], [-72.424447, -43.961369], [-72.426035, -43.963192], [-72.434712, -43.964762], [-72.438844, -43.964315], [-72.451176, -43.959955], [-72.457377, -43.959955], [-72.459276, -43.961384], [-72.467344, -43.973793], [-72.471507, -43.975507], [-72.477826, -43.97526], [-72.480314, -43.976996], [-72.483156, -43.981012], [-72.497661, -43.985088], [-72.503798, -43.989102], [-72.508427, -43.990974], [-72.512469, -43.991796], [-72.518402, -43.991572], [-72.546082, -43.996157], [-72.549074, -43.997747], [-72.550533, -43.99855], [-72.552464, -44.003242], [-72.552464, -44.010156], [-72.553537, -44.012286], [-72.555468, -44.013613], [-72.558343, -44.013798], [-72.587056, -44.009608], [-72.592807, -44.007771], [-72.598214, -44.004237], [-72.601755, -44.003604], [-72.607527, -44.004931], [-72.611153, -44.010025], [-72.614522, -44.013512], [-72.617955, -44.014886], [-72.62038, -44.014762], [-72.622161, -44.013404], [-72.622976, -44.011074], [-72.622762, -44.00578], [-72.621474, -44.001551], [-72.622397, -43.999452], [-72.624457, -43.999329], [-72.635357, -44.001613], [-72.637203, -44.001196], [-72.638172, -43.999594], [-72.640636, -43.999452], [-72.65276, -44.003048], [-72.659433, -44.003018], [-72.671878, -43.998511], [-72.688142, -43.996834], [-72.692649, -43.99547], [-72.696941, -43.992567], [-72.70016, -43.987488], [-72.703164, -43.984632], [-72.70752, -43.982069], [-72.710631, -43.981035], [-72.718012, -43.979799], [-72.726359, -43.980942], [-72.729321, -43.980247], [-72.73329, -43.977514], [-72.735522, -43.974364], [-72.736273, -43.971677], [-72.735929, -43.969716], [-72.734749, -43.967955], [-72.728269, -43.964866], [-72.728548, -43.963338], [-72.730136, -43.961376], [-72.734277, -43.958549], [-72.743375, -43.959538], [-72.748096, -43.957993], [-72.751508, -43.956093], [-72.757366, -43.948856], [-72.764983, -43.941943], [-72.772729, -43.936488], [-72.77848, -43.934016], [-72.789016, -43.932656], [-72.796161, -43.929565], [-72.796891, -43.927618], [-72.796633, -43.92377], [-72.798479, -43.920447], [-72.801826, -43.918129], [-72.814937, -43.912317], [-72.820601, -43.907354], [-72.823048, -43.903907], [-72.828133, -43.892047], [-72.834281, -43.883503], [-72.836115, -43.881934], [-72.847638, -43.881439], [-72.853518, -43.883171], [-72.856672, -43.885166], [-72.857895, -43.886944], [-72.858002, -43.888661], [-72.855232, -43.894112], [-72.854397, -43.897537], [-72.854698, -43.899207], [-72.856243, -43.900397], [-72.874653, -43.896006], [-72.880447, -43.893223], [-72.884191, -43.889133], [-72.884974, -43.885993], [-72.884352, -43.883418], [-72.882593, -43.881207], [-72.879546, -43.879211], [-72.86783, -43.874587], [-72.867379, -43.873566], [-72.867894, -43.87256], [-72.871284, -43.871422]], [[-72.871284, -43.871422], [-72.888257, -43.870008], [-72.896562, -43.87072], [-72.907846, -43.870604], [-72.913082, -43.869429], [-72.923982, -43.861013], [-72.934005, -43.856363], [-72.946311, -43.852139], [-72.947427, -43.846869], [-72.951019, -43.841131], [-72.953722, -43.829016], [-72.954605, -43.82719], [-72.962737, -43.814123], [-72.967887, -43.807759], [-72.969947, -43.803593], [-72.971449, -43.795633], [-72.971384, -43.784774], [-72.976642, -43.768862]], [[-71.745544, -43.585435], [-71.748041, -43.589836], [-71.751721, -43.590916], [-71.755219, -43.593947], [-71.773887, -43.596511], [-71.785206, -43.600419], [-71.792683, -43.601574], [-71.802618, -43.60622], [-71.812306, -43.604285], [-71.818153, -43.605963], [-71.81811, -43.609218], [-71.816801, -43.613312], [-71.816791, -43.615899], [-71.817982, -43.618159], [-71.82267, -43.618439], [-71.824698, -43.617747], [-71.829676, -43.614625], [-71.831382, -43.612302], [-71.832551, -43.61179], [-71.840523, -43.615899], [-71.846822, -43.615894], [-71.851402, -43.620303], [-71.854803, -43.621561], [-71.858064, -43.621468], [-71.861803, -43.61958], [-71.864061, -43.62019], [-71.86964, -43.619611], [-71.879983, -43.616819], [-71.883888, -43.616982], [-71.886683, -43.619044], [-71.88914, -43.623891], [-71.892868, -43.626027], [-71.893469, -43.631653], [-71.898759, -43.636658], [-71.901323, -43.638374], [-71.908005, -43.640727], [-71.91171, -43.643369], [-71.916806, -43.645015], [-71.919188, -43.647571], [-71.924573, -43.646466], [-71.930678, -43.646466], [-71.9335, -43.644417], [-71.936397, -43.644937], [-71.939186, -43.647313], [-71.940066, -43.647398], [-71.949271, -43.646544], [-71.95264, -43.645589], [-71.956953, -43.646055]], [[-71.228524, -43.738904], [-71.228551, -43.7377], [-71.232661, -43.736824], [-71.241501, -43.731443], [-71.240985, -43.730296], [-71.238501, -43.730058], [-71.235939, -43.727895], [-71.231512, -43.728315], [-71.229273, -43.727545], [-71.228848, -43.726338], [-71.229286, -43.725601], [-71.232919, -43.725237], [-71.23401, -43.724015], [-71.233561, -43.719656], [-71.242169, -43.716615], [-71.247422, -43.716596], [-71.248389, -43.714357], [-71.249899, -43.713854], [-71.251242, -43.715645], [-71.250545, -43.718518], [-71.252325, -43.718704], [-71.252119, -43.71696], [-71.253642, -43.716839], [-71.255675, -43.721817], [-71.257081, -43.721845], [-71.259301, -43.720782], [-71.262682, -43.721043], [-71.262992, -43.720278], [-71.261056, -43.719374], [-71.261211, -43.718833], [-71.266063, -43.71998], [-71.266476, -43.71956], [-71.266115, -43.717406], [-71.271083, -43.716921], [-71.272748, -43.714066], [-71.276426, -43.714523], [-71.278594, -43.713833], [-71.278878, -43.712658], [-71.276478, -43.712658], [-71.276813, -43.711343], [-71.280091, -43.710783], [-71.284324, -43.70846], [-71.285511, -43.709169], [-71.284866, -43.711454], [-71.285615, -43.711883], [-71.286195, -43.710344], [-71.288776, -43.707863], [-71.289228, -43.706118], [-71.295035, -43.706398], [-71.29572, -43.704588], [-71.294829, -43.701957], [-71.29519, -43.701491], [-71.299533, -43.701826], [-71.308804, -43.699121], [-71.309443, -43.698185], [-71.307417, -43.697432], [-71.307107, -43.69668], [-71.310538, -43.695255], [-71.310739, -43.693131], [-71.319463, -43.690716], [-71.319682, -43.690161], [-71.318313, -43.689092], [-71.318715, -43.688327], [-71.324062, -43.686413], [-71.329701, -43.68743], [-71.333206, -43.687086], [-71.335742, -43.688235], [-71.335688, -43.689911], [-71.336472, -43.690834], [-71.340707, -43.690531], [-71.345689, -43.691098], [-71.358629, -43.694041], [-71.361056, -43.694094], [-71.365725, -43.696917], [-71.367043, -43.699206], [-71.368647, -43.699162], [-71.370925, -43.700902], [-71.373841, -43.701575], [-71.376749, -43.704104], [-71.375984, -43.705019], [-71.376263, -43.705728], [-71.380525, -43.705981], [-71.383655, -43.707179], [-71.385161, -43.706695], [-71.390283, -43.70176], [-71.392716, -43.700765], [-71.396307, -43.697473], [-71.397625, -43.695527], [-71.397276, -43.692814], [-71.399517, -43.69125], [-71.401062, -43.687618], [-71.406081, -43.683401], [-71.40538, -43.681627], [-71.40342, -43.681489], [-71.401843, -43.679184], [-71.403215, -43.677632], [-71.401254, -43.675953], [-71.401705, -43.674242], [-71.401074, -43.672319], [-71.402249, -43.669787], [-71.400646, -43.666044], [-71.402389, -43.661923], [-71.400672, -43.659024], [-71.403295, -43.65439], [-71.408451, -43.651653], [-71.408735, -43.650904], [-71.408107, -43.649662], [-71.41168, -43.647791], [-71.409373, -43.646196], [-71.407045, -43.64125], [-71.403494, -43.637981], [-71.401863, -43.632604], [-71.402818, -43.629983], [-71.400951, -43.627242], [-71.402668, -43.626011], [-71.406418, -43.618815], [-71.409609, -43.617378], [-71.411954, -43.614252], [-71.412646, -43.612516], [-71.412007, -43.60829], [-71.419369, -43.605576], [-71.419106, -43.603131], [-71.417791, -43.60181], [-71.417982, -43.600529], [-71.421063, -43.597251], [-71.422843, -43.597855], [-71.42469, -43.596093], [-71.426616, -43.59606], [-71.430379, -43.597659], [-71.430593, -43.594404], [-71.433759, -43.593441], [-71.434705, -43.591614], [-71.43457, -43.590031], [-71.436785, -43.585687]], [[-71.365831, -43.897594], [-71.365759, -43.896819], [-71.367333, -43.894499], [-71.370102, -43.893946], [-71.371715, -43.892858], [-71.371715, -43.891486], [-71.370785, -43.890579], [-71.368818, -43.890156], [-71.365527, -43.891728], [-71.360094, -43.889714], [-71.357106, -43.890216], [-71.357048, -43.887012], [-71.353389, -43.886054], [-71.352143, -43.885146], [-71.348814, -43.885076], [-71.348388, -43.883904], [-71.349649, -43.882241], [-71.348836, -43.881608], [-71.346339, -43.881943], [-71.346365, -43.879822], [-71.345804, -43.879227], [-71.343287, -43.879948], [-71.341945, -43.879525], [-71.341648, -43.878464], [-71.34341, -43.877222], [-71.343461, -43.876329], [-71.341829, -43.875962], [-71.340041, -43.876469], [-71.339474, -43.875748], [-71.34008, -43.874701], [-71.342113, -43.873915], [-71.341693, -43.873092], [-71.337338, -43.873385], [-71.327614, -43.871478], [-71.325626, -43.869561], [-71.32593, -43.868682], [-71.327633, -43.868128], [-71.327511, -43.867533], [-71.320974, -43.868291], [-71.320768, -43.866407], [-71.318083, -43.86697], [-71.314967, -43.865054], [-71.314947, -43.863876], [-71.314341, -43.86349], [-71.312185, -43.863849], [-71.310597, -43.865996], [-71.309639, -43.866371], [-71.303005, -43.867266], [-71.299647, -43.866614], [-71.295595, -43.86793], [-71.29304, -43.870713], [-71.290877, -43.875798], [-71.286634, -43.878455], [-71.28553, -43.880646], [-71.281852, -43.882238], [-71.277992, -43.881257], [-71.275729, -43.879317], [-71.276085, -43.875857], [-71.273795, -43.872239], [-71.268119, -43.869595], [-71.265354, -43.869285], [-71.261758, -43.870108], [-71.256849, -43.867022], [-71.256977, -43.866285], [-71.259824, -43.8652], [-71.259687, -43.863818], [-71.257241, -43.862154], [-71.254111, -43.862377], [-71.25141, -43.861318], [-71.251465, -43.860522], [-71.255225, -43.858166], [-71.254942, -43.855541], [-71.25705, -43.853554], [-71.253901, -43.850119], [-71.253865, -43.849322], [-71.254723, -43.848928], [-71.257187, -43.849428], [-71.257643, -43.848335], [-71.256767, -43.846275], [-71.255024, -43.846604], [-71.25194, -43.845644], [-71.251255, -43.843202], [-71.258336, -43.843485], [-71.258738, -43.842879], [-71.257971, -43.841556], [-71.255307, -43.842011], [-71.25329, -43.841194], [-71.25068, -43.841918], [-71.249348, -43.840721], [-71.252149, -43.838917], [-71.251638, -43.837561], [-71.250251, -43.837331], [-71.248892, -43.838279], [-71.244664, -43.83845], [-71.244073, -43.837686], [-71.245124, -43.835973], [-71.243449, -43.836109], [-71.240151, -43.834548], [-71.23789, -43.834754], [-71.234437, -43.83284], [-71.234245, -43.831911], [-71.235732, -43.831343], [-71.235187, -43.830565], [-71.237687, -43.830132], [-71.23847, -43.828092], [-71.237574, -43.826595], [-71.23391, -43.827946], [-71.233822, -43.824394], [-71.23292, -43.823093], [-71.232004, -43.822934], [-71.231129, -43.824858], [-71.227944, -43.826676], [-71.223583, -43.827568], [-71.220566, -43.824049], [-71.219431, -43.824142], [-71.219489, -43.82519], [-71.21876, -43.825315], [-71.215456, -43.821963], [-71.213236, -43.822531], [-71.21058, -43.820534], [-71.210192, -43.818262], [-71.212433, -43.817393], [-71.212875, -43.816185], [-71.212725, -43.814809], [-71.211114, -43.813831], [-71.213147, -43.812197], [-71.212557, -43.81137], [-71.210521, -43.812083], [-71.209304, -43.811338], [-71.210463, -43.808646], [-71.212053, -43.807384], [-71.212163, -43.805831], [-71.215883, -43.804576], [-71.217247, -43.803419], [-71.223486, -43.805148], [-71.224317, -43.806887], [-71.224855, -43.80341], [-71.227812, -43.803502], [-71.228441, -43.804134], [-71.228314, -43.805115], [-71.226087, -43.806347], [-71.225813, -43.807144], [-71.230385, -43.807815], [-71.235988, -43.806683], [-71.235486, -43.804365], [-71.23618, -43.803673], [-71.239685, -43.803671], [-71.243098, -43.805456], [-71.244677, -43.808999], [-71.244385, -43.81046], [-71.245307, -43.811218], [-71.246456, -43.810908], [-71.248984, -43.808531], [-71.251585, -43.808715], [-71.252443, -43.804843], [-71.255509, -43.805739], [-71.255682, -43.802749], [-71.259807, -43.800345], [-71.264516, -43.7991], [-71.263822, -43.796808], [-71.264342, -43.793982], [-71.263868, -43.792256], [-71.264634, -43.789522], [-71.264005, -43.787816], [-71.267272, -43.785306], [-71.268768, -43.781004], [-71.267272, -43.778125], [-71.267746, -43.772643], [-71.265839, -43.769348], [-71.262143, -43.769111], [-71.258456, -43.771062], [-71.255116, -43.769249], [-71.249933, -43.769987], [-71.247561, -43.771404], [-71.245746, -43.77163], [-71.241572, -43.766669], [-71.240629, -43.761804], [-71.237526, -43.757787], [-71.235383, -43.75245], [-71.233557, -43.751802], [-71.231699, -43.752856], [-71.230292, -43.7528], [-71.228737, -43.751742], [-71.227189, -43.751798], [-71.224827, -43.750031], [-71.225885, -43.742568], [-71.228757, -43.740573], [-71.228524, -43.738904]], [[-71.42525, -43.89875], [-71.421165, -43.895364], [-71.414353, -43.894815], [-71.411992, -43.896717], [-71.407722, -43.898683], [-71.405469, -43.902963], [-71.400405, -43.907539], [-71.398603, -43.907354], [-71.398002, -43.905127], [-71.395835, -43.903098], [-71.394954, -43.903087], [-71.393217, -43.904752], [-71.391821, -43.9025], [-71.394579, -43.899183], [-71.394129, -43.898042], [-71.398903, -43.888335], [-71.398002, -43.885351], [-71.395932, -43.884074], [-71.39496, -43.884422], [-71.393574, -43.886501], [-71.389032, -43.889529], [-71.386866, -43.892147], [-71.378728, -43.894502], [-71.377008, -43.89564], [-71.375857, -43.898618], [-71.374251, -43.900349], [-71.372588, -43.900262], [-71.368991, -43.897428], [-71.367188, -43.898541], [-71.365831, -43.897594]]]}}, {"type": "Feature", "properties": {"id": "rio-yelcho", "name": "Río Yelcho", "type": "river", "region": "los-lagos", "season": "2026-2027", "opens": "2026-11-01", "closes": "2027-05-02", "cat": "nov-early", "rule_level": "waterbody", "phases": [{"s": "2026-11-01", "e": "2027-05-02", "mode": "retention", "label": "Pesca con retención: 1 ejemplar de salmón salar, coho o chinook"}], "veda": [], "gear": ["Señuelo artificial, máximo un anzuelo simple sin rebarba. Parte superior del río Futaleufú (límite internacional hasta sector \"Sofía\") con devolución obligatoria de todos los salmonídeos. Chinguillo máx. 100/70 cm."], "prohibitions": ["Prohibida pesca desde puentes/caminos. Prohibidos bicheros/arpones/lanzas. Prohibida pesca nocturna 22:00-06:00. Prohibida pesca en sector \"Los Patos\" del río Petrohué. Prohibida pesca con motor encendido en todo el río Petrohué."], "sources": [{"doc": "Resolución Exenta N° 2428, de 27 de octubre de 2025, DZ Los Lagos", "url": null}]}, "geometry": {"type": "MultiLineString", "coordinates": [[[-72.435705, -43.176564], [-72.439004, -43.175299], [-72.438129, -43.172815], [-72.438081, -43.168703], [-72.439859, -43.165656], [-72.443909, -43.162924], [-72.45058, -43.15505], [-72.450843, -43.153751], [-72.449738, -43.151787], [-72.449424, -43.147505], [-72.452731, -43.141673], [-72.452857, -43.137735], [-72.453887, -43.133727], [-72.45629, -43.129968], [-72.460481, -43.12559], [-72.466271, -43.123273], [-72.470069, -43.123117], [-72.472236, -43.123931], [-72.47345, -43.127743], [-72.477449, -43.12681], [-72.479928, -43.125089], [-72.480831, -43.121775], [-72.480212, -43.117367], [-72.480736, -43.107311], [-72.484424, -43.10244], [-72.487557, -43.096549], [-72.490776, -43.093446], [-72.494672, -43.091132], [-72.502578, -43.089153], [-72.505968, -43.086113], [-72.506182, -43.081631], [-72.506912, -43.080502], [-72.508768, -43.079585], [-72.51365, -43.078841], [-72.524765, -43.080596], [-72.529314, -43.079907], [-72.532318, -43.077775], [-72.536009, -43.070063], [-72.54236, -43.062915], [-72.54339, -43.06003], [-72.543218, -43.058463], [-72.546339, -43.054786], [-72.555063, -43.050874], [-72.562638, -43.050074], [-72.566929, -43.048569], [-72.572842, -43.04533], [-72.58209, -43.043323], [-72.59136, -43.038461], [-72.598527, -43.037143], [-72.613311, -43.037253], [-72.622967, -43.035842], [-72.634468, -43.03123], [-72.639082, -43.027482], [-72.641957, -43.026493], [-72.644382, -43.026258], [-72.65363, -43.029238], [-72.656098, -43.029803], [-72.657803, -43.029449], [-72.662127, -43.026384], [-72.663029, -43.024093], [-72.66275, -43.021756], [-72.652933, -43.007068], [-72.652204, -43.00415], [-72.651817, -43.000383], [-72.652418, -42.997056], [-72.655744, -42.994326], [-72.659606, -42.992411], [-72.662718, -42.992097], [-72.67512, -42.993117], [-72.679519, -42.992113], [-72.685806, -42.988377], [-72.687416, -42.988048], [-72.693896, -42.989727], [-72.700269, -42.990009], [-72.709324, -42.98924], [-72.717122, -42.987635], [-72.719547, -42.98612], [-72.720544, -42.984605], [-72.720276, -42.975571], [-72.721381, -42.973075], [-72.724106, -42.970453], [-72.729127, -42.96805], [-72.738451, -42.96524], [-72.742646, -42.963183], [-72.749737, -42.954884], [-72.753566, -42.954558], [-72.757738, -42.955411], [-72.763921, -42.955449], [-72.767086, -42.954342], [-72.769082, -42.952732], [-72.77024, -42.950706]], [[-72.435705, -43.176564], [-72.439004, -43.175299], [-72.438129, -43.172815], [-72.438081, -43.168703], [-72.439859, -43.165656], [-72.443909, -43.162924], [-72.45058, -43.15505], [-72.450843, -43.153751], [-72.449738, -43.151787], [-72.449424, -43.147505], [-72.452731, -43.141673], [-72.452857, -43.137735], [-72.453887, -43.133727], [-72.45629, -43.129968], [-72.460481, -43.12559], [-72.466271, -43.123273], [-72.470069, -43.123117], [-72.472236, -43.123931], [-72.47345, -43.127743], [-72.477449, -43.12681], [-72.479928, -43.125089], [-72.480831, -43.121775], [-72.480212, -43.117367], [-72.480736, -43.107311], [-72.484424, -43.10244], [-72.487557, -43.096549], [-72.490776, -43.093446], [-72.494672, -43.091132], [-72.502578, -43.089153], [-72.505968, -43.086113], [-72.506182, -43.081631], [-72.506912, -43.080502], [-72.508768, -43.079585], [-72.51365, -43.078841], [-72.524765, -43.080596], [-72.529314, -43.079907], [-72.532318, -43.077775], [-72.536009, -43.070063], [-72.54236, -43.062915], [-72.54339, -43.06003], [-72.543218, -43.058463], [-72.546339, -43.054786], [-72.555063, -43.050874], [-72.562638, -43.050074], [-72.566929, -43.048569], [-72.572842, -43.04533], [-72.58209, -43.043323], [-72.59136, -43.038461], [-72.598527, -43.037143], [-72.613311, -43.037253], [-72.622967, -43.035842], [-72.634468, -43.03123], [-72.639082, -43.027482], [-72.641957, -43.026493], [-72.644382, -43.026258], [-72.65363, -43.029238], [-72.656098, -43.029803], [-72.657803, -43.029449], [-72.662127, -43.026384], [-72.663029, -43.024093], [-72.66275, -43.021756], [-72.652933, -43.007068], [-72.652204, -43.00415], [-72.651817, -43.000383], [-72.652418, -42.997056], [-72.655744, -42.994326], [-72.659606, -42.992411], [-72.662718, -42.992097], [-72.67512, -42.993117], [-72.679519, -42.992113], [-72.685806, -42.988377], [-72.687416, -42.988048], [-72.693896, -42.989727], [-72.700269, -42.990009], [-72.709324, -42.98924], [-72.717122, -42.987635], [-72.719547, -42.98612], [-72.720544, -42.984605], [-72.720276, -42.975571], [-72.721381, -42.973075], [-72.724106, -42.970453], [-72.729127, -42.96805], [-72.738451, -42.96524], [-72.742646, -42.963183], [-72.749737, -42.954884], [-72.753566, -42.954558], [-72.757738, -42.955411], [-72.763921, -42.955449], [-72.767086, -42.954342], [-72.769082, -42.952732], [-72.77024, -42.950706]]]}}, {"type": "Feature", "properties": {"id": "rio-espolon", "name": "Río Espolón", "type": "river", "region": "los-lagos", "season": "2026-2027", "opens": "2026-11-01", "closes": "2027-05-02", "cat": "nov-early", "rule_level": "waterbody", "phases": [{"s": "2026-11-01", "e": "2027-05-02", "mode": "retention", "label": "Pesca con retención: 1 ejemplar de salmón salar, coho o chinook"}], "veda": [], "gear": ["Señuelo artificial, máximo un anzuelo simple sin rebarba. Parte superior del río Futaleufú (límite internacional hasta sector \"Sofía\") con devolución obligatoria de todos los salmonídeos. Chinguillo máx. 100/70 cm."], "prohibitions": ["Prohibida pesca desde puentes/caminos. Prohibidos bicheros/arpones/lanzas. Prohibida pesca nocturna 22:00-06:00. Prohibida pesca en sector \"Los Patos\" del río Petrohué. Prohibida pesca con motor encendido en todo el río Petrohué."], "sources": [{"doc": "Resolución Exenta N° 2428, de 27 de octubre de 2025, DZ Los Lagos", "url": null}]}, "geometry": {"type": "MultiLineString", "coordinates": [[[-71.943779, -43.214004], [-71.937955, -43.214613], [-71.92865, -43.21372], [-71.927672, -43.213386], [-71.927405, -43.210464], [-71.926629, -43.209241], [-71.924568, -43.207871], [-71.922586, -43.208514], [-71.921049, -43.210777], [-71.916568, -43.208841], [-71.914415, -43.206776], [-71.912663, -43.202474], [-71.911467, -43.201645], [-71.912094, -43.199287], [-71.911644, -43.197758], [-71.906623, -43.194973], [-71.905968, -43.193135], [-71.902755, -43.191813], [-71.899188, -43.18868], [-71.898034, -43.185239], [-71.893547, -43.181188], [-71.891047, -43.180692], [-71.888789, -43.179072], [-71.885229, -43.179809], [-71.878411, -43.182868], [-71.875348, -43.186283], [-71.872022, -43.188806], [-71.871604, -43.189795], [-71.873449, -43.19179], [-71.873953, -43.193061], [-71.873572, -43.193906], [-71.868431, -43.193217], [-71.86257, -43.196338], [-71.862967, -43.197672], [-71.865633, -43.198669], [-71.868723, -43.196807], [-71.870912, -43.199412], [-71.868997, -43.199963], [-71.861932, -43.204448], [-71.857141, -43.204366]], [[-71.868723, -43.196807], [-71.870633, -43.196866], [-71.871759, -43.197601], [-71.870912, -43.199412]], [[-72.151927, -42.950148], [-72.152702, -42.95144], [-72.152083, -42.952306], [-72.152347, -42.954791], [-72.151402, -42.95564], [-72.153337, -42.958507], [-72.152283, -42.960333], [-72.150541, -42.96103], [-72.150488, -42.96218], [-72.151515, -42.961853], [-72.151904, -42.962775], [-72.149688, -42.963703], [-72.149419, -42.966577], [-72.149958, -42.968394], [-72.149084, -42.969411], [-72.148781, -42.971289], [-72.14649, -42.972498], [-72.146922, -42.973269], [-72.145865, -42.973091], [-72.144347, -42.975249], [-72.141442, -42.975104], [-72.140876, -42.974356], [-72.141314, -42.973534], [-72.140445, -42.973232], [-72.13924, -42.976187], [-72.137421, -42.976583], [-72.136413, -42.977946], [-72.136263, -42.979804], [-72.134552, -42.980285], [-72.133988, -42.981052], [-72.132269, -42.981158], [-72.131459, -42.981911], [-72.131614, -42.983008], [-72.130086, -42.98237], [-72.128838, -42.983856], [-72.127245, -42.983903], [-72.124048, -42.987188], [-72.119982, -42.98748], [-72.118728, -42.989672], [-72.117441, -42.989484], [-72.115644, -42.990591], [-72.11356, -42.990863], [-72.108721, -42.990549], [-72.104904, -42.99502], [-72.09896, -42.996319], [-72.098684, -42.997108], [-72.099677, -42.998104], [-72.094413, -43.001507], [-72.091647, -43.002026], [-72.09179, -43.003914], [-72.093032, -43.005464], [-72.092406, -43.006841], [-72.090183, -43.006101], [-72.086874, -43.007242], [-72.083565, -43.007061], [-72.081766, -43.008288], [-72.079411, -43.008805], [-72.07705, -43.010994], [-72.076825, -43.01383], [-72.075387, -43.014042], [-72.07432, -43.015756], [-72.072147, -43.016501], [-72.071965, -43.017986], [-72.066659, -43.019541], [-72.065031, -43.022512], [-72.062873, -43.020089], [-72.060529, -43.020451], [-72.062199, -43.026208], [-72.056166, -43.027365], [-72.059015, -43.030249], [-72.056668, -43.030857], [-72.052194, -43.030686], [-72.051027, -43.033523], [-72.052216, -43.034538], [-72.051322, -43.035793], [-72.051765, -43.037298], [-72.050799, -43.037957], [-72.04767, -43.038063], [-72.049003, -43.039727], [-72.047826, -43.041134], [-72.044898, -43.041054], [-72.042647, -43.042268], [-72.04289, -43.042677], [-72.046642, -43.041971], [-72.048886, -43.042687], [-72.045895, -43.044786], [-72.044551, -43.047403], [-72.04143, -43.048756], [-72.038648, -43.048713], [-72.037945, -43.051438], [-72.036968, -43.051445], [-72.035283, -43.050166], [-72.034232, -43.050317], [-72.034299, -43.054065], [-72.035527, -43.055379], [-72.03379, -43.055597], [-72.033141, -43.056658], [-72.033839, -43.057957], [-72.033389, -43.061249], [-72.030207, -43.062997], [-72.030373, -43.064136], [-72.029628, -43.064709], [-72.027138, -43.065449], [-72.02599, -43.068443], [-72.026945, -43.069035], [-72.029906, -43.068671], [-72.027541, -43.070364], [-72.028007, -43.071884], [-72.027149, -43.072527], [-72.029606, -43.075195], [-72.030164, -43.07735], [-72.028937, -43.079484], [-72.029918, -43.080635], [-72.029983, -43.083225], [-72.026311, -43.088219], [-72.027228, -43.088894], [-72.029795, -43.088757], [-72.030412, -43.089259], [-72.030047, -43.093313], [-72.028452, -43.093933], [-72.027744, -43.095557], [-72.028491, -43.096652], [-72.030565, -43.096221], [-72.031524, -43.097009], [-72.030529, -43.100141], [-72.028586, -43.100521], [-72.02917, -43.102288], [-72.031549, -43.103167], [-72.02968, -43.105425], [-72.034872, -43.107537], [-72.035516, -43.108498], [-72.031973, -43.108379], [-72.031166, -43.109947], [-72.027036, -43.112141], [-72.026367, -43.113451], [-72.027974, -43.11536]], [[-72.027974, -43.11536], [-72.022634, -43.117353], [-72.021303, -43.118575], [-72.021571, -43.119992], [-72.02501, -43.123516]], [[-72.188555, -42.896073], [-72.185562, -42.89845], [-72.183773, -42.901197], [-72.181302, -42.902109], [-72.180643, -42.90361], [-72.176759, -42.905759], [-72.172837, -42.906592], [-72.171384, -42.908793], [-72.165595, -42.91214], [-72.162849, -42.912403], [-72.159045, -42.914266], [-72.158412, -42.915291], [-72.151015, -42.918344], [-72.144213, -42.924735], [-72.144181, -42.926243], [-72.142957, -42.927194], [-72.143086, -42.927826], [-72.141772, -42.928451], [-72.140399, -42.930415], [-72.139315, -42.93056], [-72.139637, -42.934063], [-72.138843, -42.9349], [-72.139953, -42.936707], [-72.140066, -42.938446], [-72.140887, -42.939039], [-72.141091, -42.940669], [-72.143741, -42.943359], [-72.148349, -42.945884], [-72.148252, -42.948311], [-72.150623, -42.949944], [-72.151927, -42.950148]], [[-71.943779, -43.214004], [-71.937955, -43.214613], [-71.92865, -43.21372], [-71.927672, -43.213386], [-71.927405, -43.210464], [-71.926629, -43.209241], [-71.924568, -43.207871], [-71.922586, -43.208514], [-71.921049, -43.210777], [-71.916568, -43.208841], [-71.914415, -43.206776], [-71.912663, -43.202474], [-71.911467, -43.201645], [-71.912094, -43.199287], [-71.911644, -43.197758], [-71.906623, -43.194973], [-71.905968, -43.193135], [-71.902755, -43.191813], [-71.899188, -43.18868], [-71.898034, -43.185239], [-71.893547, -43.181188], [-71.891047, -43.180692], [-71.888789, -43.179072], [-71.885229, -43.179809], [-71.878411, -43.182868], [-71.875348, -43.186283], [-71.872022, -43.188806], [-71.871604, -43.189795], [-71.873449, -43.19179], [-71.873953, -43.193061], [-71.873572, -43.193906], [-71.868431, -43.193217], [-71.86257, -43.196338], [-71.862967, -43.197672], [-71.865633, -43.198669], [-71.868723, -43.196807], [-71.870912, -43.199412], [-71.868997, -43.199963], [-71.861932, -43.204448], [-71.857141, -43.204366]], [[-72.02501, -43.123516], [-72.027408, -43.126711], [-72.027912, -43.129037], [-72.027462, -43.132967], [-72.024994, -43.13898], [-72.0192, -43.14875], [-71.995812, -43.180333], [-71.990018, -43.190644], [-71.9871, -43.198356], [-71.984396, -43.203017], [-71.978753, -43.20821], [-71.969097, -43.212433], [-71.951587, -43.214215], [-71.943779, -43.214004]], [[-72.027974, -43.11536], [-72.022634, -43.117353], [-72.021303, -43.118575], [-72.021571, -43.119992], [-72.02501, -43.123516]], [[-72.151927, -42.950148], [-72.152702, -42.95144], [-72.152083, -42.952306], [-72.152347, -42.954791], [-72.151402, -42.95564], [-72.153337, -42.958507], [-72.152283, -42.960333], [-72.150541, -42.96103], [-72.150488, -42.96218], [-72.151515, -42.961853], [-72.151904, -42.962775], [-72.149688, -42.963703], [-72.149419, -42.966577], [-72.149958, -42.968394], [-72.149084, -42.969411], [-72.148781, -42.971289], [-72.14649, -42.972498], [-72.146922, -42.973269], [-72.145865, -42.973091], [-72.144347, -42.975249], [-72.141442, -42.975104], [-72.140876, -42.974356], [-72.141314, -42.973534], [-72.140445, -42.973232], [-72.13924, -42.976187], [-72.137421, -42.976583], [-72.136413, -42.977946], [-72.136263, -42.979804], [-72.134552, -42.980285], [-72.133988, -42.981052], [-72.132269, -42.981158], [-72.131459, -42.981911], [-72.131614, -42.983008], [-72.130086, -42.98237], [-72.128838, -42.983856], [-72.127245, -42.983903], [-72.124048, -42.987188], [-72.119982, -42.98748], [-72.118728, -42.989672], [-72.117441, -42.989484], [-72.115644, -42.990591], [-72.11356, -42.990863], [-72.108721, -42.990549], [-72.104904, -42.99502], [-72.09896, -42.996319], [-72.098684, -42.997108], [-72.099677, -42.998104], [-72.094413, -43.001507], [-72.091647, -43.002026], [-72.09179, -43.003914], [-72.093032, -43.005464], [-72.092406, -43.006841], [-72.090183, -43.006101], [-72.086874, -43.007242], [-72.083565, -43.007061], [-72.081766, -43.008288], [-72.079411, -43.008805], [-72.07705, -43.010994], [-72.076825, -43.01383], [-72.075387, -43.014042], [-72.07432, -43.015756], [-72.072147, -43.016501], [-72.071965, -43.017986], [-72.066659, -43.019541], [-72.065031, -43.022512], [-72.062873, -43.020089], [-72.060529, -43.020451], [-72.062199, -43.026208], [-72.056166, -43.027365], [-72.059015, -43.030249], [-72.056668, -43.030857], [-72.052194, -43.030686], [-72.051027, -43.033523], [-72.052216, -43.034538], [-72.051322, -43.035793], [-72.051765, -43.037298], [-72.050799, -43.037957], [-72.04767, -43.038063], [-72.049003, -43.039727], [-72.047826, -43.041134], [-72.044898, -43.041054], [-72.042647, -43.042268], [-72.04289, -43.042677], [-72.046642, -43.041971], [-72.048886, -43.042687], [-72.045895, -43.044786], [-72.044551, -43.047403], [-72.04143, -43.048756], [-72.038648, -43.048713], [-72.037945, -43.051438], [-72.036968, -43.051445], [-72.035283, -43.050166], [-72.034232, -43.050317], [-72.034299, -43.054065], [-72.035527, -43.055379], [-72.03379, -43.055597], [-72.033141, -43.056658], [-72.033839, -43.057957], [-72.033389, -43.061249], [-72.030207, -43.062997], [-72.030373, -43.064136], [-72.029628, -43.064709], [-72.027138, -43.065449], [-72.02599, -43.068443], [-72.026945, -43.069035], [-72.029906, -43.068671], [-72.027541, -43.070364], [-72.028007, -43.071884], [-72.027149, -43.072527], [-72.029606, -43.075195], [-72.030164, -43.07735], [-72.028937, -43.079484], [-72.029918, -43.080635], [-72.029983, -43.083225], [-72.026311, -43.088219], [-72.027228, -43.088894], [-72.029795, -43.088757], [-72.030412, -43.089259], [-72.030047, -43.093313], [-72.028452, -43.093933], [-72.027744, -43.095557], [-72.028491, -43.096652], [-72.030565, -43.096221], [-72.031524, -43.097009], [-72.030529, -43.100141], [-72.028586, -43.100521], [-72.02917, -43.102288], [-72.031549, -43.103167], [-72.02968, -43.105425], [-72.034872, -43.107537], [-72.035516, -43.108498], [-72.031973, -43.108379], [-72.031166, -43.109947], [-72.027036, -43.112141], [-72.026367, -43.113451], [-72.027974, -43.11536]], [[-72.188555, -42.896073], [-72.185562, -42.89845], [-72.183773, -42.901197], [-72.181302, -42.902109], [-72.180643, -42.90361], [-72.176759, -42.905759], [-72.172837, -42.906592], [-72.171384, -42.908793], [-72.165595, -42.91214], [-72.162849, -42.912403], [-72.159045, -42.914266], [-72.158412, -42.915291], [-72.151015, -42.918344], [-72.144213, -42.924735], [-72.144181, -42.926243], [-72.142957, -42.927194], [-72.143086, -42.927826], [-72.141772, -42.928451], [-72.140399, -42.930415], [-72.139315, -42.93056], [-72.139637, -42.934063], [-72.138843, -42.9349], [-72.139953, -42.936707], [-72.140066, -42.938446], [-72.140887, -42.939039], [-72.141091, -42.940669], [-72.143741, -42.943359], [-72.148349, -42.945884], [-72.148252, -42.948311], [-72.150623, -42.949944], [-72.151927, -42.950148]]]}}, {"type": "Feature", "properties": {"id": "laguna-candelaria", "name": "Laguna Candelaria", "type": "lake", "region": "los-lagos", "season": "2026-2027", "opens": "2026-11-13", "closes": "2027-05-16", "cat": "nov", "rule_level": "waterbody", "phases": [{"s": "2026-11-13", "e": "2027-05-16", "mode": "catch_and_release", "label": "Pesca con devolución obligatoria"}], "veda": [], "gear": ["Solo mosca artificial, anzuelos sin rebarba. Solo motores eléctricos."], "prohibitions": [], "sources": [{"doc": "Resolución Exenta N° 2075, de 28 de agosto de 2025, DZ Los Lagos", "url": null}]}, "geometry": {"type": "MultiPolygon", "coordinates": [[[[-72.3198, -41.680853], [-72.31818, -41.682192], [-72.316387, -41.685463], [-72.316709, -41.686305], [-72.315766, -41.688385], [-72.316238, -41.689162], [-72.315316, -41.690316], [-72.315563, -41.692591], [-72.314016, -41.694725], [-72.314273, -41.696183], [-72.315228, -41.696912], [-72.316217, -41.696533], [-72.316773, -41.694509], [-72.31802, -41.694282], [-72.31965, -41.68897], [-72.321676, -41.687042], [-72.322408, -41.684595], [-72.32217, -41.683156], [-72.32026, -41.682651], [-72.320636, -41.681313], [-72.3198, -41.680853]]]]}}, {"type": "Feature", "properties": {"id": "rio-aysen", "name": "Río Aysén", "type": "river", "region": "aysen", "season": "2026-2027", "opens": "2026-10-12", "closes": "2027-05-06", "cat": "oct", "rule_level": "region", "phases": [{"s": "2026-10-12", "e": "2026-11-30", "mode": "catch_and_release", "label": "Pesca con devolución obligatoria"}, {"s": "2026-10-12", "e": "2027-01-15", "mode": "retention", "label": "Pesca con retención: 2 ejemplares sin límite de peso (salmon chinook)"}, {"s": "2026-12-01", "e": "2027-02-28", "mode": "retention", "label": "Pesca con retención: 3 ejemplares o hasta 15 kilos"}, {"s": "2027-03-01", "e": "2027-05-06", "mode": "catch_and_release", "label": "Pesca con devolución obligatoria"}], "veda": ["Prohibida cualquier actividad de pesca del 07 de mayo al 11 de octubre (años 2025-2027).", "Veda biológica del chinook: 16 de enero al 11 de octubre (años 2025-2027)."], "gear": ["Señuelos artificiales. Chinguillo."], "prohibitions": ["Prohibida la extracción todo el año en zonas de protección de desove: río Ñirehuao (sector Mañihuales) y río Mañihuales (sector El Toqui) — desove de salmón chinook abril-mayo — entre otras."], "sources": [{"doc": "Res. Ex. N° 3004, 31 dic 2024 (mod. Res. Ex. N° 893, 08 abr 2025), DZ Aysén", "url": null}]}, "geometry": {"type": "MultiLineString", "coordinates": [[[-72.499026, -45.406394], [-72.500989, -45.409026], [-72.507663, -45.411097], [-72.514383, -45.417422], [-72.518429, -45.418093], [-72.52793, -45.417808], [-72.535376, -45.414255], [-72.54621, -45.413263], [-72.548302, -45.411699], [-72.553399, -45.404991], [-72.557036, -45.396945], [-72.560486, -45.393304], [-72.564493, -45.391534], [-72.573559, -45.390208], [-72.589685, -45.391293], [-72.598836, -45.394909], [-72.603589, -45.396024], [-72.605574, -45.397365], [-72.606089, -45.399166], [-72.602613, -45.403]], [[-72.602613, -45.403], [-72.600542, -45.404047], [-72.594684, -45.405041], [-72.593622, -45.407911], [-72.594438, -45.408506], [-72.599806, -45.409136], [-72.605783, -45.411758], [-72.608121, -45.411652], [-72.618225, -45.407648], [-72.623878, -45.406731], [-72.628877, -45.404281], [-72.632675, -45.404763], [-72.636028, -45.406631], [-72.641446, -45.407068], [-72.647444, -45.405754], [-72.657432, -45.400266], [-72.663848, -45.399829], [-72.681507, -45.403806], [-72.688052, -45.405991], [-72.692537, -45.408567], [-72.705712, -45.418508], [-72.708716, -45.417589], [-72.710368, -45.416128], [-72.710969, -45.414863], [-72.710475, -45.411293], [-72.712771, -45.407813], [-72.715303, -45.405817], [-72.718694, -45.405004], [-72.723307, -45.405395], [-72.727448, -45.407414], [-72.72953, -45.409146], [-72.732062, -45.413892], [-72.734744, -45.416693], [-72.737791, -45.418712], [-72.742104, -45.419675], [-72.750537, -45.418952], [-72.755644, -45.417024], [-72.760064, -45.414163], [-72.764549, -45.412445], [-72.771211, -45.411323], [-72.777581, -45.411059]], [[-72.602613, -45.403], [-72.602366, -45.405102], [-72.604254, -45.407045], [-72.605735, -45.407022], [-72.608192, -45.4052], [-72.609898, -45.404763], [-72.620788, -45.407218]], [[-72.499026, -45.406394], [-72.500989, -45.409026], [-72.507663, -45.411097], [-72.514383, -45.417422], [-72.518429, -45.418093], [-72.52793, -45.417808], [-72.535376, -45.414255], [-72.54621, -45.413263], [-72.548302, -45.411699], [-72.553399, -45.404991], [-72.557036, -45.396945], [-72.560486, -45.393304], [-72.564493, -45.391534], [-72.573559, -45.390208], [-72.589685, -45.391293], [-72.598836, -45.394909], [-72.603589, -45.396024], [-72.605574, -45.397365], [-72.606089, -45.399166], [-72.602613, -45.403]], [[-72.602613, -45.403], [-72.600542, -45.404047], [-72.594684, -45.405041], [-72.593622, -45.407911], [-72.594438, -45.408506], [-72.599806, -45.409136], [-72.605783, -45.411758], [-72.608121, -45.411652], [-72.618225, -45.407648], [-72.623878, -45.406731], [-72.628877, -45.404281], [-72.632675, -45.404763], [-72.636028, -45.406631], [-72.641446, -45.407068], [-72.647444, -45.405754], [-72.657432, -45.400266], [-72.663848, -45.399829], [-72.681507, -45.403806], [-72.688052, -45.405991], [-72.692537, -45.408567], [-72.705712, -45.418508], [-72.708716, -45.417589], [-72.710368, -45.416128], [-72.710969, -45.414863], [-72.710475, -45.411293], [-72.712771, -45.407813], [-72.715303, -45.405817], [-72.718694, -45.405004], [-72.723307, -45.405395], [-72.727448, -45.407414], [-72.72953, -45.409146], [-72.732062, -45.413892], [-72.734744, -45.416693], [-72.737791, -45.418712], [-72.742104, -45.419675], [-72.750537, -45.418952], [-72.755644, -45.417024], [-72.760064, -45.414163], [-72.764549, -45.412445], [-72.771211, -45.411323], [-72.777581, -45.411059]]]}}, {"type": "Feature", "properties": {"id": "rio-simpson", "name": "Río Simpson", "type": "river", "region": "aysen", "season": "2026-2027", "opens": "2026-10-12", "closes": "2027-05-06", "cat": "oct", "rule_level": "region", "phases": [{"s": "2026-10-12", "e": "2026-11-30", "mode": "catch_and_release", "label": "Pesca con devolución obligatoria"}, {"s": "2026-10-12", "e": "2027-01-15", "mode": "retention", "label": "Pesca con retención: 2 ejemplares sin límite de peso (salmon chinook)"}, {"s": "2026-12-01", "e": "2027-02-28", "mode": "retention", "label": "Pesca con retención: 3 ejemplares o hasta 15 kilos"}, {"s": "2027-03-01", "e": "2027-05-06", "mode": "catch_and_release", "label": "Pesca con devolución obligatoria"}], "veda": ["Prohibida cualquier actividad de pesca del 07 de mayo al 11 de octubre (años 2025-2027).", "Veda biológica del chinook: 16 de enero al 11 de octubre (años 2025-2027)."], "gear": ["Señuelos artificiales. Chinguillo."], "prohibitions": ["Prohibida la extracción todo el año en zonas de protección de desove: río Ñirehuao (sector Mañihuales) y río Mañihuales (sector El Toqui) — desove de salmón chinook abril-mayo — entre otras."], "sources": [{"doc": "Res. Ex. N° 3004, 31 dic 2024 (mod. Res. Ex. N° 893, 08 abr 2025), DZ Aysén", "url": null}]}, "geometry": {"type": "MultiPolygon", "coordinates": [[[[-71.924658, -45.806838], [-71.923251, -45.80629], [-71.915222, -45.806232], [-71.908508, -45.808656], [-71.906974, -45.808497], [-71.903184, -45.810262], [-71.901221, -45.810415], [-71.900582, -45.812084], [-71.902395, -45.813113], [-71.902835, -45.815661], [-71.90184, -45.817513], [-71.90077, -45.817881], [-71.899872, -45.817818], [-71.897782, -45.81592], [-71.894456, -45.815126], [-71.891356, -45.816603], [-71.88576, -45.817037], [-71.884781, -45.818603], [-71.886798, -45.820599], [-71.885412, -45.820854], [-71.884293, -45.820121], [-71.881461, -45.82153], [-71.88259, -45.822429], [-71.884433, -45.822353], [-71.885811, -45.823441], [-71.88722, -45.823129], [-71.88384, -45.824756], [-71.877389, -45.825349], [-71.874109, -45.826291], [-71.868664, -45.821641], [-71.866652, -45.820411], [-71.864174, -45.819906], [-71.864914, -45.817839], [-71.864367, -45.816003], [-71.861497, -45.815677], [-71.857978, -45.816537], [-71.854996, -45.81819], [-71.849744, -45.82557], [-71.8463, -45.824728], [-71.843736, -45.823274], [-71.839471, -45.822844], [-71.836043, -45.824198], [-71.828045, -45.823914], [-71.826355, -45.824665], [-71.823608, -45.828306], [-71.82143, -45.827356], [-71.821538, -45.826048], [-71.820095, -45.82573], [-71.817723, -45.826467], [-71.815304, -45.831158], [-71.811308, -45.832888], [-71.81237, -45.834668], [-71.812069, -45.835755], [-71.80914, -45.836376], [-71.805975, -45.838603], [-71.804602, -45.837437], [-71.797977, -45.836973], [-71.793777, -45.839324], [-71.790472, -45.84282], [-71.789716, -45.842406], [-71.792135, -45.83967], [-71.789807, -45.838287], [-71.786658, -45.839556], [-71.785593, -45.841626], [-71.77969, -45.841053], [-71.785357, -45.841879], [-71.786401, -45.841178], [-71.786838, -45.839692], [-71.78977, -45.838495], [-71.791808, -45.83987], [-71.78941, -45.842127], [-71.789442, -45.842781], [-71.790381, -45.843054], [-71.791685, -45.842546], [-71.794265, -45.839519], [-71.798707, -45.83706], [-71.801931, -45.837829], [-71.804715, -45.837728], [-71.80567, -45.838846], [-71.806378, -45.838805], [-71.808658, -45.837224], [-71.812477, -45.835968], [-71.81267, -45.834406], [-71.811721, -45.832799], [-71.813105, -45.832941], [-71.815739, -45.831561], [-71.817015, -45.830167], [-71.818367, -45.826657], [-71.821017, -45.826186], [-71.821237, -45.827528], [-71.82356, -45.828624], [-71.827438, -45.824426], [-71.831478, -45.82474], [-71.833184, -45.824104], [-71.83585, -45.824478], [-71.838849, -45.823603], [-71.843306, -45.823525], [-71.846557, -45.825158], [-71.849776, -45.825824], [-71.852716, -45.822702], [-71.855559, -45.818246], [-71.858, -45.816822], [-71.861315, -45.815962], [-71.86294, -45.816025], [-71.864185, -45.816982], [-71.863734, -45.819887], [-71.868181, -45.82148], [-71.873994, -45.826442], [-71.884524, -45.824843], [-71.887263, -45.82365], [-71.8873, -45.822852], [-71.885779, -45.823239], [-71.884553, -45.822149], [-71.882697, -45.822327], [-71.88174, -45.821461], [-71.884186, -45.82027], [-71.885541, -45.821007], [-71.887069, -45.820788], [-71.887142, -45.820059], [-71.885184, -45.819115], [-71.88579, -45.817274], [-71.889194, -45.816597], [-71.890409, -45.817111], [-71.894558, -45.815322], [-71.897616, -45.815988], [-71.899638, -45.817934], [-71.900969, -45.818016], [-71.902591, -45.817061], [-71.903358, -45.815126], [-71.903082, -45.813172], [-71.900757, -45.81198], [-71.901548, -45.810422], [-71.90938, -45.808504], [-71.912224, -45.808383], [-71.914688, -45.806632], [-71.924658, -45.806838]], [[-71.967836, -45.805642], [-71.965358, -45.805952], [-71.967836, -45.805642]], [[-71.950268, -45.806606], [-71.947966, -45.808197], [-71.950163, -45.807951], [-71.950268, -45.806606]], [[-71.93602, -45.808902], [-71.933252, -45.807459], [-71.934775, -45.808831], [-71.93602, -45.808902]], [[-71.936886, -45.809087], [-71.935781, -45.808188], [-71.936886, -45.809087]], [[-71.85109, -45.824368], [-71.850473, -45.824315], [-71.850165, -45.825203], [-71.85109, -45.824368]], [[-71.86393, -45.819768], [-71.864246, -45.818911], [-71.86393, -45.819768]], [[-72.020853, -45.776612], [-72.02023, -45.777162], [-72.020407, -45.775687], [-72.022424, -45.775044], [-72.020853, -45.776612]], [[-72.06762, -45.743175], [-72.06372, -45.743175], [-72.06762, -45.743175]], [[-72.080575, -45.572003], [-72.08066, -45.571055], [-72.080575, -45.572003]], [[-72.108915, -45.53991], [-72.107129, -45.538982], [-72.107842, -45.539983], [-72.108915, -45.53991]], [[-72.129573, -45.533815], [-72.129638, -45.532674], [-72.129573, -45.533815]], [[-72.091987, -45.536635], [-72.091824, -45.535895], [-72.091011, -45.535656], [-72.091987, -45.536635]], [[-72.265226, -45.486463], [-72.263177, -45.48613], [-72.265226, -45.486463]], [[-72.258773, -45.486085], [-72.257839, -45.485863], [-72.256702, -45.486783], [-72.258773, -45.486085]], [[-72.251716, -45.490098], [-72.251734, -45.489505], [-72.251214, -45.490844], [-72.251716, -45.490098]]], [[[-72.171113, -45.695515], [-72.170716, -45.695908], [-72.172698, -45.69858], [-72.178105, -45.699964], [-72.176059, -45.701131], [-72.176415, -45.703557], [-72.177228, -45.705846], [-72.180838, -45.70942], [-72.181906, -45.71245], [-72.180817, -45.712291], [-72.179454, -45.710811], [-72.178196, -45.710774], [-72.176429, -45.713115], [-72.17876, -45.714587], [-72.180994, -45.714606], [-72.182252, -45.716203], [-72.181082, -45.717091], [-72.178245, -45.717555], [-72.176008, -45.720293], [-72.173749, -45.721596], [-72.165595, -45.724476], [-72.163053, -45.727847], [-72.162792, -45.729483], [-72.159866, -45.729921], [-72.160386, -45.73109], [-72.159936, -45.731584], [-72.15499, -45.730869], [-72.152984, -45.728539], [-72.152418, -45.723976], [-72.148925, -45.723542], [-72.147885, -45.723937], [-72.144465, -45.720628], [-72.14134, -45.720495], [-72.139835, -45.718795], [-72.136965, -45.718117], [-72.137556, -45.715589], [-72.137073, -45.714638], [-72.134578, -45.714049], [-72.129064, -45.714538], [-72.128221, -45.713341], [-72.126223, -45.713055], [-72.123452, -45.713563], [-72.122178, -45.715068], [-72.119263, -45.716355], [-72.119912, -45.716443], [-72.119056, -45.718645], [-72.117907, -45.719391], [-72.112976, -45.72022], [-72.108773, -45.721904], [-72.104602, -45.719106], [-72.100643, -45.720106], [-72.097843, -45.721836], [-72.097634, -45.723615], [-72.098157, -45.724649], [-72.096043, -45.725682], [-72.087473, -45.725589], [-72.082476, -45.724338], [-72.081041, -45.725564], [-72.080258, -45.728245], [-72.07591, -45.731487], [-72.075865, -45.73246], [-72.074489, -45.733615], [-72.070197, -45.732026], [-72.068934, -45.733082], [-72.068813, -45.734939], [-72.070009, -45.732277], [-72.074135, -45.734115], [-72.076133, -45.732967], [-72.07631, -45.731436], [-72.080526, -45.728465], [-72.081699, -45.725117], [-72.082581, -45.724559], [-72.083571, -45.724428], [-72.086628, -45.725825], [-72.093208, -45.726366], [-72.096182, -45.725982], [-72.098285, -45.725117], [-72.09846, -45.721795], [-72.100514, -45.720713], [-72.105525, -45.720551], [-72.106882, -45.721926], [-72.108942, -45.722203], [-72.118925, -45.719284], [-72.120089, -45.716952], [-72.122648, -45.716124], [-72.124799, -45.71366], [-72.126199, -45.713297], [-72.127325, -45.713375], [-72.128887, -45.714956], [-72.134117, -45.714469], [-72.136708, -45.71496], [-72.137201, -45.715499], [-72.136107, -45.717154], [-72.136654, -45.718421], [-72.139581, -45.718977], [-72.141254, -45.72081], [-72.144991, -45.721993], [-72.14693, -45.724074], [-72.150001, -45.724989], [-72.152294, -45.724555], [-72.151401, -45.728592], [-72.152265, -45.729532], [-72.151718, -45.730854], [-72.152308, -45.732198], [-72.16081, -45.732939], [-72.162114, -45.731625], [-72.166204, -45.724379], [-72.175042, -45.721821], [-72.178196, -45.718009], [-72.182536, -45.716368], [-72.181737, -45.714808], [-72.178609, -45.714289], [-72.176973, -45.713104], [-72.179387, -45.711422], [-72.18109, -45.712823], [-72.182198, -45.712405], [-72.180905, -45.708936], [-72.177767, -45.705996], [-72.176724, -45.703023], [-72.17681, -45.701412], [-72.178706, -45.699788], [-72.173127, -45.698357], [-72.171113, -45.695515]]], [[[-71.77782, -45.845091], [-71.775642, -45.845874], [-71.77167, -45.844795], [-71.771002, -45.846234], [-71.768889, -45.846204], [-71.766257, -45.847112], [-71.762945, -45.846686], [-71.762558, -45.847452], [-71.764069, -45.851335], [-71.761837, -45.853389], [-71.760646, -45.853418], [-71.760128, -45.852736], [-71.759739, -45.85131], [-71.760571, -45.849804], [-71.757521, -45.849302], [-71.755526, -45.850557], [-71.757708, -45.853127], [-71.75667, -45.854243], [-71.754312, -45.853686], [-71.75323, -45.85177], [-71.750517, -45.851162], [-71.74876, -45.852078], [-71.750384, -45.85383], [-71.749872, -45.854405], [-71.747033, -45.852708], [-71.740775, -45.854029], [-71.740363, -45.854394], [-71.741086, -45.855669], [-71.740453, -45.856846], [-71.735699, -45.857156], [-71.735476, -45.858133], [-71.734208, -45.859026], [-71.734926, -45.860206], [-71.733529, -45.859364], [-71.731256, -45.860168], [-71.731507, -45.86122], [-71.732871, -45.861621], [-71.73239, -45.862385], [-71.730151, -45.863219], [-71.728822, -45.865157], [-71.727785, -45.865334], [-71.727666, -45.866005], [-71.725925, -45.866764], [-71.724983, -45.868016], [-71.722844, -45.868763], [-71.721116, -45.871716], [-71.714661, -45.874496], [-71.708912, -45.874653], [-71.709416, -45.875215], [-71.708434, -45.875937], [-71.709381, -45.877069], [-71.708241, -45.876977], [-71.707155, -45.875681], [-71.702323, -45.877892], [-71.701294, -45.879597], [-71.70155, -45.880077], [-71.700612, -45.879974], [-71.698682, -45.881403], [-71.700299, -45.882768], [-71.699476, -45.883957], [-71.700409, -45.882766], [-71.698805, -45.881442], [-71.700677, -45.880206], [-71.701725, -45.880307], [-71.702287, -45.878047], [-71.7072, -45.875751], [-71.707997, -45.876953], [-71.709456, -45.877112], [-71.708544, -45.87592], [-71.709467, -45.875401], [-71.709108, -45.874733], [-71.714609, -45.874609], [-71.721139, -45.87185], [-71.722738, -45.869221], [-71.724998, -45.868148], [-71.727917, -45.865357], [-71.728826, -45.865303], [-71.730281, -45.863334], [-71.731871, -45.863107], [-71.732821, -45.862163], [-71.732938, -45.861528], [-71.731342, -45.860897], [-71.731287, -45.86027], [-71.73351, -45.859455], [-71.734924, -45.860443], [-71.734403, -45.8591], [-71.735696, -45.858162], [-71.735846, -45.857273], [-71.739282, -45.857679], [-71.740886, -45.856724], [-71.741286, -45.855671], [-71.740803, -45.854262], [-71.747081, -45.852866], [-71.750068, -45.854513], [-71.750631, -45.853783], [-71.749079, -45.852022], [-71.750769, -45.851419], [-71.753533, -45.852227], [-71.754171, -45.853847], [-71.75688, -45.854418], [-71.7577, -45.854023], [-71.757862, -45.853079], [-71.755795, -45.850526], [-71.758857, -45.849634], [-71.760458, -45.850087], [-71.759447, -45.851282], [-71.760212, -45.853451], [-71.762314, -45.853507], [-71.764447, -45.851409], [-71.763111, -45.846869], [-71.766385, -45.847288], [-71.771305, -45.846449], [-71.771968, -45.84501], [-71.773078, -45.845756], [-71.777327, -45.84589], [-71.779301, -45.842475], [-71.778778, -45.841397], [-71.77969, -45.840868], [-71.778354, -45.841458], [-71.779078, -45.842475], [-71.77782, -45.845091]]], [[[-72.092527, -45.536853], [-72.091931, -45.535722], [-72.089681, -45.534792], [-72.07856, -45.5352], [-72.077096, -45.538944], [-72.075342, -45.539962], [-72.071501, -45.540347], [-72.069645, -45.543849], [-72.06593, -45.546618], [-72.065812, -45.547642], [-72.067239, -45.549644], [-72.067432, -45.551526], [-72.069738, -45.553505], [-72.067716, -45.551269], [-72.067263, -45.548906], [-72.066115, -45.54755], [-72.066421, -45.546614], [-72.067866, -45.545078], [-72.069771, -45.544225], [-72.071707, -45.540704], [-72.075653, -45.540099], [-72.077571, -45.538914], [-72.078367, -45.537798], [-72.078257, -45.536182], [-72.079765, -45.53542], [-72.089882, -45.535138], [-72.092022, -45.536911], [-72.101681, -45.540873], [-72.106039, -45.538756], [-72.107786, -45.540152], [-72.112919, -45.540669], [-72.115599, -45.541606], [-72.12526, -45.540094], [-72.129796, -45.535891], [-72.129584, -45.534266], [-72.130426, -45.531816], [-72.134573, -45.529794], [-72.134243, -45.528744], [-72.130574, -45.525343], [-72.132961, -45.523616], [-72.135447, -45.523251], [-72.138424, -45.520616], [-72.139267, -45.517361], [-72.138441, -45.514061], [-72.13921, -45.512185], [-72.138685, -45.507405], [-72.137901, -45.505781], [-72.136453, -45.505236], [-72.136598, -45.504219], [-72.13759, -45.502758], [-72.140383, -45.502694], [-72.142566, -45.500645], [-72.142928, -45.499528], [-72.149628, -45.49925], [-72.150765, -45.500318], [-72.150918, -45.502377], [-72.154706, -45.504027], [-72.156808, -45.503802], [-72.162079, -45.500959], [-72.163621, -45.500846], [-72.161488, -45.501393], [-72.165501, -45.500965], [-72.168468, -45.501764], [-72.178786, -45.499547], [-72.175683, -45.500079], [-72.173411, -45.499718], [-72.169554, -45.50111], [-72.162141, -45.500452], [-72.154963, -45.503717], [-72.153448, -45.503418], [-72.152565, -45.502403], [-72.151653, -45.499557], [-72.146477, -45.498481], [-72.142507, -45.499382], [-72.14024, -45.502217], [-72.137097, -45.502698], [-72.13629, -45.503736], [-72.136188, -45.505326], [-72.137856, -45.506251], [-72.13865, -45.509879], [-72.137695, -45.511982], [-72.138607, -45.51823], [-72.138044, -45.520237], [-72.135378, -45.522954], [-72.132607, -45.523561], [-72.130485, -45.524991], [-72.130434, -45.525848], [-72.131475, -45.527124], [-72.134267, -45.529616], [-72.130008, -45.531767], [-72.129023, -45.533319], [-72.129614, -45.535893], [-72.124786, -45.540158], [-72.116398, -45.54136], [-72.110369, -45.540366], [-72.107362, -45.53855], [-72.10561, -45.538375], [-72.102373, -45.539718], [-72.101673, -45.540575], [-72.092527, -45.536853]]], [[[-72.334258, -45.460304], [-72.331216, -45.461957], [-72.321188, -45.463765], [-72.316311, -45.466085], [-72.314439, -45.466642], [-72.313806, -45.466181], [-72.311585, -45.468587], [-72.307396, -45.469328], [-72.302337, -45.471472], [-72.299008, -45.470994], [-72.293311, -45.474167], [-72.291241, -45.476199], [-72.288749, -45.477197], [-72.287081, -45.479268], [-72.282207, -45.479787], [-72.276191, -45.481974], [-72.273535, -45.481585], [-72.270813, -45.484409], [-72.266393, -45.486613], [-72.259483, -45.486196], [-72.252703, -45.488979], [-72.251665, -45.490711], [-72.250152, -45.491715], [-72.243658, -45.490004], [-72.243068, -45.492251], [-72.241663, -45.49383], [-72.237256, -45.496511], [-72.23334, -45.49575], [-72.229823, -45.497271], [-72.22576, -45.497306], [-72.215664, -45.492803], [-72.208208, -45.495567], [-72.200622, -45.493659], [-72.19879, -45.49618], [-72.194944, -45.496451], [-72.189604, -45.499072], [-72.184218, -45.499859], [-72.178322, -45.499307], [-72.179546, -45.498895], [-72.184569, -45.499502], [-72.189429, -45.498649], [-72.194614, -45.495998], [-72.198675, -45.495567], [-72.200003, -45.493486], [-72.208741, -45.495045], [-72.213553, -45.493435], [-72.21468, -45.492375], [-72.217491, -45.492843], [-72.225663, -45.496654], [-72.229303, -45.496919], [-72.233621, -45.495469], [-72.236988, -45.496244], [-72.241464, -45.493486], [-72.243197, -45.489816], [-72.250106, -45.491384], [-72.251587, -45.489233], [-72.257823, -45.485731], [-72.265132, -45.485965], [-72.26584, -45.486474], [-72.269767, -45.484436], [-72.273187, -45.481105], [-72.278085, -45.480947], [-72.287064, -45.478045], [-72.290817, -45.475962], [-72.293231, -45.473675], [-72.296938, -45.472136], [-72.298609, -45.470759], [-72.302772, -45.470953], [-72.308053, -45.468692], [-72.310821, -45.468662], [-72.31313, -45.46588], [-72.315169, -45.466239], [-72.318715, -45.464659], [-72.320471, -45.462924], [-72.324251, -45.463324], [-72.333596, -45.460381], [-72.335629, -45.458836], [-72.339842, -45.458812], [-72.341218, -45.459783], [-72.343793, -45.460168], [-72.357531, -45.45855], [-72.362756, -45.4604], [-72.368762, -45.461124], [-72.373126, -45.459068], [-72.380848, -45.458505], [-72.389756, -45.456078], [-72.390536, -45.456646], [-72.380601, -45.459013], [-72.377493, -45.458859], [-72.375084, -45.45989], [-72.372986, -45.459491], [-72.368507, -45.461647], [-72.362137, -45.461135], [-72.358151, -45.459239], [-72.34385, -45.460505], [-72.336637, -45.45907], [-72.334258, -45.460304]]], [[[-72.080234, -45.577532], [-72.081969, -45.582124], [-72.081964, -45.58405], [-72.083675, -45.587519], [-72.083664, -45.58931], [-72.086277, -45.59163], [-72.087004, -45.593871], [-72.08982, -45.595299], [-72.090791, -45.597363], [-72.093902, -45.599386], [-72.094605, -45.600939], [-72.096427, -45.602214], [-72.096936, -45.604866], [-72.099074, -45.607251], [-72.105173, -45.609889], [-72.109145, -45.616234], [-72.109089, -45.617927], [-72.112142, -45.620968], [-72.115296, -45.621335], [-72.118198, -45.620123], [-72.119075, -45.620347], [-72.120035, -45.621286], [-72.120706, -45.62414], [-72.122535, -45.625886], [-72.12695, -45.628532], [-72.131318, -45.63014], [-72.134694, -45.63018], [-72.134849, -45.632637], [-72.135742, -45.634538], [-72.142762, -45.640735], [-72.142389, -45.641526], [-72.143341, -45.642842], [-72.14586, -45.643874], [-72.148188, -45.644029], [-72.150781, -45.647067], [-72.157608, -45.646754], [-72.163015, -45.649066], [-72.176067, -45.652459], [-72.179827, -45.654522], [-72.182818, -45.652958], [-72.189429, -45.654314], [-72.195116, -45.657025], [-72.1965, -45.658433], [-72.196065, -45.66024], [-72.193941, -45.662124], [-72.191189, -45.661839], [-72.189389, -45.66286], [-72.196057, -45.66275], [-72.197063, -45.659865], [-72.196154, -45.657162], [-72.186924, -45.652696], [-72.182158, -45.652428], [-72.179913, -45.654316], [-72.176662, -45.652268], [-72.163197, -45.64865], [-72.15849, -45.646627], [-72.155905, -45.646336], [-72.150937, -45.646949], [-72.148523, -45.643996], [-72.143429, -45.642615], [-72.143371, -45.64098], [-72.135541, -45.633638], [-72.135544, -45.630935], [-72.13483, -45.629857], [-72.130769, -45.629591], [-72.122608, -45.625674], [-72.120904, -45.623879], [-72.119748, -45.620011], [-72.118201, -45.619821], [-72.115307, -45.621024], [-72.112276, -45.620666], [-72.109492, -45.617912], [-72.109478, -45.616202], [-72.105463, -45.609595], [-72.099232, -45.607172], [-72.09722, -45.604675], [-72.097379, -45.603605], [-72.096464, -45.601897], [-72.094887, -45.600963], [-72.094176, -45.599285], [-72.090972, -45.59727], [-72.090083, -45.595121], [-72.087578, -45.594089], [-72.086678, -45.591694], [-72.084355, -45.589932], [-72.083064, -45.584882], [-72.082216, -45.583978], [-72.082195, -45.582061], [-72.080234, -45.577532]]], [[[-72.066584, -45.736197], [-72.066101, -45.736534], [-72.066407, -45.737133], [-72.068768, -45.738052], [-72.069247, -45.739572], [-72.07098, -45.74127], [-72.070259, -45.742597], [-72.067182, -45.743404], [-72.060474, -45.743808], [-72.057223, -45.742878], [-72.045534, -45.74696], [-72.043976, -45.746176], [-72.036959, -45.746986], [-72.036087, -45.749517], [-72.033894, -45.751535], [-72.032075, -45.751995], [-72.031445, -45.755032], [-72.029353, -45.757215], [-72.030149, -45.75856], [-72.030114, -45.76027], [-72.028419, -45.761646], [-72.027183, -45.764849], [-72.024184, -45.767123], [-72.023945, -45.769695], [-72.025863, -45.771119], [-72.026533, -45.77369], [-72.023132, -45.774965], [-72.020378, -45.778069], [-72.021134, -45.778817], [-72.02111, -45.780478], [-72.019367, -45.781971], [-72.014869, -45.782983], [-72.014509, -45.783684], [-72.015676, -45.78566], [-72.012481, -45.786468], [-72.011312, -45.7884], [-72.011293, -45.787461], [-72.012302, -45.78623], [-72.015397, -45.785594], [-72.014303, -45.783963], [-72.01434, -45.782987], [-72.020263, -45.780765], [-72.020225, -45.775818], [-72.023744, -45.774513], [-72.025514, -45.771171], [-72.023717, -45.769738], [-72.023562, -45.767021], [-72.026276, -45.765251], [-72.028078, -45.761464], [-72.029763, -45.760188], [-72.029902, -45.758594], [-72.029141, -45.757269], [-72.031099, -45.755139], [-72.031651, -45.752163], [-72.036305, -45.748995], [-72.036973, -45.746438], [-72.044003, -45.74591], [-72.045923, -45.74658], [-72.04717, -45.745693], [-72.049217, -45.745517], [-72.057084, -45.742648], [-72.059954, -45.743464], [-72.065721, -45.74273], [-72.068698, -45.742966], [-72.070554, -45.741146], [-72.069181, -45.740004], [-72.068462, -45.738024], [-72.06674, -45.737605], [-72.065796, -45.736564], [-72.069106, -45.735075], [-72.066584, -45.736197]]], [[[-71.939702, -45.809946], [-71.932106, -45.806004], [-71.928188, -45.80561], [-71.925151, -45.806642], [-71.925747, -45.807051], [-71.927839, -45.805903], [-71.931932, -45.806161], [-71.934759, -45.808977], [-71.939233, -45.810204], [-71.941754, -45.809835], [-71.943431, -45.807648], [-71.950198, -45.808151], [-71.950761, -45.807706], [-71.950461, -45.806614], [-71.952301, -45.80526], [-71.957775, -45.805946], [-71.959583, -45.808115], [-71.962064, -45.808566], [-71.96484, -45.806169], [-71.974568, -45.80429], [-71.981778, -45.801564], [-71.984219, -45.801646], [-71.989659, -45.800501], [-71.98957, -45.799406], [-71.990546, -45.798521], [-71.995498, -45.798085], [-71.998027, -45.796438], [-71.998558, -45.795555], [-71.998467, -45.79263], [-72.000009, -45.791013], [-72.005108, -45.791387], [-72.006908, -45.789625], [-72.010432, -45.789313], [-72.011559, -45.788493], [-72.006897, -45.789402], [-72.004816, -45.791211], [-71.999701, -45.790749], [-71.998295, -45.792389], [-71.997815, -45.796318], [-71.993709, -45.797969], [-71.990235, -45.798347], [-71.988822, -45.800483], [-71.983747, -45.801348], [-71.982363, -45.800959], [-71.97474, -45.804112], [-71.971535, -45.804312], [-71.964867, -45.805986], [-71.963365, -45.807609], [-71.961554, -45.808457], [-71.960001, -45.8081], [-71.957534, -45.805462], [-71.953028, -45.804931], [-71.951579, -45.805219], [-71.9481, -45.807932], [-71.943232, -45.807485], [-71.942103, -45.809237], [-71.939702, -45.809946]]], [[[-72.171113, -45.695515], [-72.170115, -45.693381], [-72.168559, -45.691961], [-72.170303, -45.689902], [-72.172303, -45.689064], [-72.172869, -45.684695], [-72.174444, -45.684297], [-72.176112, -45.682888], [-72.17567, -45.681676], [-72.178668, -45.678111], [-72.177558, -45.676867], [-72.177778, -45.675154], [-72.177223, -45.676431], [-72.178269, -45.678162], [-72.175407, -45.681614], [-72.175911, -45.682897], [-72.174441, -45.684134], [-72.172226, -45.684739], [-72.172067, -45.688026], [-72.168385, -45.69173], [-72.170675, -45.695676], [-72.171113, -45.695515]]], [[[-72.177925, -45.67533], [-72.180834, -45.672993], [-72.190046, -45.67128], [-72.190013, -45.670073], [-72.188925, -45.669061], [-72.18918, -45.667728], [-72.186675, -45.665601], [-72.185948, -45.66346], [-72.18701, -45.662604], [-72.189588, -45.66295], [-72.186653, -45.662403], [-72.18568, -45.663535], [-72.186398, -45.665702], [-72.188917, -45.66771], [-72.188499, -45.669052], [-72.189875, -45.671102], [-72.184929, -45.672431], [-72.181404, -45.672598], [-72.177925, -45.67533]]], [[[-72.07904, -45.567805], [-72.07787, -45.567464], [-72.077603, -45.564199], [-72.075765, -45.561287], [-72.075375, -45.559645], [-72.075921, -45.559008], [-72.075199, -45.557748], [-72.069579, -45.553561], [-72.075397, -45.557716], [-72.07609, -45.55918], [-72.075843, -45.56087], [-72.077756, -45.563334], [-72.078426, -45.566715], [-72.078075, -45.567424], [-72.07904, -45.567805]]], [[[-72.080234, -45.577532], [-72.079483, -45.575801], [-72.080086, -45.574753], [-72.079781, -45.572803], [-72.080854, -45.572163], [-72.081074, -45.571147], [-72.07935, -45.567719], [-72.078935, -45.567909], [-72.080505, -45.570649], [-72.079333, -45.572726], [-72.079842, -45.574819], [-72.079242, -45.575871], [-72.080234, -45.577532]]]]}}, {"type": "Feature", "properties": {"id": "rio-simpson", "name": "Río Simpson", "type": "river", "region": "aysen", "season": "2026-2027", "opens": "2026-10-12", "closes": "2027-05-06", "cat": "oct", "rule_level": "region", "phases": [{"s": "2026-10-12", "e": "2026-11-30", "mode": "catch_and_release", "label": "Pesca con devolución obligatoria"}, {"s": "2026-10-12", "e": "2027-01-15", "mode": "retention", "label": "Pesca con retención: 2 ejemplares sin límite de peso (salmon chinook)"}, {"s": "2026-12-01", "e": "2027-02-28", "mode": "retention", "label": "Pesca con retención: 3 ejemplares o hasta 15 kilos"}, {"s": "2027-03-01", "e": "2027-05-06", "mode": "catch_and_release", "label": "Pesca con devolución obligatoria"}], "veda": ["Prohibida cualquier actividad de pesca del 07 de mayo al 11 de octubre (años 2025-2027).", "Veda biológica del chinook: 16 de enero al 11 de octubre (años 2025-2027)."], "gear": ["Señuelos artificiales. Chinguillo."], "prohibitions": ["Prohibida la extracción todo el año en zonas de protección de desove: río Ñirehuao (sector Mañihuales) y río Mañihuales (sector El Toqui) — desove de salmón chinook abril-mayo — entre otras."], "sources": [{"doc": "Res. Ex. N° 3004, 31 dic 2024 (mod. Res. Ex. N° 893, 08 abr 2025), DZ Aysén", "url": null}]}, "geometry": {"type": "MultiLineString", "coordinates": [[[-72.066447, -45.548541], [-72.066218, -45.546746], [-72.069888, -45.543817], [-72.071865, -45.540393], [-72.076392, -45.539656], [-72.077939, -45.538071], [-72.078387, -45.535864], [-72.081149, -45.535104], [-72.08971, -45.534882], [-72.091781, -45.535686], [-72.092569, -45.536953], [-72.101877, -45.540774], [-72.104119, -45.539106], [-72.106426, -45.538591], [-72.110277, -45.540454], [-72.115551, -45.541476], [-72.124772, -45.540297], [-72.129546, -45.5361], [-72.129305, -45.533747], [-72.13004, -45.532034], [-72.134251, -45.529948], [-72.134106, -45.528885], [-72.130372, -45.525502], [-72.133001, -45.523507], [-72.135587, -45.522954], [-72.13843, -45.519932], [-72.139149, -45.517767], [-72.138183, -45.514174], [-72.138553, -45.509129]], [[-72.119324, -45.620348], [-72.118068, -45.620027], [-72.115054, -45.621191], [-72.112235, -45.620838], [-72.109298, -45.617878], [-72.109288, -45.616234], [-72.105307, -45.609727], [-72.099548, -45.607569], [-72.09722, -45.6049], [-72.096491, -45.602137], [-72.094753, -45.600972], [-72.094018, -45.599281], [-72.091156, -45.597567], [-72.08996, -45.595265], [-72.087146, -45.593893], [-72.086534, -45.59171], [-72.083799, -45.589325], [-72.083945, -45.588237], [-72.082125, -45.583989], [-72.081543, -45.580495], [-72.079543, -45.576543], [-72.079617, -45.5729], [-72.08065, -45.570685], [-72.079727, -45.568364], [-72.077976, -45.567414], [-72.0783, -45.566648], [-72.0774, -45.563124], [-72.075739, -45.560887], [-72.076015, -45.559095], [-72.075123, -45.557558], [-72.068254, -45.552319], [-72.066447, -45.548541]], [[-72.29557, -45.472896], [-72.299164, -45.470823], [-72.300897, -45.47138], [-72.302915, -45.471028], [-72.308404, -45.468888], [-72.311386, -45.468597], [-72.313261, -45.466222], [-72.315091, -45.466356], [-72.321088, -45.463648], [-72.324348, -45.463534], [-72.331883, -45.46144], [-72.335958, -45.458973], [-72.343181, -45.460277], [-72.35719, -45.45902], [-72.361615, -45.460585], [-72.368154, -45.461492], [-72.37288, -45.459461], [-72.379785, -45.458888], [-72.386744, -45.456796], [-72.397961, -45.454828], [-72.401056, -45.453356], [-72.401403, -45.452176], [-72.400391, -45.451487], [-72.396707, -45.451282], [-72.395419, -45.445796], [-72.396926, -45.444865], [-72.401657, -45.444203], [-72.405075, -45.442528], [-72.405142, -45.440034], [-72.403025, -45.436914], [-72.406567, -45.431287], [-72.409426, -45.430908], [-72.413259, -45.433497], [-72.416081, -45.433599], [-72.419812, -45.428936], [-72.42029, -45.423937], [-72.425589, -45.423418], [-72.429947, -45.42497], [-72.434938, -45.42551], [-72.448538, -45.424138], [-72.450336, -45.423039], [-72.453434, -45.418741], [-72.461702, -45.417273], [-72.464321, -45.418746], [-72.4655, -45.4207], [-72.46534, -45.423541], [-72.463642, -45.426594], [-72.464133, -45.427403], [-72.468259, -45.429736], [-72.471121, -45.430338], [-72.472968, -45.429299], [-72.472959, -45.428096], [-72.471967, -45.426732], [-72.472378, -45.425452], [-72.475803, -45.421099], [-72.477123, -45.418113], [-72.476449, -45.414268], [-72.477225, -45.410024], [-72.492953, -45.405286], [-72.496596, -45.405394], [-72.499026, -45.406394]], [[-71.926707, -45.806152], [-71.928991, -45.80573], [-71.932127, -45.806108], [-71.939445, -45.810112], [-71.941787, -45.809617], [-71.943233, -45.80762], [-71.948525, -45.80794], [-71.949461, -45.80678], [-71.952533, -45.805155], [-71.957532, -45.805709], [-71.95981, -45.808115], [-71.961645, -45.808615], [-71.962986, -45.808142], [-71.964923, -45.806053], [-71.974524, -45.804228], [-71.981495, -45.801457], [-71.983838, -45.801625], [-71.989201, -45.800506], [-71.990443, -45.798327], [-71.995114, -45.797833], [-71.998402, -45.795656], [-71.998253, -45.792976], [-71.999171, -45.791414], [-72.000952, -45.790704], [-72.005094, -45.791302], [-72.007089, -45.789462], [-72.011026, -45.788893], [-72.012314, -45.786417], [-72.015413, -45.785841], [-72.015456, -45.785033], [-72.014523, -45.784225], [-72.01461, -45.78302], [-72.020275, -45.78112], [-72.020746, -45.779702], [-72.02014, -45.777534], [-72.025547, -45.772805], [-72.025799, -45.77128], [-72.023774, -45.769629], [-72.023716, -45.767317], [-72.026213, -45.765554], [-72.028122, -45.762686], [-72.02816, -45.761606], [-72.029934, -45.760214], [-72.030017, -45.758515], [-72.029291, -45.7572], [-72.031135, -45.755257], [-72.031952, -45.751967], [-72.034641, -45.75066], [-72.036409, -45.748985], [-72.037012, -45.746833], [-72.044007, -45.746084], [-72.046024, -45.746683], [-72.057123, -45.742756], [-72.059928, -45.743568], [-72.068505, -45.743104], [-72.069885, -45.74249], [-72.070736, -45.74112], [-72.0691, -45.739589], [-72.068639, -45.738045], [-72.06645, -45.737219]], [[-72.138553, -45.509129], [-72.138226, -45.50649], [-72.136343, -45.505373], [-72.137319, -45.5027], [-72.140163, -45.502508], [-72.142828, -45.49947], [-72.146806, -45.498728], [-72.150496, -45.49952], [-72.151591, -45.50058], [-72.152587, -45.503051], [-72.155114, -45.503892], [-72.15682, -45.503569], [-72.161874, -45.500813], [-72.169462, -45.501278], [-72.173662, -45.500062], [-72.177239, -45.499996], [-72.178802, -45.499186], [-72.184601, -45.499682], [-72.188947, -45.499038], [-72.192895, -45.497086], [-72.199075, -45.495545], [-72.200829, -45.493571], [-72.208505, -45.495285], [-72.216343, -45.492732], [-72.226406, -45.497011], [-72.229249, -45.497173], [-72.233981, -45.495579], [-72.236872, -45.496428], [-72.241653, -45.493668], [-72.243479, -45.489977], [-72.249994, -45.491596], [-72.25185, -45.489298], [-72.258931, -45.486188], [-72.26598, -45.486556], [-72.270406, -45.484431], [-72.273538, -45.481393], [-72.278634, -45.481032], [-72.282518, -45.479554], [-72.286799, -45.478873], [-72.288344, -45.477331], [-72.29557, -45.472896]], [[-71.769355, -45.84638], [-71.771396, -45.846294], [-71.771788, -45.844896], [-71.774148, -45.845804], [-71.777051, -45.845812], [-71.779196, -45.842486], [-71.778708, -45.841238], [-71.785532, -45.841738], [-71.786658, -45.839672], [-71.789453, -45.838349], [-71.790955, -45.838775], [-71.791985, -45.839941], [-71.789517, -45.842419], [-71.790113, -45.842949], [-71.791395, -45.842501], [-71.794158, -45.839358], [-71.798744, -45.836891], [-71.802129, -45.837717], [-71.804715, -45.837519], [-71.80627, -45.838749], [-71.80906, -45.836461], [-71.812397, -45.83586], [-71.812515, -45.834716], [-71.811592, -45.832746], [-71.813083, -45.832672], [-71.815444, -45.831363], [-71.81856, -45.826265], [-71.821157, -45.826048], [-71.821291, -45.827338], [-71.823587, -45.828474], [-71.827149, -45.824377], [-71.836043, -45.824332], [-71.839251, -45.823379], [-71.843451, -45.823424], [-71.849765, -45.825783], [-71.855307, -45.818317], [-71.861197, -45.815838], [-71.863219, -45.815984], [-71.864249, -45.816904], [-71.864453, -45.817939], [-71.863616, -45.819513], [-71.864174, -45.820119], [-71.86824, -45.821461], [-71.873985, -45.826347], [-71.884564, -45.82474], [-71.887177, -45.823551], [-71.887139, -45.822908], [-71.885621, -45.823285], [-71.884489, -45.822306], [-71.882166, -45.822209], [-71.881598, -45.821454], [-71.88428, -45.820235], [-71.885326, -45.820908], [-71.886855, -45.820717], [-71.886967, -45.820224], [-71.885031, -45.81899], [-71.885895, -45.817143], [-71.891323, -45.816724], [-71.89429, -45.815274], [-71.897734, -45.81598], [-71.89974, -45.817876], [-71.900834, -45.817962], [-71.902202, -45.817251], [-71.903216, -45.81484], [-71.903002, -45.813322], [-71.900663, -45.811948], [-71.901451, -45.810413], [-71.903367, -45.810226], [-71.906907, -45.808633], [-71.911606, -45.807967], [-71.91497, -45.806535], [-71.924846, -45.80679], [-71.926707, -45.806152]], [[-72.06645, -45.737219], [-72.065978, -45.7365], [-72.069047, -45.734899], [-72.069219, -45.732696], [-72.070013, -45.732157], [-72.074159, -45.733879], [-72.075624, -45.733066], [-72.076042, -45.731587], [-72.080479, -45.728345], [-72.081406, -45.72524], [-72.082506, -45.724427], [-72.087248, -45.725622], [-72.097129, -45.725678], [-72.098148, -45.724941], [-72.098095, -45.721959], [-72.09958, -45.720761], [-72.105417, -45.719911], [-72.107251, -45.721656], [-72.108625, -45.721941], [-72.118785, -45.719237], [-72.119493, -45.717327], [-72.122497, -45.716001], [-72.123817, -45.713656], [-72.126778, -45.713154], [-72.128344, -45.713956], [-72.128827, -45.714892], [-72.132207, -45.714315], [-72.136273, -45.71454], [-72.137305, -45.715484], [-72.136466, -45.717244], [-72.136702, -45.718345], [-72.139223, -45.718686], [-72.141932, -45.720888], [-72.14388, -45.720997], [-72.146712, -45.723634], [-72.152452, -45.724592], [-72.15301, -45.728786], [-72.152232, -45.730254], [-72.15228, -45.731767], [-72.153364, -45.732389], [-72.16081, -45.732793], [-72.165858, -45.724502], [-72.173663, -45.721888], [-72.176173, -45.7203], [-72.178073, -45.717836], [-72.182321, -45.716443], [-72.181528, -45.71481], [-72.178931, -45.71451], [-72.176861, -45.713327], [-72.177697, -45.711206], [-72.178507, -45.710889], [-72.179578, -45.711103], [-72.180443, -45.712261], [-72.182075, -45.712547], [-72.180991, -45.709431], [-72.177504, -45.705969], [-72.176442, -45.702568], [-72.176656, -45.70116], [-72.178373, -45.699908], [-72.172837, -45.698372], [-72.170559, -45.694788]], [[-72.170559, -45.694788], [-72.168413, -45.69191], [-72.170119, -45.689894], [-72.17184, -45.688944], [-72.172719, -45.686523], [-72.172655, -45.684672], [-72.175868, -45.683207], [-72.175632, -45.681569], [-72.178432, -45.677956], [-72.177429, -45.676712], [-72.177504, -45.675707], [-72.181207, -45.672767], [-72.189998, -45.671141], [-72.188777, -45.668936], [-72.189075, -45.667847], [-72.186377, -45.665361], [-72.186061, -45.663018], [-72.187053, -45.662512], [-72.189123, -45.663102], [-72.190271, -45.662528], [-72.196001, -45.662336], [-72.196838, -45.659692], [-72.196585, -45.657983], [-72.194998, -45.656622], [-72.186443, -45.652987], [-72.182322, -45.652815], [-72.181439, -45.653014], [-72.180685, -45.654277], [-72.179644, -45.654379], [-72.175641, -45.652174], [-72.163767, -45.649005], [-72.157701, -45.646489], [-72.150604, -45.64688], [-72.148568, -45.644127], [-72.143313, -45.642661], [-72.142943, -45.640805], [-72.138233, -45.636957], [-72.135246, -45.633402], [-72.134908, -45.630146], [-72.131225, -45.629996], [-72.122511, -45.625747], [-72.120773, -45.623963], [-72.120315, -45.621479], [-72.119324, -45.620348]], [[-71.767283, -46.104835], [-71.767061, -46.104538]], [[-71.76296, -46.101646], [-71.762639, -46.10122]], [[-71.72073, -46.090862], [-71.720446, -46.090877]], [[-71.733237, -46.094442], [-71.732983, -46.094447]], [[-71.711873, -46.079228], [-71.712048, -46.079032]], [[-71.663816, -46.024969], [-71.662981, -46.024289]], [[-71.647133, -46.00516], [-71.647141, -46.004523]], [[-71.678715, -46.050731], [-71.67838, -46.050282]], [[-71.680237, -46.051121], [-71.679772, -46.050837]], [[-71.646533, -46.010152], [-71.647582, -46.009667]], [[-71.64645, -46.011356], [-71.64645, -46.010459]], [[-72.400391, -45.451487], [-72.399482, -45.449833], [-72.395813, -45.447774]], [[-71.769355, -45.84638], [-71.771396, -45.846294], [-71.771788, -45.844896], [-71.774148, -45.845804], [-71.777051, -45.845812], [-71.779196, -45.842486], [-71.778708, -45.841238], [-71.785532, -45.841738], [-71.786658, -45.839672], [-71.789453, -45.838349], [-71.790955, -45.838775], [-71.791985, -45.839941], [-71.789517, -45.842419], [-71.790113, -45.842949], [-71.791395, -45.842501], [-71.794158, -45.839358], [-71.798744, -45.836891], [-71.802129, -45.837717], [-71.804715, -45.837519], [-71.80627, -45.838749], [-71.80906, -45.836461], [-71.812397, -45.83586], [-71.812515, -45.834716], [-71.811592, -45.832746], [-71.813083, -45.832672], [-71.815444, -45.831363], [-71.81856, -45.826265], [-71.821157, -45.826048], [-71.821291, -45.827338], [-71.823587, -45.828474], [-71.827149, -45.824377], [-71.836043, -45.824332], [-71.839251, -45.823379], [-71.843451, -45.823424], [-71.849765, -45.825783], [-71.855307, -45.818317], [-71.861197, -45.815838], [-71.863219, -45.815984], [-71.864249, -45.816904], [-71.864453, -45.817939], [-71.863616, -45.819513], [-71.864174, -45.820119], [-71.86824, -45.821461], [-71.873985, -45.826347], [-71.884564, -45.82474], [-71.887177, -45.823551], [-71.887139, -45.822908], [-71.885621, -45.823285], [-71.884489, -45.822306], [-71.882166, -45.822209], [-71.881598, -45.821454], [-71.88428, -45.820235], [-71.885326, -45.820908], [-71.886855, -45.820717], [-71.886967, -45.820224], [-71.885031, -45.81899], [-71.885895, -45.817143], [-71.891323, -45.816724], [-71.89429, -45.815274], [-71.897734, -45.81598], [-71.89974, -45.817876], [-71.900834, -45.817962], [-71.902202, -45.817251], [-71.903216, -45.81484], [-71.903002, -45.813322], [-71.900663, -45.811948], [-71.901451, -45.810413], [-71.903367, -45.810226], [-71.906907, -45.808633], [-71.911606, -45.807967], [-71.91497, -45.806535], [-71.924846, -45.80679], [-71.926707, -45.806152]], [[-71.926707, -45.806152], [-71.928991, -45.80573], [-71.932127, -45.806108], [-71.939445, -45.810112], [-71.941787, -45.809617], [-71.943233, -45.80762], [-71.948525, -45.80794], [-71.949461, -45.80678], [-71.952533, -45.805155], [-71.957532, -45.805709], [-71.95981, -45.808115], [-71.961645, -45.808615], [-71.962986, -45.808142], [-71.964923, -45.806053], [-71.974524, -45.804228], [-71.981495, -45.801457], [-71.983838, -45.801625], [-71.989201, -45.800506], [-71.990443, -45.798327], [-71.995114, -45.797833], [-71.998402, -45.795656], [-71.998253, -45.792976], [-71.999171, -45.791414], [-72.000952, -45.790704], [-72.005094, -45.791302], [-72.007089, -45.789462], [-72.011026, -45.788893], [-72.012314, -45.786417], [-72.015413, -45.785841], [-72.015456, -45.785033], [-72.014523, -45.784225], [-72.01461, -45.78302], [-72.020275, -45.78112], [-72.020746, -45.779702], [-72.02014, -45.777534], [-72.025547, -45.772805], [-72.025799, -45.77128], [-72.023774, -45.769629], [-72.023716, -45.767317], [-72.026213, -45.765554], [-72.028122, -45.762686], [-72.02816, -45.761606], [-72.029934, -45.760214], [-72.030017, -45.758515], [-72.029291, -45.7572], [-72.031135, -45.755257], [-72.031952, -45.751967], [-72.034641, -45.75066], [-72.036409, -45.748985], [-72.037012, -45.746833], [-72.044007, -45.746084], [-72.046024, -45.746683], [-72.057123, -45.742756], [-72.059928, -45.743568], [-72.068505, -45.743104], [-72.069885, -45.74249], [-72.070736, -45.74112], [-72.0691, -45.739589], [-72.068639, -45.738045], [-72.06645, -45.737219]], [[-72.06645, -45.737219], [-72.065978, -45.7365], [-72.069047, -45.734899], [-72.069219, -45.732696], [-72.070013, -45.732157], [-72.074159, -45.733879], [-72.075624, -45.733066], [-72.076042, -45.731587], [-72.080479, -45.728345], [-72.081406, -45.72524], [-72.082506, -45.724427], [-72.087248, -45.725622], [-72.097129, -45.725678], [-72.098148, -45.724941], [-72.098095, -45.721959], [-72.09958, -45.720761], [-72.105417, -45.719911], [-72.107251, -45.721656], [-72.108625, -45.721941], [-72.118785, -45.719237], [-72.119493, -45.717327], [-72.122497, -45.716001], [-72.123817, -45.713656], [-72.126778, -45.713154], [-72.128344, -45.713956], [-72.128827, -45.714892], [-72.132207, -45.714315], [-72.136273, -45.71454], [-72.137305, -45.715484], [-72.136466, -45.717244], [-72.136702, -45.718345], [-72.139223, -45.718686], [-72.141932, -45.720888], [-72.14388, -45.720997], [-72.146712, -45.723634], [-72.152452, -45.724592], [-72.15301, -45.728786], [-72.152232, -45.730254], [-72.15228, -45.731767], [-72.153364, -45.732389], [-72.16081, -45.732793], [-72.165858, -45.724502], [-72.173663, -45.721888], [-72.176173, -45.7203], [-72.178073, -45.717836], [-72.182321, -45.716443], [-72.181528, -45.71481], [-72.178931, -45.71451], [-72.176861, -45.713327], [-72.177697, -45.711206], [-72.178507, -45.710889], [-72.179578, -45.711103], [-72.180443, -45.712261], [-72.182075, -45.712547], [-72.180991, -45.709431], [-72.177504, -45.705969], [-72.176442, -45.702568], [-72.176656, -45.70116], [-72.178373, -45.699908], [-72.172837, -45.698372], [-72.170559, -45.694788]], [[-72.170559, -45.694788], [-72.168413, -45.69191], [-72.170119, -45.689894], [-72.17184, -45.688944], [-72.172719, -45.686523], [-72.172655, -45.684672], [-72.175868, -45.683207], [-72.175632, -45.681569], [-72.178432, -45.677956], [-72.177429, -45.676712], [-72.177504, -45.675707], [-72.181207, -45.672767], [-72.189998, -45.671141], [-72.188777, -45.668936], [-72.189075, -45.667847], [-72.186377, -45.665361], [-72.186061, -45.663018], [-72.187053, -45.662512], [-72.189123, -45.663102], [-72.190271, -45.662528], [-72.196001, -45.662336], [-72.196838, -45.659692], [-72.196585, -45.657983], [-72.194998, -45.656622], [-72.186443, -45.652987], [-72.182322, -45.652815], [-72.181439, -45.653014], [-72.180685, -45.654277], [-72.179644, -45.654379], [-72.175641, -45.652174], [-72.163767, -45.649005], [-72.157701, -45.646489], [-72.150604, -45.64688], [-72.148568, -45.644127], [-72.143313, -45.642661], [-72.142943, -45.640805], [-72.138233, -45.636957], [-72.135246, -45.633402], [-72.134908, -45.630146], [-72.131225, -45.629996], [-72.122511, -45.625747], [-72.120773, -45.623963], [-72.120315, -45.621479], [-72.119324, -45.620348]], [[-72.119324, -45.620348], [-72.118068, -45.620027], [-72.115054, -45.621191], [-72.112235, -45.620838], [-72.109298, -45.617878], [-72.109288, -45.616234], [-72.105307, -45.609727], [-72.099548, -45.607569], [-72.09722, -45.6049], [-72.096491, -45.602137], [-72.094753, -45.600972], [-72.094018, -45.599281], [-72.091156, -45.597567], [-72.08996, -45.595265], [-72.087146, -45.593893], [-72.086534, -45.59171], [-72.083799, -45.589325], [-72.083945, -45.588237], [-72.082125, -45.583989], [-72.081543, -45.580495], [-72.079543, -45.576543], [-72.079617, -45.5729], [-72.08065, -45.570685], [-72.079727, -45.568364], [-72.077976, -45.567414], [-72.0783, -45.566648], [-72.0774, -45.563124], [-72.075739, -45.560887], [-72.076015, -45.559095], [-72.075123, -45.557558], [-72.068254, -45.552319], [-72.066447, -45.548541]], [[-72.066447, -45.548541], [-72.066218, -45.546746], [-72.069888, -45.543817], [-72.071865, -45.540393], [-72.076392, -45.539656], [-72.077939, -45.538071], [-72.078387, -45.535864], [-72.081149, -45.535104], [-72.08971, -45.534882], [-72.091781, -45.535686], [-72.092569, -45.536953], [-72.101877, -45.540774], [-72.104119, -45.539106], [-72.106426, -45.538591], [-72.110277, -45.540454], [-72.115551, -45.541476], [-72.124772, -45.540297], [-72.129546, -45.5361], [-72.129305, -45.533747], [-72.13004, -45.532034], [-72.134251, -45.529948], [-72.134106, -45.528885], [-72.130372, -45.525502], [-72.133001, -45.523507], [-72.135587, -45.522954], [-72.13843, -45.519932], [-72.139149, -45.517767], [-72.138183, -45.514174], [-72.138553, -45.509129]], [[-72.138553, -45.509129], [-72.138226, -45.50649], [-72.136343, -45.505373], [-72.137319, -45.5027], [-72.140163, -45.502508], [-72.142828, -45.49947], [-72.146806, -45.498728], [-72.150496, -45.49952], [-72.151591, -45.50058], [-72.152587, -45.503051], [-72.155114, -45.503892], [-72.15682, -45.503569], [-72.161874, -45.500813], [-72.169462, -45.501278], [-72.173662, -45.500062], [-72.177239, -45.499996], [-72.178802, -45.499186], [-72.184601, -45.499682], [-72.188947, -45.499038], [-72.192895, -45.497086], [-72.199075, -45.495545], [-72.200829, -45.493571], [-72.208505, -45.495285], [-72.216343, -45.492732], [-72.226406, -45.497011], [-72.229249, -45.497173], [-72.233981, -45.495579], [-72.236872, -45.496428], [-72.241653, -45.493668], [-72.243479, -45.489977], [-72.249994, -45.491596], [-72.25185, -45.489298], [-72.258931, -45.486188], [-72.26598, -45.486556], [-72.270406, -45.484431], [-72.273538, -45.481393], [-72.278634, -45.481032], [-72.282518, -45.479554], [-72.286799, -45.478873], [-72.288344, -45.477331], [-72.29557, -45.472896]], [[-72.29557, -45.472896], [-72.299164, -45.470823], [-72.300897, -45.47138], [-72.302915, -45.471028], [-72.308404, -45.468888], [-72.311386, -45.468597], [-72.313261, -45.466222], [-72.315091, -45.466356], [-72.321088, -45.463648], [-72.324348, -45.463534], [-72.331883, -45.46144], [-72.335958, -45.458973], [-72.343181, -45.460277], [-72.35719, -45.45902], [-72.361615, -45.460585], [-72.368154, -45.461492], [-72.37288, -45.459461], [-72.379785, -45.458888], [-72.386744, -45.456796], [-72.397961, -45.454828], [-72.401056, -45.453356], [-72.401403, -45.452176], [-72.400391, -45.451487], [-72.396707, -45.451282], [-72.395419, -45.445796], [-72.396926, -45.444865], [-72.401657, -45.444203], [-72.405075, -45.442528], [-72.405142, -45.440034], [-72.403025, -45.436914], [-72.406567, -45.431287], [-72.409426, -45.430908], [-72.413259, -45.433497], [-72.416081, -45.433599], [-72.419812, -45.428936], [-72.42029, -45.423937], [-72.425589, -45.423418], [-72.429947, -45.42497], [-72.434938, -45.42551], [-72.448538, -45.424138], [-72.450336, -45.423039], [-72.453434, -45.418741], [-72.461702, -45.417273], [-72.464321, -45.418746], [-72.4655, -45.4207], [-72.46534, -45.423541], [-72.463642, -45.426594], [-72.464133, -45.427403], [-72.468259, -45.429736], [-72.471121, -45.430338], [-72.472968, -45.429299], [-72.472959, -45.428096], [-72.471967, -45.426732], [-72.472378, -45.425452], [-72.475803, -45.421099], [-72.477123, -45.418113], [-72.476449, -45.414268], [-72.477225, -45.410024], [-72.492953, -45.405286], [-72.496596, -45.405394], [-72.499026, -45.406394]]]}}, {"type": "Feature", "properties": {"id": "rio-manihuales", "name": "Río Mañihuales", "type": "river", "region": "aysen", "season": "2026-2027", "opens": "2026-10-12", "closes": "2027-05-06", "cat": "oct", "rule_level": "region", "phases": [{"s": "2026-10-12", "e": "2026-11-30", "mode": "catch_and_release", "label": "Pesca con devolución obligatoria"}, {"s": "2026-10-12", "e": "2027-01-15", "mode": "retention", "label": "Pesca con retención: 2 ejemplares sin límite de peso (salmon chinook)"}, {"s": "2026-12-01", "e": "2027-02-28", "mode": "retention", "label": "Pesca con retención: 3 ejemplares o hasta 15 kilos"}, {"s": "2027-03-01", "e": "2027-05-06", "mode": "catch_and_release", "label": "Pesca con devolución obligatoria"}], "veda": ["Prohibida cualquier actividad de pesca del 07 de mayo al 11 de octubre (años 2025-2027).", "Veda biológica del chinook: 16 de enero al 11 de octubre (años 2025-2027)."], "gear": ["Señuelos artificiales. Chinguillo."], "prohibitions": ["Prohibida la extracción todo el año en zonas de protección de desove: río Ñirehuao (sector Mañihuales) y río Mañihuales (sector El Toqui) — desove de salmón chinook abril-mayo — entre otras."], "sources": [{"doc": "Res. Ex. N° 3004, 31 dic 2024 (mod. Res. Ex. N° 893, 08 abr 2025), DZ Aysén", "url": null}]}, "geometry": {"type": "MultiLineString", "coordinates": [[[-72.027628, -44.990735], [-72.034427, -44.993045], [-72.037643, -44.993379], [-72.039062, -44.994393], [-72.042466, -44.993986], [-72.045842, -44.996096], [-72.05045, -44.995842], [-72.051982, -44.997089], [-72.053448, -44.997344], [-72.058802, -44.992276], [-72.060624, -44.991865], [-72.062797, -44.99193], [-72.066017, -44.993801], [-72.070604, -44.99445], [-72.074867, -44.993371], [-72.079044, -44.995112], [-72.083907, -44.995383], [-72.088038, -44.99673], [-72.091412, -44.995952], [-72.096509, -44.996971], [-72.098639, -44.996786], [-72.100048, -44.995814], [-72.107365, -44.995792], [-72.108918, -44.9971], [-72.112573, -44.997844], [-72.113281, -44.998902], [-72.119376, -45.001098], [-72.119778, -45.001963], [-72.122878, -45.00177], [-72.128876, -45.004508], [-72.128474, -45.00724], [-72.131854, -45.009143], [-72.135557, -45.009088], [-72.136247, -45.011104], [-72.137883, -45.011773], [-72.139201, -45.010667], [-72.141488, -45.010156], [-72.141104, -45.007329], [-72.142194, -45.006154], [-72.144132, -45.006063], [-72.144889, -45.005362], [-72.145286, -45.001671], [-72.150119, -44.999718], [-72.150548, -44.996854], [-72.149046, -44.99424], [-72.149183, -44.992666], [-72.150765, -44.991519], [-72.153332, -44.99259], [-72.155553, -44.992336], [-72.157028, -44.989612], [-72.158901, -44.987901], [-72.158729, -44.984084], [-72.160424, -44.983674], [-72.164458, -44.984979], [-72.167237, -44.982365], [-72.169718, -44.982192], [-72.174897, -44.986079], [-72.175946, -44.988009], [-72.175997, -44.990503], [-72.180324, -44.992713], [-72.182498, -44.994767], [-72.180525, -44.997737], [-72.180326, -45.000973], [-72.180852, -45.002794], [-72.178913, -45.003831], [-72.176764, -45.008039], [-72.171148, -45.007857], [-72.171566, -45.00964], [-72.169045, -45.011343], [-72.170456, -45.013607], [-72.169597, -45.015689], [-72.173352, -45.019845], [-72.173014, -45.021104], [-72.177564, -45.021456], [-72.17983, -45.023214], [-72.183486, -45.026973], [-72.183056, -45.028361], [-72.184137, -45.029491], [-72.181788, -45.031206], [-72.181158, -45.035511], [-72.175694, -45.0377], [-72.172065, -45.040492], [-72.171826, -45.041762], [-72.169578, -45.044468], [-72.169823, -45.046048], [-72.16625, -45.052545], [-72.164941, -45.059153], [-72.162538, -45.063034], [-72.159309, -45.065382], [-72.159201, -45.066868], [-72.161006, -45.068811], [-72.153185, -45.076479], [-72.151208, -45.082914], [-72.153182, -45.08549], [-72.153024, -45.087954], [-72.150961, -45.091122], [-72.150436, -45.093679], [-72.151422, -45.096174], [-72.149363, -45.098874], [-72.148714, -45.100868], [-72.150669, -45.103094], [-72.155754, -45.10536], [-72.156605, -45.10709], [-72.155696, -45.11011]], [[-72.155696, -45.11011], [-72.153077, -45.113464], [-72.153686, -45.116112], [-72.151455, -45.118317], [-72.151519, -45.121514], [-72.148283, -45.124131], [-72.148596, -45.125259], [-72.147507, -45.127116], [-72.147539, -45.129795], [-72.146498, -45.132838], [-72.14403, -45.135903], [-72.143483, -45.1403], [-72.146219, -45.145287], [-72.147223, -45.149993], [-72.15007, -45.155951], [-72.151386, -45.157319], [-72.154014, -45.158251], [-72.155886, -45.159804], [-72.155854, -45.170813], [-72.155113, -45.173563], [-72.152533, -45.178218], [-72.152833, -45.180056], [-72.164512, -45.18251], [-72.16913, -45.184181], [-72.177816, -45.19], [-72.188795, -45.194277], [-72.193211, -45.198717], [-72.20306, -45.203162], [-72.204273, -45.204984], [-72.203972, -45.206458], [-72.204992, -45.209776], [-72.20511, -45.213963], [-72.206547, -45.216783], [-72.208934, -45.217822], [-72.210967, -45.216988], [-72.213078, -45.217512], [-72.215489, -45.221778], [-72.217083, -45.223267], [-72.228949, -45.229761], [-72.233482, -45.233569], [-72.235649, -45.234049], [-72.239458, -45.233252], [-72.241674, -45.233535], [-72.250546, -45.237963], [-72.254435, -45.238692], [-72.257076, -45.239891], [-72.259548, -45.242242], [-72.260077, -45.243588], [-72.259489, -45.25127], [-72.264983, -45.25519], [-72.267582, -45.256015], [-72.269536, -45.258701], [-72.272995, -45.261048], [-72.273449, -45.262481], [-72.272215, -45.264326], [-72.273801, -45.265531], [-72.280362, -45.266358], [-72.281671, -45.266997], [-72.282853, -45.26882], [-72.285582, -45.26981], [-72.289587, -45.269803], [-72.290874, -45.271266], [-72.294654, -45.272262], [-72.295096, -45.273722], [-72.303373, -45.274088], [-72.305161, -45.275449], [-72.308556, -45.280153], [-72.312119, -45.281588], [-72.315742, -45.282084], [-72.316211, -45.283833], [-72.318293, -45.286674], [-72.323004, -45.289016], [-72.324956, -45.291533], [-72.331686, -45.293641], [-72.334017, -45.29359], [-72.348274, -45.300865], [-72.351569, -45.303836], [-72.354302, -45.303087], [-72.355092, -45.304077], [-72.356365, -45.304298], [-72.358306, -45.306765], [-72.360257, -45.30719], [-72.361495, -45.30623], [-72.376626, -45.311447], [-72.379888, -45.311962], [-72.391291, -45.316031], [-72.393182, -45.316182], [-72.395686, -45.317524], [-72.396162, -45.320068], [-72.397165, -45.320898], [-72.410457, -45.326233], [-72.415542, -45.332015], [-72.420615, -45.334015], [-72.424546, -45.33397], [-72.429353, -45.337841], [-72.436316, -45.339055], [-72.444296, -45.342746], [-72.450025, -45.343652], [-72.454447, -45.345195], [-72.456967, -45.347859], [-72.457935, -45.352551], [-72.455843, -45.352869], [-72.453675, -45.351297], [-72.451513, -45.351233], [-72.444288, -45.354973], [-72.442957, -45.357423], [-72.443345, -45.359679], [-72.446316, -45.362413], [-72.447883, -45.367494], [-72.447797, -45.370961], [-72.445157, -45.374684], [-72.446252, -45.378362], [-72.45404, -45.383494], [-72.457892, -45.38684], [-72.466778, -45.391446], [-72.471138, -45.396191], [-72.473372, -45.397627], [-72.476187, -45.398618], [-72.479129, -45.398778], [-72.487112, -45.397501], [-72.495131, -45.402043], [-72.498484, -45.404876], [-72.499026, -45.406394]], [[-72.155696, -45.11011], [-72.153077, -45.113464], [-72.153686, -45.116112], [-72.151455, -45.118317], [-72.151519, -45.121514], [-72.148283, -45.124131], [-72.148596, -45.125259], [-72.147507, -45.127116], [-72.147539, -45.129795], [-72.146498, -45.132838], [-72.14403, -45.135903], [-72.143483, -45.1403], [-72.146219, -45.145287], [-72.147223, -45.149993], [-72.15007, -45.155951], [-72.151386, -45.157319], [-72.154014, -45.158251], [-72.155886, -45.159804], [-72.155854, -45.170813], [-72.155113, -45.173563], [-72.152533, -45.178218], [-72.152833, -45.180056], [-72.164512, -45.18251], [-72.16913, -45.184181], [-72.177816, -45.19], [-72.188795, -45.194277], [-72.193211, -45.198717], [-72.20306, -45.203162], [-72.204273, -45.204984], [-72.203972, -45.206458], [-72.204992, -45.209776], [-72.20511, -45.213963], [-72.206547, -45.216783], [-72.208934, -45.217822], [-72.210967, -45.216988], [-72.213078, -45.217512], [-72.215489, -45.221778], [-72.217083, -45.223267], [-72.228949, -45.229761], [-72.233482, -45.233569], [-72.235649, -45.234049], [-72.239458, -45.233252], [-72.241674, -45.233535], [-72.250546, -45.237963], [-72.254435, -45.238692], [-72.257076, -45.239891], [-72.259548, -45.242242], [-72.260077, -45.243588], [-72.259489, -45.25127], [-72.264983, -45.25519], [-72.267582, -45.256015], [-72.269536, -45.258701], [-72.272995, -45.261048], [-72.273449, -45.262481], [-72.272215, -45.264326], [-72.273801, -45.265531], [-72.280362, -45.266358], [-72.281671, -45.266997], [-72.282853, -45.26882], [-72.285582, -45.26981], [-72.289587, -45.269803], [-72.290874, -45.271266], [-72.294654, -45.272262], [-72.295096, -45.273722], [-72.303373, -45.274088], [-72.305161, -45.275449], [-72.308556, -45.280153], [-72.312119, -45.281588], [-72.315742, -45.282084], [-72.316211, -45.283833], [-72.318293, -45.286674], [-72.323004, -45.289016], [-72.324956, -45.291533], [-72.331686, -45.293641], [-72.334017, -45.29359], [-72.348274, -45.300865], [-72.351569, -45.303836], [-72.354302, -45.303087], [-72.355092, -45.304077], [-72.356365, -45.304298], [-72.358306, -45.306765], [-72.360257, -45.30719], [-72.361495, -45.30623], [-72.376626, -45.311447], [-72.379888, -45.311962], [-72.391291, -45.316031], [-72.393182, -45.316182], [-72.395686, -45.317524], [-72.396162, -45.320068], [-72.397165, -45.320898], [-72.410457, -45.326233], [-72.415542, -45.332015], [-72.420615, -45.334015], [-72.424546, -45.33397], [-72.429353, -45.337841], [-72.436316, -45.339055], [-72.444296, -45.342746], [-72.450025, -45.343652], [-72.454447, -45.345195], [-72.456967, -45.347859], [-72.457935, -45.352551], [-72.455843, -45.352869], [-72.453675, -45.351297], [-72.451513, -45.351233], [-72.444288, -45.354973], [-72.442957, -45.357423], [-72.443345, -45.359679], [-72.446316, -45.362413], [-72.447883, -45.367494], [-72.447797, -45.370961], [-72.445157, -45.374684], [-72.446252, -45.378362], [-72.45404, -45.383494], [-72.457892, -45.38684], [-72.466778, -45.391446], [-72.471138, -45.396191], [-72.473372, -45.397627], [-72.476187, -45.398618], [-72.479129, -45.398778], [-72.487112, -45.397501], [-72.495131, -45.402043], [-72.498484, -45.404876], [-72.499026, -45.406394]], [[-72.027628, -44.990735], [-72.034427, -44.993045], [-72.037643, -44.993379], [-72.039062, -44.994393], [-72.042466, -44.993986], [-72.045842, -44.996096], [-72.05045, -44.995842], [-72.051982, -44.997089], [-72.053448, -44.997344], [-72.058802, -44.992276], [-72.060624, -44.991865], [-72.062797, -44.99193], [-72.066017, -44.993801], [-72.070604, -44.99445], [-72.074867, -44.993371], [-72.079044, -44.995112], [-72.083907, -44.995383], [-72.088038, -44.99673], [-72.091412, -44.995952], [-72.096509, -44.996971], [-72.098639, -44.996786], [-72.100048, -44.995814], [-72.107365, -44.995792], [-72.108918, -44.9971], [-72.112573, -44.997844], [-72.113281, -44.998902], [-72.119376, -45.001098], [-72.119778, -45.001963], [-72.122878, -45.00177], [-72.128876, -45.004508], [-72.128474, -45.00724], [-72.131854, -45.009143], [-72.135557, -45.009088], [-72.136247, -45.011104], [-72.137883, -45.011773], [-72.139201, -45.010667], [-72.141488, -45.010156], [-72.141104, -45.007329], [-72.142194, -45.006154], [-72.144132, -45.006063], [-72.144889, -45.005362], [-72.145286, -45.001671], [-72.150119, -44.999718], [-72.150548, -44.996854], [-72.149046, -44.99424], [-72.149183, -44.992666], [-72.150765, -44.991519], [-72.153332, -44.99259], [-72.155553, -44.992336], [-72.157028, -44.989612], [-72.158901, -44.987901], [-72.158729, -44.984084], [-72.160424, -44.983674], [-72.164458, -44.984979], [-72.167237, -44.982365], [-72.169718, -44.982192], [-72.174897, -44.986079], [-72.175946, -44.988009], [-72.175997, -44.990503], [-72.180324, -44.992713], [-72.182498, -44.994767], [-72.180525, -44.997737], [-72.180326, -45.000973], [-72.180852, -45.002794], [-72.178913, -45.003831], [-72.176764, -45.008039], [-72.171148, -45.007857], [-72.171566, -45.00964], [-72.169045, -45.011343], [-72.170456, -45.013607], [-72.169597, -45.015689], [-72.173352, -45.019845], [-72.173014, -45.021104], [-72.177564, -45.021456], [-72.17983, -45.023214], [-72.183486, -45.026973], [-72.183056, -45.028361], [-72.184137, -45.029491], [-72.181788, -45.031206], [-72.181158, -45.035511], [-72.175694, -45.0377], [-72.172065, -45.040492], [-72.171826, -45.041762], [-72.169578, -45.044468], [-72.169823, -45.046048], [-72.16625, -45.052545], [-72.164941, -45.059153], [-72.162538, -45.063034], [-72.159309, -45.065382], [-72.159201, -45.066868], [-72.161006, -45.068811], [-72.153185, -45.076479], [-72.151208, -45.082914], [-72.153182, -45.08549], [-72.153024, -45.087954], [-72.150961, -45.091122], [-72.150436, -45.093679], [-72.151422, -45.096174], [-72.149363, -45.098874], [-72.148714, -45.100868], [-72.150669, -45.103094], [-72.155754, -45.10536], [-72.156605, -45.10709], [-72.155696, -45.11011]]]}}, {"type": "Feature", "properties": {"id": "rio-nirehuao", "name": "Río Ñirehuao", "type": "river", "region": "aysen", "season": "2026-2027", "opens": "2026-10-12", "closes": "2027-05-06", "cat": "oct", "rule_level": "region", "phases": [{"s": "2026-10-12", "e": "2026-11-30", "mode": "catch_and_release", "label": "Pesca con devolución obligatoria"}, {"s": "2026-10-12", "e": "2027-01-15", "mode": "retention", "label": "Pesca con retención: 2 ejemplares sin límite de peso (salmon chinook)"}, {"s": "2026-12-01", "e": "2027-02-28", "mode": "retention", "label": "Pesca con retención: 3 ejemplares o hasta 15 kilos"}, {"s": "2027-03-01", "e": "2027-05-06", "mode": "catch_and_release", "label": "Pesca con devolución obligatoria"}], "veda": ["Prohibida cualquier actividad de pesca del 07 de mayo al 11 de octubre (años 2025-2027).", "Veda biológica del chinook: 16 de enero al 11 de octubre (años 2025-2027)."], "gear": ["Señuelos artificiales. Chinguillo."], "prohibitions": ["Prohibida la extracción todo el año en zonas de protección de desove: río Ñirehuao (sector Mañihuales) y río Mañihuales (sector El Toqui) — desove de salmón chinook abril-mayo — entre otras."], "sources": [{"doc": "Res. Ex. N° 3004, 31 dic 2024 (mod. Res. Ex. N° 893, 08 abr 2025), DZ Aysén", "url": null}]}, "geometry": {"type": "MultiLineString", "coordinates": [[[-71.632058, -44.983424], [-71.631922, -44.985006], [-71.630559, -44.986347], [-71.631867, -44.989903], [-71.631151, -44.991413], [-71.63137, -44.992489], [-71.628932, -44.99395], [-71.627259, -44.996948], [-71.625878, -44.99761], [-71.623953, -45.001649], [-71.625193, -45.002909], [-71.631088, -45.004143], [-71.632615, -45.007569], [-71.631829, -45.008489], [-71.631163, -45.011412], [-71.627519, -45.01118], [-71.623139, -45.012409], [-71.617095, -45.012463], [-71.609727, -45.010097], [-71.606837, -45.010008], [-71.605624, -45.008931], [-71.603966, -45.009205], [-71.603234, -45.008421], [-71.600153, -45.00793], [-71.59923, -45.006989], [-71.597445, -45.008397], [-71.59202, -45.009781], [-71.59013, -45.013477], [-71.589632, -45.017522], [-71.589703, -45.019883], [-71.59122, -45.024226], [-71.590862, -45.026071], [-71.58421, -45.029347], [-71.579618, -45.035443], [-71.577101, -45.036842], [-71.576006, -45.038918], [-71.576519, -45.04015], [-71.577919, -45.041011], [-71.577021, -45.042574], [-71.575213, -45.043404], [-71.575, -45.045741], [-71.575525, -45.046609], [-71.57341, -45.047456], [-71.574015, -45.049344], [-71.572895, -45.050154], [-71.571938, -45.052727], [-71.572968, -45.053545], [-71.572839, -45.054606], [-71.57002, -45.056703], [-71.570908, -45.057335], [-71.571852, -45.059427], [-71.571093, -45.059947], [-71.571852, -45.060609], [-71.568561, -45.065009], [-71.570822, -45.066944], [-71.568432, -45.069555], [-71.569333, -45.069646], [-71.569106, -45.071157], [-71.567402, -45.072253], [-71.568977, -45.07343], [-71.568591, -45.074491], [-71.570792, -45.07398], [-71.570736, -45.07537], [-71.569363, -45.076885], [-71.56723, -45.077011], [-71.568162, -45.077976], [-71.567702, -45.078587], [-71.569247, -45.079011], [-71.569063, -45.079643], [-71.570363, -45.080526], [-71.570264, -45.081037], [-71.567046, -45.080824], [-71.567689, -45.081764], [-71.567046, -45.082673], [-71.568076, -45.083097], [-71.568548, -45.082218], [-71.570865, -45.082976], [-71.569419, -45.08598], [-71.570621, -45.087889], [-71.571552, -45.088006], [-71.57138, -45.089824], [-71.572895, -45.091707], [-71.573054, -45.093581], [-71.572324, -45.094429], [-71.56929, -45.093767], [-71.568805, -45.098216], [-71.569964, -45.099821], [-71.567745, -45.099674], [-71.569148, -45.102244], [-71.566788, -45.104577], [-71.567217, -45.108181], [-71.567861, -45.108999], [-71.565281, -45.110237], [-71.564857, -45.109908], [-71.563141, -45.113419], [-71.562153, -45.112815], [-71.561565, -45.11388], [-71.562411, -45.114814], [-71.562209, -45.115636], [-71.563956, -45.116298], [-71.561767, -45.116571], [-71.560106, -45.117968], [-71.55932, -45.11883], [-71.559933, -45.11979], [-71.559667, -45.120991], [-71.556764, -45.120177], [-71.556677, -45.122056], [-71.558786, -45.123455], [-71.554854, -45.123941], [-71.553219, -45.125031], [-71.552603, -45.125631], [-71.553433, -45.126875], [-71.552575, -45.126859], [-71.551869, -45.127811], [-71.553396, -45.128053], [-71.550663, -45.129879], [-71.549295, -45.12941], [-71.549212, -45.130493], [-71.548528, -45.130516], [-71.548176, -45.131507], [-71.550596, -45.131269], [-71.549015, -45.132663], [-71.548084, -45.132227], [-71.545331, -45.132997], [-71.546764, -45.13474], [-71.546008, -45.134773], [-71.546503, -45.135169], [-71.54807, -45.134869], [-71.548715, -45.135479], [-71.549082, -45.137639], [-71.550976, -45.140505], [-71.549463, -45.145335], [-71.546292, -45.146595], [-71.542575, -45.150743], [-71.540786, -45.151845], [-71.538951, -45.151044], [-71.535694, -45.152504], [-71.535573, -45.15155], [-71.533295, -45.151113], [-71.531021, -45.153035], [-71.530293, -45.153021], [-71.529278, -45.152642], [-71.529121, -45.151598], [-71.527735, -45.151385], [-71.527384, -45.15225], [-71.52839, -45.153182], [-71.527885, -45.154464], [-71.526061, -45.155244], [-71.527006, -45.155622], [-71.526679, -45.157308], [-71.527683, -45.15751], [-71.527075, -45.158662], [-71.5283, -45.159302], [-71.528051, -45.160167], [-71.529149, -45.160555], [-71.528892, -45.1624], [-71.527793, -45.163041], [-71.526839, -45.162416], [-71.527238, -45.163788], [-71.526564, -45.164434], [-71.526409, -45.166952], [-71.525595, -45.166842], [-71.524566, -45.165567], [-71.52341, -45.165863], [-71.521957, -45.164426], [-71.520331, -45.165152], [-71.518918, -45.164003], [-71.517526, -45.164321], [-71.516206, -45.165606], [-71.517595, -45.165681], [-71.517998, -45.166271], [-71.516844, -45.167113], [-71.511406, -45.166867], [-71.510776, -45.167105], [-71.511477, -45.168448], [-71.509949, -45.169068], [-71.506329, -45.168449], [-71.500636, -45.169476], [-71.497124, -45.168535], [-71.49566, -45.16951], [-71.494055, -45.168904], [-71.493909, -45.167319], [-71.491751, -45.168393], [-71.490656, -45.167998], [-71.490412, -45.166212], [-71.488039, -45.166455], [-71.48633, -45.165331], [-71.484332, -45.166934], [-71.484472, -45.167939], [-71.481653, -45.167455], [-71.480468, -45.168056], [-71.48031, -45.169274], [-71.475729, -45.167504], [-71.475345, -45.168151], [-71.476107, -45.16916], [-71.47292, -45.170057], [-71.469305, -45.16792], [-71.470796, -45.17045], [-71.470115, -45.170821], [-71.468015, -45.170106], [-71.467132, -45.172908], [-71.464257, -45.173797], [-71.463506, -45.173252], [-71.463752, -45.172008], [-71.462749, -45.1716], [-71.462154, -45.173298], [-71.46092, -45.174353], [-71.462009, -45.175109], [-71.46015, -45.176675], [-71.457723, -45.175087], [-71.456741, -45.1761], [-71.455347, -45.17492], [-71.454188, -45.175253], [-71.455357, -45.176645], [-71.454467, -45.178187], [-71.452611, -45.178187], [-71.451098, -45.179201], [-71.44903, -45.179102], [-71.449169, -45.181647], [-71.447536, -45.181651], [-71.446946, -45.183164], [-71.446002, -45.182778], [-71.445283, -45.183459], [-71.445519, -45.184252], [-71.444424, -45.184044], [-71.444795, -45.185345], [-71.443325, -45.184789], [-71.442507, -45.186071], [-71.440495, -45.186377], [-71.440482, -45.187217], [-71.437107, -45.18705], [-71.437086, -45.188358], [-71.438046, -45.188132], [-71.438266, -45.188789], [-71.43509, -45.190098], [-71.436501, -45.191334], [-71.434779, -45.192098], [-71.435128, -45.192941], [-71.434452, -45.193651], [-71.433395, -45.193545], [-71.433256, -45.192767], [-71.430622, -45.193833], [-71.430901, -45.194816], [-71.429466, -45.194158], [-71.429216, -45.194646], [-71.430466, -45.195957], [-71.428828, -45.195821], [-71.428334, -45.196502], [-71.427344, -45.196207], [-71.427334, -45.19508], [-71.425939, -45.194937], [-71.425123, -45.195715], [-71.426843, -45.196101], [-71.426486, -45.196796], [-71.423739, -45.197001], [-71.425392, -45.197401], [-71.42536, -45.198256], [-71.423764, -45.198256], [-71.422516, -45.199473], [-71.420746, -45.199178], [-71.4208, -45.199883], [-71.422543, -45.200861], [-71.419406, -45.20002], [-71.41971, -45.199126], [-71.418534, -45.198916], [-71.417919, -45.199667], [-71.420056, -45.202001], [-71.417411, -45.202122], [-71.416916, -45.202827], [-71.416599, -45.201467], [-71.415674, -45.201733]], [[-71.415674, -45.201733], [-71.41536, -45.203139], [-71.416487, -45.203767], [-71.414773, -45.204674], [-71.416691, -45.20518], [-71.41476, -45.207161], [-71.413257, -45.207705], [-71.413912, -45.208529], [-71.412978, -45.208672], [-71.411434, -45.20769], [-71.41061, -45.208143], [-71.410232, -45.209391], [-71.408837, -45.20958], [-71.410039, -45.210388], [-71.409181, -45.211129], [-71.410127, -45.212308], [-71.409312, -45.213767], [-71.410513, -45.214462], [-71.410632, -45.215437], [-71.408998, -45.216012], [-71.408408, -45.217795], [-71.406895, -45.217417], [-71.407099, -45.218491], [-71.404878, -45.217833], [-71.405165, -45.218449], [-71.404226, -45.219133], [-71.404374, -45.2201], [-71.403288, -45.220629], [-71.404924, -45.220962], [-71.40516, -45.222209], [-71.40307, -45.221623], [-71.402861, -45.222556], [-71.404352, -45.223127], [-71.401094, -45.222658], [-71.400404, -45.223214], [-71.400399, -45.224268], [-71.398588, -45.225054], [-71.399173, -45.226028], [-71.397199, -45.226021], [-71.397907, -45.226826], [-71.396933, -45.227521], [-71.397247, -45.228144], [-71.395667, -45.228356], [-71.397325, -45.228469], [-71.397802, -45.229055], [-71.395499, -45.22944], [-71.394281, -45.230906], [-71.393036, -45.230963], [-71.390694, -45.233483], [-71.392055, -45.234189], [-71.391617, -45.235726], [-71.390641, -45.23632], [-71.390941, -45.237453], [-71.388404, -45.237268], [-71.388634, -45.238514], [-71.387792, -45.238832], [-71.386848, -45.238257], [-71.385759, -45.240501], [-71.3832, -45.240244], [-71.384761, -45.241967], [-71.383651, -45.24424], [-71.382465, -45.244191], [-71.38154, -45.245], [-71.382973, -45.246035], [-71.380695, -45.246922], [-71.381983, -45.247326], [-71.381784, -45.247817], [-71.379634, -45.248394], [-71.381222, -45.249421], [-71.380278, -45.249814], [-71.378347, -45.248756], [-71.375171, -45.251687], [-71.374484, -45.25347], [-71.371742, -45.25568], [-71.371415, -45.256781], [-71.370023, -45.256023], [-71.370157, -45.257022], [-71.368759, -45.256915], [-71.368239, -45.257815], [-71.369264, -45.259122], [-71.368657, -45.259892], [-71.369143, -45.260311], [-71.365657, -45.261783], [-71.36779, -45.263469], [-71.367598, -45.263906], [-71.365699, -45.264918], [-71.364661, -45.264259], [-71.364623, -45.264988], [-71.366155, -45.265607], [-71.365812, -45.266301], [-71.364741, -45.266111], [-71.363896, -45.266941], [-71.362832, -45.266286], [-71.362183, -45.267049], [-71.362842, -45.267381], [-71.362714, -45.268023], [-71.361552, -45.26687], [-71.360501, -45.266745], [-71.360219, -45.268036], [-71.361745, -45.268321], [-71.362016, -45.269456], [-71.363073, -45.269239], [-71.36097, -45.270573], [-71.361201, -45.272433], [-71.362145, -45.273427], [-71.360731, -45.273488], [-71.361641, -45.2752], [-71.360141, -45.275781], [-71.361035, -45.276851], [-71.362521, -45.276851], [-71.36192, -45.277786], [-71.36263, -45.278695], [-71.358563, -45.279838], [-71.36191, -45.281408], [-71.364442, -45.280079], [-71.366245, -45.280895], [-71.372596, -45.289077], [-71.378776, -45.291372], [-71.380819, -45.290874], [-71.381038, -45.291788], [-71.382916, -45.291711], [-71.383664, -45.291047], [-71.387838, -45.292344], [-71.386401, -45.292883], [-71.38935, -45.292937], [-71.39105, -45.294738], [-71.388861, -45.295448], [-71.389066, -45.296373], [-71.390406, -45.296746], [-71.391547, -45.296314], [-71.391436, -45.295206], [-71.392809, -45.295598], [-71.393281, -45.297017], [-71.396758, -45.297591], [-71.39886, -45.296655], [-71.405641, -45.296776], [-71.411177, -45.300368], [-71.416584, -45.301334], [-71.420404, -45.303296], [-71.421176, -45.305469], [-71.420103, -45.306435], [-71.418044, -45.306979], [-71.419159, -45.308729], [-71.420447, -45.310148], [-71.422807, -45.310178], [-71.426498, -45.311898], [-71.427871, -45.314584], [-71.430232, -45.315339], [-71.435467, -45.313105], [-71.437398, -45.311506], [-71.440403, -45.310993], [-71.444265, -45.311687], [-71.442505, -45.313196], [-71.443836, -45.316033], [-71.443492, -45.31736], [-71.445853, -45.318085], [-71.447569, -45.323154], [-71.442977, -45.325357], [-71.443964, -45.326805], [-71.445896, -45.327228], [-71.449973, -45.330124], [-71.449329, -45.331693], [-71.450187, -45.334227], [-71.449329, -45.335464], [-71.458041, -45.338149], [-71.462504, -45.341527], [-71.462645, -45.342116], [-71.461088, -45.343186], [-71.461698, -45.344797], [-71.459413, -45.346206], [-71.46015, -45.347179], [-71.459825, -45.347751], [-71.460681, -45.349886], [-71.464412, -45.350696], [-71.464782, -45.351379], [-71.463486, -45.351793], [-71.464705, -45.353352], [-71.466581, -45.353361], [-71.466894, -45.355567], [-71.46813, -45.355489], [-71.470417, -45.356737], [-71.470625, -45.358745], [-71.469971, -45.361218], [-71.46747, -45.362985], [-71.471116, -45.367316], [-71.46983, -45.369073], [-71.469842, -45.370538], [-71.47112, -45.37097], [-71.471186, -45.372739], [-71.473073, -45.373911], [-71.473496, -45.374879], [-71.472738, -45.375777], [-71.473806, -45.377828]], [[-71.697321, -45.23334], [-71.699464, -45.234823], [-71.702729, -45.235239], [-71.702995, -45.236063], [-71.702319, -45.236993], [-71.706085, -45.23661], [-71.707549, -45.238378], [-71.707795, -45.237433], [-71.709264, -45.237338], [-71.712018, -45.238896], [-71.712939, -45.238294], [-71.712284, -45.23738], [-71.713053, -45.236618], [-71.713793, -45.237226], [-71.717971, -45.2367], [-71.718718, -45.237589], [-71.718588, -45.239552], [-71.723106, -45.239194], [-71.723149, -45.238261], [-71.721404, -45.238086], [-71.722343, -45.236401], [-71.721813, -45.235122], [-71.724236, -45.23438], [-71.724187, -45.235569], [-71.726098, -45.234985]], [[-71.473806, -45.377828], [-71.475331, -45.377704], [-71.476594, -45.378515], [-71.479274, -45.377753], [-71.481134, -45.376023], [-71.479308, -45.37495], [-71.480156, -45.374122], [-71.481928, -45.374613], [-71.490704, -45.370379], [-71.492904, -45.366836], [-71.492616, -45.365862], [-71.49647, -45.364134], [-71.49639, -45.361978], [-71.498276, -45.36143], [-71.498481, -45.360634], [-71.496964, -45.359419], [-71.497234, -45.358872], [-71.501529, -45.358177], [-71.504602, -45.356621], [-71.504821, -45.355599], [-71.506928, -45.354751], [-71.509975, -45.352226], [-71.515189, -45.352147], [-71.521126, -45.349256], [-71.521539, -45.34785], [-71.524132, -45.346302], [-71.525503, -45.346112], [-71.52596, -45.345714], [-71.524113, -45.343131], [-71.525621, -45.342422], [-71.526788, -45.340829], [-71.525567, -45.339741], [-71.529352, -45.338616], [-71.528995, -45.337354], [-71.532226, -45.336158], [-71.531402, -45.334569], [-71.532897, -45.332352], [-71.534587, -45.331896], [-71.535097, -45.331151], [-71.534472, -45.329663], [-71.536229, -45.32913], [-71.535741, -45.327364], [-71.538363, -45.32613], [-71.538953, -45.324982], [-71.537902, -45.32384], [-71.539449, -45.323015], [-71.540223, -45.321729], [-71.541471, -45.321836], [-71.542599, -45.320912], [-71.542875, -45.321847], [-71.544076, -45.321448], [-71.545309, -45.31916], [-71.546534, -45.31981], [-71.550624, -45.319532], [-71.551537, -45.317909], [-71.550926, -45.317388], [-71.552655, -45.317303], [-71.552881, -45.315605], [-71.555077, -45.314543], [-71.555299, -45.312651], [-71.557179, -45.311947], [-71.557168, -45.311175], [-71.555624, -45.310356], [-71.558864, -45.310154], [-71.559826, -45.30943], [-71.558811, -45.308569], [-71.559685, -45.308328], [-71.563577, -45.307935], [-71.564733, -45.308603], [-71.566537, -45.305869], [-71.567543, -45.307239], [-71.569588, -45.306561], [-71.57085, -45.306911], [-71.572468, -45.306131], [-71.573393, -45.303554], [-71.574746, -45.302106], [-71.576251, -45.30116], [-71.578419, -45.300831], [-71.578214, -45.300403], [-71.581876, -45.298638], [-71.583213, -45.297027], [-71.5849, -45.297589], [-71.587587, -45.296257], [-71.588194, -45.295831], [-71.588053, -45.294781], [-71.596413, -45.2901], [-71.596531, -45.289494], [-71.595764, -45.289271], [-71.596858, -45.288165], [-71.599094, -45.288191], [-71.599781, -45.286501], [-71.598769, -45.285325], [-71.602399, -45.283989], [-71.602296, -45.283127], [-71.604088, -45.282802], [-71.604949, -45.283421], [-71.605952, -45.28206], [-71.607135, -45.281696], [-71.609638, -45.282106], [-71.609933, -45.281322], [-71.608085, -45.280962], [-71.610711, -45.279652], [-71.612333, -45.27953], [-71.614745, -45.280405], [-71.615152, -45.279227], [-71.618355, -45.277536], [-71.623615, -45.27771], [-71.623918, -45.27734], [-71.62307, -45.276595], [-71.624095, -45.276004], [-71.624089, -45.274896], [-71.625503, -45.274003], [-71.626777, -45.275019], [-71.630964, -45.273729], [-71.632654, -45.274692], [-71.632863, -45.273522], [-71.633788, -45.27311], [-71.635931, -45.274065], [-71.638573, -45.272991], [-71.638946, -45.274279], [-71.638219, -45.275073], [-71.642656, -45.277015], [-71.644005, -45.275496], [-71.645424, -45.275851], [-71.64529, -45.276595], [-71.646159, -45.276523], [-71.64596, -45.274713], [-71.648213, -45.275396], [-71.647634, -45.276453], [-71.649147, -45.276453], [-71.65089, -45.274388], [-71.651502, -45.274524], [-71.651486, -45.276691], [-71.652782, -45.276565], [-71.654222, -45.274701], [-71.656818, -45.276166], [-71.658523, -45.274107], [-71.661209, -45.274071], [-71.662212, -45.275162], [-71.66334, -45.274285], [-71.663, -45.27351], [-71.665331, -45.27218]], [[-71.7064, -45.216762], [-71.712377, -45.218838], [-71.712344, -45.220405], [-71.710907, -45.222919], [-71.709716, -45.227272], [-71.718117, -45.228685], [-71.718967, -45.229197], [-71.718159, -45.229651], [-71.718775, -45.230965], [-71.721969, -45.233698], [-71.722843, -45.23411], [-71.724361, -45.233456], [-71.726098, -45.234985]], [[-71.726098, -45.234985], [-71.726571, -45.234348], [-71.727355, -45.234756], [-71.726221, -45.237112], [-71.728969, -45.237744], [-71.730117, -45.236856], [-71.729349, -45.233647], [-71.730481, -45.233073], [-71.733769, -45.234581], [-71.737912, -45.235126], [-71.738539, -45.236395], [-71.741163, -45.236765], [-71.742423, -45.238971]], [[-71.742423, -45.238971], [-71.742838, -45.240625], [-71.74204, -45.241237], [-71.741863, -45.242469], [-71.744085, -45.243527], [-71.745831, -45.243012], [-71.74819, -45.241022], [-71.750955, -45.241055], [-71.753876, -45.24231], [-71.755582, -45.240709], [-71.759208, -45.239043], [-71.763666, -45.239141], [-71.762502, -45.235349], [-71.763409, -45.234446], [-71.766096, -45.234397], [-71.766874, -45.233509], [-71.766086, -45.230955], [-71.76828, -45.229863], [-71.768822, -45.228738], [-71.765217, -45.226493], [-71.765404, -45.225167], [-71.767952, -45.223104], [-71.767899, -45.221536], [-71.766788, -45.220361], [-71.767464, -45.219465], [-71.770356, -45.219159], [-71.769342, -45.217618], [-71.766531, -45.21577], [-71.766365, -45.215014], [-71.770222, -45.214836], [-71.772153, -45.215604], [-71.771724, -45.216658], [-71.770264, -45.216998], [-71.770264, -45.217829], [-71.771868, -45.217365], [-71.774765, -45.217844], [-71.774438, -45.219787], [-71.775211, -45.219949], [-71.776031, -45.217365], [-71.777437, -45.216586], [-71.776637, -45.215551], [-71.778139, -45.214784], [-71.777619, -45.213574], [-71.778912, -45.213453], [-71.779776, -45.215214], [-71.781015, -45.214731], [-71.781723, -45.212977], [-71.782924, -45.212724], [-71.785317, -45.213582], [-71.78624, -45.213219], [-71.786519, -45.212414], [-71.783847, -45.210883], [-71.784904, -45.210279], [-71.7869, -45.210861], [-71.788117, -45.212663], [-71.789941, -45.213057], [-71.791475, -45.211964], [-71.792028, -45.210214], [-71.794828, -45.209398], [-71.796169, -45.209519], [-71.796792, -45.210396], [-71.792929, -45.211575], [-71.792457, -45.212686], [-71.792929, -45.213782], [-71.794657, -45.21456], [-71.800903, -45.214355], [-71.801746, -45.215115], [-71.801312, -45.216378], [-71.802271, -45.216507], [-71.80364, -45.214712], [-71.80657, -45.212851], [-71.806102, -45.211841], [-71.80355, -45.21015], [-71.801416, -45.209458], [-71.801324, -45.208858], [-71.803311, -45.206973], [-71.804371, -45.206822], [-71.805909, -45.208197], [-71.807316, -45.208094], [-71.811079, -45.206725], [-71.811453, -45.204552], [-71.812362, -45.20416], [-71.814289, -45.206252], [-71.817093, -45.2068], [-71.82168, -45.201635], [-71.824701, -45.200862], [-71.827312, -45.198522], [-71.825888, -45.196748], [-71.826258, -45.194585], [-71.834506, -45.192941], [-71.840976, -45.193129], [-71.840755, -45.192002], [-71.837684, -45.190141], [-71.83819, -45.188656], [-71.837556, -45.18696], [-71.838952, -45.18497], [-71.835887, -45.182801], [-71.833763, -45.179976], [-71.833747, -45.178926], [-71.83506, -45.178661], [-71.835761, -45.176927], [-71.835154, -45.175113], [-71.833254, -45.17444], [-71.832629, -45.173148], [-71.833445, -45.171804], [-71.8357, -45.171033], [-71.838612, -45.171352], [-71.841095, -45.170692], [-71.843263, -45.16835], [-71.850282, -45.164352], [-71.853587, -45.163159], [-71.854996, -45.161027], [-71.857917, -45.160213], [-71.863346, -45.161282], [-71.865457, -45.160553], [-71.865859, -45.15944], [-71.866669, -45.15913], [-71.868799, -45.160072], [-71.869499, -45.161054], [-71.869305, -45.162073], [-71.871615, -45.162791], [-71.874758, -45.161017], [-71.874071, -45.164849], [-71.875504, -45.165779], [-71.874935, -45.168427], [-71.875504, -45.168956], [-71.87913, -45.16772], [-71.882193, -45.167478], [-71.886758, -45.169055], [-71.890148, -45.168453], [-71.891951, -45.170238], [-71.892729, -45.170235], [-71.89576, -45.167358], [-71.898721, -45.166997], [-71.900266, -45.168578], [-71.902618, -45.168746], [-71.909326, -45.171914], [-71.912266, -45.171766], [-71.913907, -45.17298], [-71.916246, -45.173143], [-71.916171, -45.176176], [-71.91895, -45.177242], [-71.92105, -45.177185], [-71.921906, -45.176153], [-71.923537, -45.175875], [-71.924768, -45.177361], [-71.922271, -45.178044], [-71.921992, -45.178759], [-71.922625, -45.17945], [-71.925602, -45.179277], [-71.92797, -45.177762], [-71.930446, -45.179405], [-71.932039, -45.17863], [-71.935151, -45.180101], [-71.936327, -45.182637], [-71.93929, -45.182679], [-71.941865, -45.184133], [-71.947315, -45.184264], [-71.950045, -45.181541], [-71.960921, -45.1773], [-71.965144, -45.17761], [-71.966418, -45.176748], [-71.972051, -45.177013], [-71.977407, -45.175485], [-71.983767, -45.176922], [-71.98628, -45.176714], [-71.988894, -45.174572], [-71.993365, -45.173154], [-71.995661, -45.170115], [-71.998397, -45.170191], [-71.999151, -45.169151], [-72.005326, -45.169113], [-72.012901, -45.16653], [-72.013396, -45.165126], [-72.014909, -45.163818], [-72.017197, -45.163213], [-72.018058, -45.161573], [-72.020859, -45.161198], [-72.026051, -45.163103], [-72.029123, -45.165058], [-72.035812, -45.165841], [-72.043507, -45.162834], [-72.047968, -45.162278], [-72.050319, -45.157412], [-72.051519, -45.15647], [-72.055254, -45.155844], [-72.064672, -45.155912], [-72.066161, -45.155394], [-72.076358, -45.156425], [-72.083025, -45.159189], [-72.08655, -45.15917], [-72.088307, -45.160321], [-72.101996, -45.162402], [-72.10513, -45.165088], [-72.107578, -45.16569], [-72.119982, -45.166033], [-72.128533, -45.162844], [-72.132931, -45.162651], [-72.135227, -45.163813], [-72.137346, -45.166925], [-72.141965, -45.1691], [-72.143731, -45.170933], [-72.148604, -45.169014], [-72.149461, -45.169181], [-72.150013, -45.169963], [-72.149928, -45.173783], [-72.15242, -45.179114]], [[-71.697321, -45.23334], [-71.699464, -45.234823], [-71.702729, -45.235239], [-71.702995, -45.236063], [-71.702319, -45.236993], [-71.706085, -45.23661], [-71.707549, -45.238378], [-71.707795, -45.237433], [-71.709264, -45.237338], [-71.712018, -45.238896], [-71.712939, -45.238294], [-71.712284, -45.23738], [-71.713053, -45.236618], [-71.713793, -45.237226], [-71.717971, -45.2367], [-71.718718, -45.237589], [-71.718588, -45.239552], [-71.723106, -45.239194], [-71.723149, -45.238261], [-71.721404, -45.238086], [-71.722343, -45.236401], [-71.721813, -45.235122], [-71.724236, -45.23438], [-71.724187, -45.235569], [-71.726098, -45.234985]], [[-71.665331, -45.27218], [-71.666424, -45.272061], [-71.66737, -45.273233], [-71.668872, -45.27187], [-71.67049, -45.273258], [-71.672933, -45.272123], [-71.676312, -45.2717], [-71.67819, -45.270477], [-71.679751, -45.270749], [-71.683039, -45.268755], [-71.681505, -45.266921], [-71.681173, -45.263821], [-71.682228, -45.262834], [-71.68187, -45.261427], [-71.683876, -45.259766], [-71.684139, -45.256586], [-71.686666, -45.255857], [-71.686696, -45.254973], [-71.684987, -45.254266], [-71.686568, -45.252947], [-71.684922, -45.251138], [-71.687609, -45.249034], [-71.687579, -45.24562], [-71.688832, -45.245343], [-71.689407, -45.246583], [-71.690814, -45.245196], [-71.68897, -45.24369], [-71.690627, -45.243117], [-71.691065, -45.2423], [-71.690907, -45.241099], [-71.689555, -45.240717], [-71.689088, -45.239109], [-71.690415, -45.239326], [-71.690161, -45.239969], [-71.691298, -45.239899], [-71.691867, -45.238875], [-71.691137, -45.238074], [-71.693007, -45.236325], [-71.692188, -45.235315], [-71.697321, -45.23334]], [[-71.473806, -45.377828], [-71.475331, -45.377704], [-71.476594, -45.378515], [-71.479274, -45.377753], [-71.481134, -45.376023], [-71.479308, -45.37495], [-71.480156, -45.374122], [-71.481928, -45.374613], [-71.490704, -45.370379], [-71.492904, -45.366836], [-71.492616, -45.365862], [-71.49647, -45.364134], [-71.49639, -45.361978], [-71.498276, -45.36143], [-71.498481, -45.360634], [-71.496964, -45.359419], [-71.497234, -45.358872], [-71.501529, -45.358177], [-71.504602, -45.356621], [-71.504821, -45.355599], [-71.506928, -45.354751], [-71.509975, -45.352226], [-71.515189, -45.352147], [-71.521126, -45.349256], [-71.521539, -45.34785], [-71.524132, -45.346302], [-71.525503, -45.346112], [-71.52596, -45.345714], [-71.524113, -45.343131], [-71.525621, -45.342422], [-71.526788, -45.340829], [-71.525567, -45.339741], [-71.529352, -45.338616], [-71.528995, -45.337354], [-71.532226, -45.336158], [-71.531402, -45.334569], [-71.532897, -45.332352], [-71.534587, -45.331896], [-71.535097, -45.331151], [-71.534472, -45.329663], [-71.536229, -45.32913], [-71.535741, -45.327364], [-71.538363, -45.32613], [-71.538953, -45.324982], [-71.537902, -45.32384], [-71.539449, -45.323015], [-71.540223, -45.321729], [-71.541471, -45.321836], [-71.542599, -45.320912], [-71.542875, -45.321847], [-71.544076, -45.321448], [-71.545309, -45.31916], [-71.546534, -45.31981], [-71.550624, -45.319532], [-71.551537, -45.317909], [-71.550926, -45.317388], [-71.552655, -45.317303], [-71.552881, -45.315605], [-71.555077, -45.314543], [-71.555299, -45.312651], [-71.557179, -45.311947], [-71.557168, -45.311175], [-71.555624, -45.310356], [-71.558864, -45.310154], [-71.559826, -45.30943], [-71.558811, -45.308569], [-71.559685, -45.308328], [-71.563577, -45.307935], [-71.564733, -45.308603], [-71.566537, -45.305869], [-71.567543, -45.307239], [-71.569588, -45.306561], [-71.57085, -45.306911], [-71.572468, -45.306131], [-71.573393, -45.303554], [-71.574746, -45.302106], [-71.576251, -45.30116], [-71.578419, -45.300831], [-71.578214, -45.300403], [-71.581876, -45.298638], [-71.583213, -45.297027], [-71.5849, -45.297589], [-71.587587, -45.296257], [-71.588194, -45.295831], [-71.588053, -45.294781], [-71.596413, -45.2901], [-71.596531, -45.289494], [-71.595764, -45.289271], [-71.596858, -45.288165], [-71.599094, -45.288191], [-71.599781, -45.286501], [-71.598769, -45.285325], [-71.602399, -45.283989], [-71.602296, -45.283127], [-71.604088, -45.282802], [-71.604949, -45.283421], [-71.605952, -45.28206], [-71.607135, -45.281696], [-71.609638, -45.282106], [-71.609933, -45.281322], [-71.608085, -45.280962], [-71.610711, -45.279652], [-71.612333, -45.27953], [-71.614745, -45.280405], [-71.615152, -45.279227], [-71.618355, -45.277536], [-71.623615, -45.27771], [-71.623918, -45.27734], [-71.62307, -45.276595], [-71.624095, -45.276004], [-71.624089, -45.274896], [-71.625503, -45.274003], [-71.626777, -45.275019], [-71.630964, -45.273729], [-71.632654, -45.274692], [-71.632863, -45.273522], [-71.633788, -45.27311], [-71.635931, -45.274065], [-71.638573, -45.272991], [-71.638946, -45.274279], [-71.638219, -45.275073], [-71.642656, -45.277015], [-71.644005, -45.275496], [-71.645424, -45.275851], [-71.64529, -45.276595], [-71.646159, -45.276523], [-71.64596, -45.274713], [-71.648213, -45.275396], [-71.647634, -45.276453], [-71.649147, -45.276453], [-71.65089, -45.274388], [-71.651502, -45.274524], [-71.651486, -45.276691], [-71.652782, -45.276565], [-71.654222, -45.274701], [-71.656818, -45.276166], [-71.658523, -45.274107], [-71.661209, -45.274071], [-71.662212, -45.275162], [-71.66334, -45.274285], [-71.663, -45.27351], [-71.665331, -45.27218]], [[-71.415674, -45.201733], [-71.41536, -45.203139], [-71.416487, -45.203767], [-71.414773, -45.204674], [-71.416691, -45.20518], [-71.41476, -45.207161], [-71.413257, -45.207705], [-71.413912, -45.208529], [-71.412978, -45.208672], [-71.411434, -45.20769], [-71.41061, -45.208143], [-71.410232, -45.209391], [-71.408837, -45.20958], [-71.410039, -45.210388], [-71.409181, -45.211129], [-71.410127, -45.212308], [-71.409312, -45.213767], [-71.410513, -45.214462], [-71.410632, -45.215437], [-71.408998, -45.216012], [-71.408408, -45.217795], [-71.406895, -45.217417], [-71.407099, -45.218491], [-71.404878, -45.217833], [-71.405165, -45.218449], [-71.404226, -45.219133], [-71.404374, -45.2201], [-71.403288, -45.220629], [-71.404924, -45.220962], [-71.40516, -45.222209], [-71.40307, -45.221623], [-71.402861, -45.222556], [-71.404352, -45.223127], [-71.401094, -45.222658], [-71.400404, -45.223214], [-71.400399, -45.224268], [-71.398588, -45.225054], [-71.399173, -45.226028], [-71.397199, -45.226021], [-71.397907, -45.226826], [-71.396933, -45.227521], [-71.397247, -45.228144], [-71.395667, -45.228356], [-71.397325, -45.228469], [-71.397802, -45.229055], [-71.395499, -45.22944], [-71.394281, -45.230906], [-71.393036, -45.230963], [-71.390694, -45.233483], [-71.392055, -45.234189], [-71.391617, -45.235726], [-71.390641, -45.23632], [-71.390941, -45.237453], [-71.388404, -45.237268], [-71.388634, -45.238514], [-71.387792, -45.238832], [-71.386848, -45.238257], [-71.385759, -45.240501], [-71.3832, -45.240244], [-71.384761, -45.241967], [-71.383651, -45.24424], [-71.382465, -45.244191], [-71.38154, -45.245], [-71.382973, -45.246035], [-71.380695, -45.246922], [-71.381983, -45.247326], [-71.381784, -45.247817], [-71.379634, -45.248394], [-71.381222, -45.249421], [-71.380278, -45.249814], [-71.378347, -45.248756], [-71.375171, -45.251687], [-71.374484, -45.25347], [-71.371742, -45.25568], [-71.371415, -45.256781], [-71.370023, -45.256023], [-71.370157, -45.257022], [-71.368759, -45.256915], [-71.368239, -45.257815], [-71.369264, -45.259122], [-71.368657, -45.259892], [-71.369143, -45.260311], [-71.365657, -45.261783], [-71.36779, -45.263469], [-71.367598, -45.263906], [-71.365699, -45.264918], [-71.364661, -45.264259], [-71.364623, -45.264988], [-71.366155, -45.265607], [-71.365812, -45.266301], [-71.364741, -45.266111], [-71.363896, -45.266941], [-71.362832, -45.266286], [-71.362183, -45.267049], [-71.362842, -45.267381], [-71.362714, -45.268023], [-71.361552, -45.26687], [-71.360501, -45.266745], [-71.360219, -45.268036], [-71.361745, -45.268321], [-71.362016, -45.269456], [-71.363073, -45.269239], [-71.36097, -45.270573], [-71.361201, -45.272433], [-71.362145, -45.273427], [-71.360731, -45.273488], [-71.361641, -45.2752], [-71.360141, -45.275781], [-71.361035, -45.276851], [-71.362521, -45.276851], [-71.36192, -45.277786], [-71.36263, -45.278695], [-71.358563, -45.279838], [-71.36191, -45.281408], [-71.364442, -45.280079], [-71.366245, -45.280895], [-71.372596, -45.289077], [-71.378776, -45.291372], [-71.380819, -45.290874], [-71.381038, -45.291788], [-71.382916, -45.291711], [-71.383664, -45.291047], [-71.387838, -45.292344], [-71.386401, -45.292883], [-71.38935, -45.292937], [-71.39105, -45.294738], [-71.388861, -45.295448], [-71.389066, -45.296373], [-71.390406, -45.296746], [-71.391547, -45.296314], [-71.391436, -45.295206], [-71.392809, -45.295598], [-71.393281, -45.297017], [-71.396758, -45.297591], [-71.39886, -45.296655], [-71.405641, -45.296776], [-71.411177, -45.300368], [-71.416584, -45.301334], [-71.420404, -45.303296], [-71.421176, -45.305469], [-71.420103, -45.306435], [-71.418044, -45.306979], [-71.419159, -45.308729], [-71.420447, -45.310148], [-71.422807, -45.310178], [-71.426498, -45.311898], [-71.427871, -45.314584], [-71.430232, -45.315339], [-71.435467, -45.313105], [-71.437398, -45.311506], [-71.440403, -45.310993], [-71.444265, -45.311687], [-71.442505, -45.313196], [-71.443836, -45.316033], [-71.443492, -45.31736], [-71.445853, -45.318085], [-71.447569, -45.323154], [-71.442977, -45.325357], [-71.443964, -45.326805], [-71.445896, -45.327228], [-71.449973, -45.330124], [-71.449329, -45.331693], [-71.450187, -45.334227], [-71.449329, -45.335464], [-71.458041, -45.338149], [-71.462504, -45.341527], [-71.462645, -45.342116], [-71.461088, -45.343186], [-71.461698, -45.344797], [-71.459413, -45.346206], [-71.46015, -45.347179], [-71.459825, -45.347751], [-71.460681, -45.349886], [-71.464412, -45.350696], [-71.464782, -45.351379], [-71.463486, -45.351793], [-71.464705, -45.353352], [-71.466581, -45.353361], [-71.466894, -45.355567], [-71.46813, -45.355489], [-71.470417, -45.356737], [-71.470625, -45.358745], [-71.469971, -45.361218], [-71.46747, -45.362985], [-71.471116, -45.367316], [-71.46983, -45.369073], [-71.469842, -45.370538], [-71.47112, -45.37097], [-71.471186, -45.372739], [-71.473073, -45.373911], [-71.473496, -45.374879], [-71.472738, -45.375777], [-71.473806, -45.377828]], [[-71.632058, -44.983424], [-71.631922, -44.985006], [-71.630559, -44.986347], [-71.631867, -44.989903], [-71.631151, -44.991413], [-71.63137, -44.992489], [-71.628932, -44.99395], [-71.627259, -44.996948], [-71.625878, -44.99761], [-71.623953, -45.001649], [-71.625193, -45.002909], [-71.631088, -45.004143], [-71.632615, -45.007569], [-71.631829, -45.008489], [-71.631163, -45.011412], [-71.627519, -45.01118], [-71.623139, -45.012409], [-71.617095, -45.012463], [-71.609727, -45.010097], [-71.606837, -45.010008], [-71.605624, -45.008931], [-71.603966, -45.009205], [-71.603234, -45.008421], [-71.600153, -45.00793], [-71.59923, -45.006989], [-71.597445, -45.008397], [-71.59202, -45.009781], [-71.59013, -45.013477], [-71.589632, -45.017522], [-71.589703, -45.019883], [-71.59122, -45.024226], [-71.590862, -45.026071], [-71.58421, -45.029347], [-71.579618, -45.035443], [-71.577101, -45.036842], [-71.576006, -45.038918], [-71.576519, -45.04015], [-71.577919, -45.041011], [-71.577021, -45.042574], [-71.575213, -45.043404], [-71.575, -45.045741], [-71.575525, -45.046609], [-71.57341, -45.047456], [-71.574015, -45.049344], [-71.572895, -45.050154], [-71.571938, -45.052727], [-71.572968, -45.053545], [-71.572839, -45.054606], [-71.57002, -45.056703], [-71.570908, -45.057335], [-71.571852, -45.059427], [-71.571093, -45.059947], [-71.571852, -45.060609], [-71.568561, -45.065009], [-71.570822, -45.066944], [-71.568432, -45.069555], [-71.569333, -45.069646], [-71.569106, -45.071157], [-71.567402, -45.072253], [-71.568977, -45.07343], [-71.568591, -45.074491], [-71.570792, -45.07398], [-71.570736, -45.07537], [-71.569363, -45.076885], [-71.56723, -45.077011], [-71.568162, -45.077976], [-71.567702, -45.078587], [-71.569247, -45.079011], [-71.569063, -45.079643], [-71.570363, -45.080526], [-71.570264, -45.081037], [-71.567046, -45.080824], [-71.567689, -45.081764], [-71.567046, -45.082673], [-71.568076, -45.083097], [-71.568548, -45.082218], [-71.570865, -45.082976], [-71.569419, -45.08598], [-71.570621, -45.087889], [-71.571552, -45.088006], [-71.57138, -45.089824], [-71.572895, -45.091707], [-71.573054, -45.093581], [-71.572324, -45.094429], [-71.56929, -45.093767], [-71.568805, -45.098216], [-71.569964, -45.099821], [-71.567745, -45.099674], [-71.569148, -45.102244], [-71.566788, -45.104577], [-71.567217, -45.108181], [-71.567861, -45.108999], [-71.565281, -45.110237], [-71.564857, -45.109908], [-71.563141, -45.113419], [-71.562153, -45.112815], [-71.561565, -45.11388], [-71.562411, -45.114814], [-71.562209, -45.115636], [-71.563956, -45.116298], [-71.561767, -45.116571], [-71.560106, -45.117968], [-71.55932, -45.11883], [-71.559933, -45.11979], [-71.559667, -45.120991], [-71.556764, -45.120177], [-71.556677, -45.122056], [-71.558786, -45.123455], [-71.554854, -45.123941], [-71.553219, -45.125031], [-71.552603, -45.125631], [-71.553433, -45.126875], [-71.552575, -45.126859], [-71.551869, -45.127811], [-71.553396, -45.128053], [-71.550663, -45.129879], [-71.549295, -45.12941], [-71.549212, -45.130493], [-71.548528, -45.130516], [-71.548176, -45.131507], [-71.550596, -45.131269], [-71.549015, -45.132663], [-71.548084, -45.132227], [-71.545331, -45.132997], [-71.546764, -45.13474], [-71.546008, -45.134773], [-71.546503, -45.135169], [-71.54807, -45.134869], [-71.548715, -45.135479], [-71.549082, -45.137639], [-71.550976, -45.140505], [-71.549463, -45.145335], [-71.546292, -45.146595], [-71.542575, -45.150743], [-71.540786, -45.151845], [-71.538951, -45.151044], [-71.535694, -45.152504], [-71.535573, -45.15155], [-71.533295, -45.151113], [-71.531021, -45.153035], [-71.530293, -45.153021], [-71.529278, -45.152642], [-71.529121, -45.151598], [-71.527735, -45.151385], [-71.527384, -45.15225], [-71.52839, -45.153182], [-71.527885, -45.154464], [-71.526061, -45.155244], [-71.527006, -45.155622], [-71.526679, -45.157308], [-71.527683, -45.15751], [-71.527075, -45.158662], [-71.5283, -45.159302], [-71.528051, -45.160167], [-71.529149, -45.160555], [-71.528892, -45.1624], [-71.527793, -45.163041], [-71.526839, -45.162416], [-71.527238, -45.163788], [-71.526564, -45.164434], [-71.526409, -45.166952], [-71.525595, -45.166842], [-71.524566, -45.165567], [-71.52341, -45.165863], [-71.521957, -45.164426], [-71.520331, -45.165152], [-71.518918, -45.164003], [-71.517526, -45.164321], [-71.516206, -45.165606], [-71.517595, -45.165681], [-71.517998, -45.166271], [-71.516844, -45.167113], [-71.511406, -45.166867], [-71.510776, -45.167105], [-71.511477, -45.168448], [-71.509949, -45.169068], [-71.506329, -45.168449], [-71.500636, -45.169476], [-71.497124, -45.168535], [-71.49566, -45.16951], [-71.494055, -45.168904], [-71.493909, -45.167319], [-71.491751, -45.168393], [-71.490656, -45.167998], [-71.490412, -45.166212], [-71.488039, -45.166455], [-71.48633, -45.165331], [-71.484332, -45.166934], [-71.484472, -45.167939], [-71.481653, -45.167455], [-71.480468, -45.168056], [-71.48031, -45.169274], [-71.475729, -45.167504], [-71.475345, -45.168151], [-71.476107, -45.16916], [-71.47292, -45.170057], [-71.469305, -45.16792], [-71.470796, -45.17045], [-71.470115, -45.170821], [-71.468015, -45.170106], [-71.467132, -45.172908], [-71.464257, -45.173797], [-71.463506, -45.173252], [-71.463752, -45.172008], [-71.462749, -45.1716], [-71.462154, -45.173298], [-71.46092, -45.174353], [-71.462009, -45.175109], [-71.46015, -45.176675], [-71.457723, -45.175087], [-71.456741, -45.1761], [-71.455347, -45.17492], [-71.454188, -45.175253], [-71.455357, -45.176645], [-71.454467, -45.178187], [-71.452611, -45.178187], [-71.451098, -45.179201], [-71.44903, -45.179102], [-71.449169, -45.181647], [-71.447536, -45.181651], [-71.446946, -45.183164], [-71.446002, -45.182778], [-71.445283, -45.183459], [-71.445519, -45.184252], [-71.444424, -45.184044], [-71.444795, -45.185345], [-71.443325, -45.184789], [-71.442507, -45.186071], [-71.440495, -45.186377], [-71.440482, -45.187217], [-71.437107, -45.18705], [-71.437086, -45.188358], [-71.438046, -45.188132], [-71.438266, -45.188789], [-71.43509, -45.190098], [-71.436501, -45.191334], [-71.434779, -45.192098], [-71.435128, -45.192941], [-71.434452, -45.193651], [-71.433395, -45.193545], [-71.433256, -45.192767], [-71.430622, -45.193833], [-71.430901, -45.194816], [-71.429466, -45.194158], [-71.429216, -45.194646], [-71.430466, -45.195957], [-71.428828, -45.195821], [-71.428334, -45.196502], [-71.427344, -45.196207], [-71.427334, -45.19508], [-71.425939, -45.194937], [-71.425123, -45.195715], [-71.426843, -45.196101], [-71.426486, -45.196796], [-71.423739, -45.197001], [-71.425392, -45.197401], [-71.42536, -45.198256], [-71.423764, -45.198256], [-71.422516, -45.199473], [-71.420746, -45.199178], [-71.4208, -45.199883], [-71.422543, -45.200861], [-71.419406, -45.20002], [-71.41971, -45.199126], [-71.418534, -45.198916], [-71.417919, -45.199667], [-71.420056, -45.202001], [-71.417411, -45.202122], [-71.416916, -45.202827], [-71.416599, -45.201467], [-71.415674, -45.201733]]]}}, {"type": "Feature", "properties": {"id": "rio-cisnes", "name": "Río Cisnes", "type": "river", "region": "aysen", "season": "2026-2027", "opens": "2026-10-12", "closes": "2027-05-06", "cat": "oct", "rule_level": "region", "phases": [{"s": "2026-10-12", "e": "2026-11-30", "mode": "catch_and_release", "label": "Pesca con devolución obligatoria"}, {"s": "2026-10-12", "e": "2027-01-15", "mode": "retention", "label": "Pesca con retención: 2 ejemplares sin límite de peso (salmon chinook)"}, {"s": "2026-12-01", "e": "2027-02-28", "mode": "retention", "label": "Pesca con retención: 3 ejemplares o hasta 15 kilos"}, {"s": "2027-03-01", "e": "2027-05-06", "mode": "catch_and_release", "label": "Pesca con devolución obligatoria"}], "veda": ["Prohibida cualquier actividad de pesca del 07 de mayo al 11 de octubre (años 2025-2027).", "Veda biológica del chinook: 16 de enero al 11 de octubre (años 2025-2027)."], "gear": ["Señuelos artificiales. Chinguillo."], "prohibitions": ["Prohibida la extracción todo el año en zonas de protección de desove: río Ñirehuao (sector Mañihuales) y río Mañihuales (sector El Toqui) — desove de salmón chinook abril-mayo — entre otras."], "sources": [{"doc": "Res. Ex. N° 3004, 31 dic 2024 (mod. Res. Ex. N° 893, 08 abr 2025), DZ Aysén", "url": null}]}, "geometry": {"type": "MultiLineString", "coordinates": [[[-71.658883, -44.629191], [-71.660289, -44.63281], [-71.661855, -44.634498], [-71.669387, -44.635185], [-71.671994, -44.637399], [-71.676033, -44.638765], [-71.679225, -44.641002], [-71.683924, -44.64172], [-71.691177, -44.641437], [-71.692443, -44.64004], [-71.692153, -44.637422], [-71.694589, -44.636475], [-71.699245, -44.64017], [-71.703773, -44.641765], [-71.708729, -44.639117], [-71.713364, -44.639468], [-71.715338, -44.639025], [-71.716454, -44.637941], [-71.716196, -44.634963], [-71.717323, -44.634131], [-71.725324, -44.636014], [-71.728331, -44.634616], [-71.731171, -44.634663], [-71.734845, -44.636763], [-71.739712, -44.636861], [-71.741089, -44.637874], [-71.744732, -44.638816], [-71.748721, -44.638651], [-71.748723, -44.636594], [-71.749896, -44.635782], [-71.751159, -44.635942], [-71.753932, -44.6378], [-71.755888, -44.637071], [-71.756174, -44.636259], [-71.757771, -44.635349], [-71.760808, -44.635683], [-71.761899, -44.635273], [-71.761569, -44.634803], [-71.762262, -44.633354], [-71.775657, -44.635273], [-71.782724, -44.63552], [-71.784536, -44.636483], [-71.78716, -44.643475], [-71.789051, -44.644811], [-71.790537, -44.644823], [-71.790984, -44.643041], [-71.792303, -44.641476], [-71.795373, -44.640777], [-71.796048, -44.641476], [-71.794683, -44.642315], [-71.79721, -44.645918], [-71.795766, -44.64779], [-71.798751, -44.648144], [-71.803826, -44.650489], [-71.809201, -44.649327], [-71.812828, -44.650464], [-71.813322, -44.653784], [-71.806212, -44.656195], [-71.804572, -44.658649], [-71.806476, -44.659372], [-71.810293, -44.664061], [-71.811626, -44.664744], [-71.813686, -44.664378], [-71.817843, -44.665378], [-71.830761, -44.671848], [-71.840125, -44.672655], [-71.841667, -44.674389], [-71.840776, -44.675972], [-71.841298, -44.676854], [-71.860717, -44.685006], [-71.864354, -44.687816], [-71.865863, -44.687451], [-71.866025, -44.684834], [-71.867159, -44.683709], [-71.871462, -44.682092], [-71.879632, -44.683121], [-71.88359, -44.681499], [-71.886127, -44.681533], [-71.889821, -44.682874], [-71.89986, -44.682567], [-71.918537, -44.679044], [-71.921911, -44.678945], [-71.923778, -44.677623], [-71.930416, -44.676952], [-71.933613, -44.677326], [-71.937379, -44.675865], [-71.942153, -44.676231], [-71.943608, -44.675817], [-71.945, -44.67373], [-71.947162, -44.672567], [-71.964608, -44.670478], [-71.966915, -44.671363], [-71.967522, -44.67291], [-71.973544, -44.672525], [-71.974087, -44.673587], [-71.976977, -44.675484], [-71.97813, -44.678505], [-71.97811, -44.679645], [-71.976004, -44.682546], [-71.981887, -44.6852], [-71.983341, -44.686895], [-71.986389, -44.687068], [-71.987311, -44.687956], [-71.988977, -44.688033], [-71.990245, -44.689569], [-71.994962, -44.692058], [-72.003745, -44.690546], [-72.013151, -44.684493], [-72.017274, -44.685177], [-72.020993, -44.684728], [-72.022717, -44.685116], [-72.024493, -44.686649], [-72.024396, -44.688971], [-72.025069, -44.690145], [-72.028094, -44.691908], [-72.034655, -44.685933], [-72.036957, -44.685132], [-72.039338, -44.68636], [-72.039227, -44.687617], [-72.040095, -44.689144], [-72.04214, -44.690595], [-72.043644, -44.694456], [-72.055273, -44.698864], [-72.058264, -44.701888], [-72.061311, -44.703829], [-72.065565, -44.704382], [-72.073256, -44.710625], [-72.083423, -44.714854], [-72.08657, -44.716947], [-72.092517, -44.723241], [-72.094779, -44.723796], [-72.09776, -44.723282], [-72.098893, -44.722266], [-72.100562, -44.718556], [-72.104175, -44.717121], [-72.111313, -44.71684], [-72.112896, -44.717301], [-72.114223, -44.718779], [-72.114183, -44.720881], [-72.112552, -44.722001], [-72.112362, -44.72287], [-72.113571, -44.724601], [-72.11505, -44.725384], [-72.122895, -44.726278], [-72.131212, -44.725325], [-72.134785, -44.723732], [-72.136756, -44.721689], [-72.136937, -44.720704], [-72.135941, -44.718525], [-72.136931, -44.715727], [-72.139544, -44.713781], [-72.142559, -44.712615], [-72.14668, -44.713013], [-72.15161, -44.715476], [-72.153663, -44.715588], [-72.155178, -44.714477], [-72.159901, -44.715475], [-72.161315, -44.715986], [-72.16563, -44.719684], [-72.170883, -44.721085], [-72.177, -44.719539], [-72.177182, -44.716451], [-72.183125, -44.712378], [-72.183999, -44.710975], [-72.183633, -44.709178], [-72.184709, -44.709159], [-72.19165, -44.705231], [-72.195737, -44.705255], [-72.199396, -44.703863], [-72.205125, -44.704107], [-72.208882, -44.703063], [-72.213544, -44.702786], [-72.218648, -44.703457], [-72.220768, -44.704915], [-72.222784, -44.705219], [-72.228965, -44.702815], [-72.23128, -44.701104], [-72.23434, -44.701766], [-72.236576, -44.69773], [-72.238694, -44.696931], [-72.243672, -44.691943], [-72.250151, -44.687435], [-72.247792, -44.682927], [-72.247139, -44.679108], [-72.249841, -44.675324], [-72.249232, -44.670883], [-72.250732, -44.669055], [-72.253516, -44.668467], [-72.258, -44.670402], [-72.259875, -44.670327], [-72.272471, -44.664303], [-72.279583, -44.667541], [-72.283728, -44.667207], [-72.285821, -44.666401], [-72.290283, -44.666375], [-72.292987, -44.672381], [-72.295159, -44.674022], [-72.298289, -44.673991], [-72.30471, -44.672666], [-72.308754, -44.670558], [-72.311548, -44.669942], [-72.318379, -44.670639], [-72.325412, -44.666105], [-72.33075, -44.666115], [-72.33768, -44.6612], [-72.339395, -44.655203], [-72.341382, -44.653045], [-72.344714, -44.651736], [-72.347131, -44.649032], [-72.351667, -44.646553], [-72.350748, -44.643583], [-72.351435, -44.641814], [-72.356368, -44.641551], [-72.360815, -44.642306], [-72.367077, -44.63974], [-72.373766, -44.63892], [-72.383402, -44.644541], [-72.383699, -44.646542], [-72.385147, -44.647315], [-72.388728, -44.651444], [-72.388675, -44.655085], [-72.392795, -44.657286], [-72.392477, -44.658], [-72.393005, -44.658473], [-72.405793, -44.658076], [-72.408829, -44.657264], [-72.41165, -44.657531], [-72.413662, -44.656894], [-72.419236, -44.656722], [-72.419783, -44.658214], [-72.422916, -44.660343], [-72.427679, -44.660614], [-72.429004, -44.664403], [-72.430397, -44.665467], [-72.434056, -44.666344], [-72.437393, -44.668227], [-72.443057, -44.669265], [-72.447617, -44.671334], [-72.453797, -44.671578], [-72.457533, -44.673698], [-72.461017, -44.674373], [-72.463996, -44.676201], [-72.466329, -44.679374], [-72.468747, -44.681016], [-72.484556, -44.680724], [-72.486381, -44.68128], [-72.496436, -44.68112], [-72.509024, -44.682223], [-72.510226, -44.683289], [-72.509823, -44.688571], [-72.51095, -44.690189], [-72.52402, -44.6952], [-72.526407, -44.697617], [-72.537819, -44.697857], [-72.544091, -44.696599], [-72.545261, -44.696919], [-72.55336, -44.706726], [-72.559241, -44.709519], [-72.559563, -44.71283], [-72.561944, -44.716363], [-72.561555, -44.717954], [-72.562916, -44.721144], [-72.562332, -44.723015], [-72.560577, -44.724769], [-72.560819, -44.725664], [-72.564451, -44.729246], [-72.575677, -44.733438], [-72.579281, -44.733682], [-72.580826, -44.734414], [-72.581828, -44.735168], [-72.581837, -44.737366], [-72.582925, -44.739546], [-72.592214, -44.739906], [-72.593684, -44.750654], [-72.596345, -44.75547], [-72.600722, -44.756993], [-72.61085, -44.756323], [-72.612738, -44.757725], [-72.617116, -44.764429], [-72.61909, -44.766196], [-72.623295, -44.766866], [-72.63348, -44.766694], [-72.63658, -44.767547], [-72.638082, -44.768568], [-72.639488, -44.770921], [-72.64059, -44.77558], [-72.643594, -44.777651], [-72.646985, -44.778291], [-72.649989, -44.777194], [-72.648873, -44.774848], [-72.649412, -44.768766], [-72.651064, -44.766922], [-72.654709, -44.765739], [-72.661404, -44.766165], [-72.662177, -44.767018], [-72.661418, -44.77118], [-72.662705, -44.772978], [-72.667962, -44.775986], [-72.671814, -44.775994], [-72.673928, -44.774684], [-72.674453, -44.773374], [-72.674708, -44.770827], [-72.673198, -44.767319], [-72.67396, -44.765475], [-72.676081, -44.764063], [-72.679743, -44.763845], [-72.683111, -44.765582], [-72.684839, -44.768316], [-72.6825, -44.773945], [-72.677798, -44.776676], [-72.674837, -44.780027], [-72.674493, -44.783226], [-72.674922, -44.784688], [-72.675824, -44.785632], [-72.67724, -44.785815], [-72.681266, -44.781698], [-72.682564, -44.778576], [-72.701018, -44.770099], [-72.701576, -44.768027], [-72.700868, -44.763159], [-72.701672, -44.761598], [-72.704183, -44.761049], [-72.709665, -44.761925], [-72.713128, -44.759569]], [[-71.311049, -44.718193], [-71.311065, -44.716189], [-71.309617, -44.715312], [-71.309823, -44.714195], [-71.305883, -44.712647], [-71.306304, -44.711736], [-71.304636, -44.708535], [-71.302125, -44.707826], [-71.300824, -44.705036], [-71.297858, -44.702937], [-71.298646, -44.701009], [-71.295516, -44.700822], [-71.294078, -44.699837], [-71.295379, -44.697086], [-71.301946, -44.695455], [-71.301777, -44.69368], [-71.300258, -44.692763], [-71.30062, -44.691579], [-71.301806, -44.690902], [-71.300438, -44.689096], [-71.300511, -44.688129], [-71.301551, -44.687569], [-71.301076, -44.685736], [-71.301902, -44.683465], [-71.30054, -44.680896], [-71.301784, -44.678478], [-71.299786, -44.676637], [-71.298646, -44.676429], [-71.297885, -44.675218], [-71.296071, -44.674791], [-71.295763, -44.672838], [-71.293424, -44.671108], [-71.29218, -44.671724], [-71.292477, -44.672985], [-71.290213, -44.673881], [-71.288411, -44.67375], [-71.287024, -44.672886], [-71.285396, -44.673307], [-71.283961, -44.672191], [-71.27912, -44.670907], [-71.277229, -44.667449], [-71.274241, -44.66643], [-71.273653, -44.665481], [-71.272095, -44.665395], [-71.267176, -44.666934], [-71.265465, -44.665149], [-71.266369, -44.664323], [-71.266143, -44.662928], [-71.261699, -44.660805], [-71.259977, -44.65905], [-71.259564, -44.65706], [-71.256887, -44.655877], [-71.254535, -44.652576], [-71.252824, -44.652284], [-71.250935, -44.652973], [-71.247848, -44.649977], [-71.247529, -44.649059], [-71.250401, -44.648162], [-71.250525, -44.647359], [-71.245944, -44.647422], [-71.244954, -44.646935], [-71.24424, -44.645435], [-71.245869, -44.643905], [-71.245662, -44.640977], [-71.241303, -44.639193], [-71.240944, -44.638164], [-71.242889, -44.635044], [-71.242612, -44.633584], [-71.24534, -44.633467], [-71.246885, -44.632723], [-71.246182, -44.632194], [-71.246196, -44.630123], [-71.24873, -44.628239], [-71.248958, -44.626343], [-71.247859, -44.623178], [-71.24667, -44.622216], [-71.243688, -44.621659], [-71.243071, -44.620834], [-71.243318, -44.618207], [-71.24438, -44.616714], [-71.242395, -44.615782], [-71.24122, -44.613945], [-71.242368, -44.611333], [-71.242038, -44.60895], [-71.242481, -44.608078], [-71.239654, -44.607014], [-71.241901, -44.604581], [-71.240695, -44.603814], [-71.241183, -44.603195]], [[-71.551957, -44.593238], [-71.556354, -44.591228], [-71.560494, -44.59215], [-71.564041, -44.594367], [-71.568831, -44.592778], [-71.571127, -44.594513], [-71.571411, -44.596157], [-71.572784, -44.59774], [-71.574506, -44.598824], [-71.578257, -44.599184], [-71.580342, -44.600329], [-71.581603, -44.6019], [-71.581743, -44.603588], [-71.584232, -44.605322], [-71.589724, -44.604313], [-71.591319, -44.605503], [-71.594218, -44.605435], [-71.598583, -44.606375], [-71.600921, -44.607785], [-71.605137, -44.606197], [-71.607186, -44.606212], [-71.608602, -44.607278], [-71.610737, -44.606899], [-71.617401, -44.611262], [-71.61914, -44.614999], [-71.622155, -44.617179], [-71.633255, -44.619617], [-71.633728, -44.622936], [-71.632063, -44.625177], [-71.632702, -44.626917], [-71.640193, -44.627618], [-71.643745, -44.628917], [-71.651072, -44.628428], [-71.654463, -44.629413], [-71.658883, -44.629191]], [[-72.713128, -44.759569], [-72.714858, -44.757048], [-72.714837, -44.753802], [-72.713217, -44.75237], [-72.707348, -44.750015], [-72.70561, -44.747295], [-72.709333, -44.742784], [-72.709794, -44.737053]], [[-71.274002, -44.66623], [-71.274303, -44.665751], [-71.273653, -44.665481]], [[-71.292578, -44.672895], [-71.291447, -44.673267]], [[-71.292496, -44.671135], [-71.291772, -44.671442], [-71.292166, -44.671959]], [[-71.293172, -44.6711], [-71.29218, -44.671724]], [[-71.241183, -44.603195], [-71.242669, -44.602889], [-71.247561, -44.598583], [-71.245324, -44.596955], [-71.246268, -44.596608], [-71.246383, -44.595796], [-71.243387, -44.595519], [-71.245952, -44.592732], [-71.245675, -44.589736], [-71.244493, -44.587315], [-71.242626, -44.587642], [-71.241805, -44.586899], [-71.243758, -44.583117], [-71.242068, -44.580834], [-71.242183, -44.578406], [-71.240888, -44.577508], [-71.241979, -44.574286], [-71.244535, -44.572049], [-71.244522, -44.569058], [-71.249691, -44.566015], [-71.252633, -44.565101], [-71.254956, -44.565162], [-71.258199, -44.563823], [-71.259186, -44.562814], [-71.258515, -44.561189], [-71.259674, -44.560067], [-71.261356, -44.560056], [-71.267782, -44.557803], [-71.27268, -44.557407], [-71.279536, -44.555167], [-71.285115, -44.555637], [-71.289269, -44.55462], [-71.291337, -44.555303], [-71.292743, -44.555022], [-71.296275, -44.556885], [-71.303834, -44.553265], [-71.304735, -44.553655], [-71.305652, -44.555364], [-71.307508, -44.555517], [-71.308597, -44.556786], [-71.310411, -44.556943], [-71.312138, -44.556285], [-71.313157, -44.556977], [-71.315721, -44.557218], [-71.316649, -44.558372], [-71.320077, -44.557956], [-71.321611, -44.55682], [-71.323336, -44.557589], [-71.32586, -44.555941], [-71.329733, -44.555643], [-71.330736, -44.554959], [-71.336744, -44.556962], [-71.342812, -44.557031], [-71.345746, -44.557978], [-71.346717, -44.55778], [-71.34823, -44.556182], [-71.349544, -44.556224], [-71.353294, -44.558456], [-71.354538, -44.558483], [-71.355354, -44.557478], [-71.35464, -44.555987], [-71.355155, -44.554687], [-71.357387, -44.553258], [-71.358304, -44.551125], [-71.363829, -44.551828], [-71.36914, -44.551025], [-71.37032, -44.551346], [-71.371023, -44.552325], [-71.373351, -44.552837], [-71.374419, -44.552455], [-71.375132, -44.550467], [-71.378619, -44.550949], [-71.380255, -44.549783], [-71.382809, -44.54968], [-71.384193, -44.548055], [-71.385351, -44.547913], [-71.388935, -44.547887], [-71.391279, -44.549209], [-71.395281, -44.549316], [-71.395769, -44.550192], [-71.394986, -44.551576], [-71.39512, -44.55265], [-71.397625, -44.553854], [-71.397706, -44.554982], [-71.399927, -44.557822], [-71.40226, -44.558705], [-71.402577, -44.5595], [-71.402045, -44.560383], [-71.404814, -44.562007], [-71.410156, -44.562133], [-71.413343, -44.563742], [-71.415446, -44.565806], [-71.415022, -44.56812], [-71.417613, -44.569093], [-71.419185, -44.570824], [-71.427661, -44.572769], [-71.429458, -44.574271], [-71.431491, -44.574149], [-71.432751, -44.574825], [-71.433728, -44.574668], [-71.436903, -44.571504], [-71.438041, -44.571107], [-71.442096, -44.573277], [-71.444714, -44.573449], [-71.446592, -44.576109], [-71.44841, -44.574985], [-71.45025, -44.575509], [-71.450829, -44.577167], [-71.451758, -44.577871], [-71.456076, -44.578245], [-71.458688, -44.57771], [-71.461912, -44.579273], [-71.465498, -44.579086], [-71.466486, -44.580137], [-71.475067, -44.582763], [-71.478142, -44.589937], [-71.481912, -44.593196], [-71.486628, -44.592986], [-71.485737, -44.592154], [-71.486784, -44.588486], [-71.488446, -44.58878], [-71.495205, -44.586797], [-71.497524, -44.586999], [-71.499132, -44.58909], [-71.500918, -44.589838], [-71.503939, -44.58737], [-71.508194, -44.588806], [-71.511991, -44.587573], [-71.521309, -44.589984], [-71.522018, -44.592306], [-71.523465, -44.592073], [-71.524422, -44.590055], [-71.525583, -44.58963], [-71.52759, -44.590152], [-71.528302, -44.592977], [-71.530916, -44.594487], [-71.531489, -44.595582], [-71.538154, -44.596164], [-71.539624, -44.600304], [-71.544806, -44.600698], [-71.547448, -44.599601], [-71.548597, -44.595675], [-71.551957, -44.593238]], [[-71.241837, -44.612502], [-71.243318, -44.610757], [-71.242288, -44.608456]], [[-71.243859, -44.616271], [-71.242953, -44.616561], [-71.242363, -44.615721]], [[-71.247792, -44.648905], [-71.249103, -44.649042], [-71.249916, -44.648363]]]}}, {"type": "Feature", "properties": {"id": "rio-baker", "name": "Río Baker", "type": "river", "region": "aysen", "season": "2026-2027", "opens": "2026-10-12", "closes": "2027-05-06", "cat": "oct", "rule_level": "region", "phases": [{"s": "2026-10-12", "e": "2026-11-30", "mode": "catch_and_release", "label": "Pesca con devolución obligatoria"}, {"s": "2026-10-12", "e": "2027-01-15", "mode": "retention", "label": "Pesca con retención: 2 ejemplares sin límite de peso (salmon chinook)"}, {"s": "2026-12-01", "e": "2027-02-28", "mode": "retention", "label": "Pesca con retención: 3 ejemplares o hasta 15 kilos"}, {"s": "2027-03-01", "e": "2027-05-06", "mode": "catch_and_release", "label": "Pesca con devolución obligatoria"}], "veda": ["Prohibida cualquier actividad de pesca del 07 de mayo al 11 de octubre (años 2025-2027).", "Veda biológica del chinook: 16 de enero al 11 de octubre (años 2025-2027)."], "gear": ["Señuelos artificiales. Chinguillo."], "prohibitions": ["Prohibida la extracción todo el año en zonas de protección de desove: río Ñirehuao (sector Mañihuales) y río Mañihuales (sector El Toqui) — desove de salmón chinook abril-mayo — entre otras."], "sources": [{"doc": "Res. Ex. N° 3004, 31 dic 2024 (mod. Res. Ex. N° 893, 08 abr 2025), DZ Aysén", "url": null}]}, "geometry": {"type": "MultiLineString", "coordinates": [[[-72.831925, -47.018822], [-72.82867, -47.029265], [-72.825547, -47.031715], [-72.820505, -47.043567], [-72.814121, -47.048041], [-72.813113, -47.052442], [-72.808424, -47.054204], [-72.806493, -47.056345], [-72.805399, -47.060526], [-72.801064, -47.063384], [-72.799133, -47.066643], [-72.7932, -47.070436], [-72.790722, -47.071247], [-72.7854, -47.076157], [-72.781291, -47.078218], [-72.779274, -47.080629], [-72.775497, -47.089987], [-72.775471, -47.093201], [-72.777461, -47.096608], [-72.777858, -47.099453], [-72.779043, -47.101308], [-72.780755, -47.107494], [-72.785937, -47.112568], [-72.787385, -47.117073], [-72.786259, -47.119636], [-72.77583, -47.121359], [-72.773046, -47.120611], [-72.769457, -47.120749], [-72.764761, -47.123427], [-72.760515, -47.123877], [-72.753155, -47.128378], [-72.749721, -47.129692], [-72.746304, -47.130195], [-72.74072, -47.129706], [-72.732107, -47.130921], [-72.73123, -47.131597], [-72.730522, -47.134283], [-72.730946, -47.137571], [-72.73549, -47.139293], [-72.737238, -47.142044], [-72.736672, -47.143122], [-72.729594, -47.142482], [-72.722776, -47.140745], [-72.721767, -47.139705], [-72.721102, -47.135899], [-72.716242, -47.133352], [-72.713731, -47.132819], [-72.707294, -47.133498], [-72.700369, -47.136085], [-72.698443, -47.135604], [-72.695825, -47.132666], [-72.693942, -47.132254], [-72.692719, -47.136596], [-72.686969, -47.136808], [-72.683744, -47.13529], [-72.682623, -47.135582], [-72.681521, -47.13691], [-72.678659, -47.137582], [-72.673504, -47.137133], [-72.669883, -47.133772], [-72.662426, -47.130717], [-72.652111, -47.129155], [-72.648425, -47.13002], [-72.644616, -47.129334], [-72.641709, -47.130644], [-72.635926, -47.130984], [-72.629446, -47.129509], [-72.621311, -47.131661], [-72.618374, -47.130703], [-72.612226, -47.132162], [-72.612194, -47.13341], [-72.616872, -47.143606], [-72.614458, -47.150407], [-72.617438, -47.157613], [-72.619983, -47.160774], [-72.61881, -47.162523], [-72.619404, -47.169294], [-72.618041, -47.172802], [-72.619844, -47.177447], [-72.619981, -47.187107], [-72.622869, -47.192527], [-72.631302, -47.200779], [-72.630336, -47.208695], [-72.630658, -47.2104], [-72.633934, -47.216612], [-72.634242, -47.221434], [-72.639617, -47.229157], [-72.648275, -47.231459], [-72.656322, -47.237302], [-72.666128, -47.240652], [-72.670806, -47.244629], [-72.672243, -47.246581], [-72.674303, -47.251534], [-72.678852, -47.257752], [-72.678487, -47.260869], [-72.675333, -47.266329], [-72.675612, -47.268397], [-72.676942, -47.269504], [-72.680032, -47.270581], [-72.694945, -47.272751], [-72.69752, -47.275109], [-72.698314, -47.278909], [-72.699162, -47.280226], [-72.701147, -47.281311], [-72.70547, -47.280568], [-72.70914, -47.279164], [-72.714289, -47.27152], [-72.716317, -47.27029], [-72.718366, -47.269926], [-72.723173, -47.269984], [-72.729728, -47.271134], [-72.75081, -47.278465], [-72.753761, -47.277744], [-72.760348, -47.271324], [-72.7639, -47.269861], [-72.770455, -47.26922], [-72.785325, -47.270902], [-72.79983, -47.269198], [-72.808907, -47.269176], [-72.813199, -47.270377], [-72.817801, -47.273173], [-72.826792, -47.275524], [-72.832382, -47.278923], [-72.83368, -47.278858], [-72.837295, -47.276965], [-72.842853, -47.276805], [-72.845224, -47.280008], [-72.852294, -47.283785], [-72.861264, -47.290015], [-72.866092, -47.291834], [-72.868924, -47.293784], [-72.870298, -47.295895], [-72.870405, -47.30189], [-72.872272, -47.304175], [-72.872551, -47.305775], [-72.871821, -47.306983], [-72.865834, -47.310867], [-72.865329, -47.311977], [-72.86577, -47.316032], [-72.864375, -47.318956], [-72.859579, -47.321022], [-72.858217, -47.322658], [-72.852101, -47.334337], [-72.85186, -47.337994], [-72.850814, -47.34152], [-72.854998, -47.344988], [-72.861671, -47.346173], [-72.866564, -47.348477], [-72.868656, -47.353994], [-72.868817, -47.359452], [-72.870834, -47.371704], [-72.879267, -47.377749], [-72.885339, -47.383561], [-72.885254, -47.385116], [-72.87777, -47.38902], [-72.879546, -47.401516], [-72.882035, -47.402721], [-72.892195, -47.404122], [-72.901218, -47.403607], [-72.903439, -47.404674], [-72.90582, -47.407431], [-72.907767, -47.411113], [-72.909619, -47.413293], [-72.910826, -47.41383], [-72.914114, -47.414135], [-72.927121, -47.41327], [-72.933812, -47.413816], [-72.938031, -47.416827], [-72.941002, -47.425656], [-72.942621, -47.428704], [-72.943661, -47.434634], [-72.942193, -47.438701], [-72.943232, -47.443581], [-72.946987, -47.447739], [-72.949283, -47.455357], [-72.948725, -47.459332], [-72.944155, -47.467847], [-72.946622, -47.47597], [-72.946258, -47.482177], [-72.946794, -47.483308], [-72.949498, -47.484207], [-72.959669, -47.482822], [-72.964947, -47.484287], [-72.965934, -47.485831], [-72.967329, -47.491689], [-72.972629, -47.494357], [-72.985241, -47.509256], [-72.98692, -47.510244], [-72.999837, -47.512266], [-73.002949, -47.513614], [-73.006124, -47.516056], [-73.019922, -47.517389], [-73.02299, -47.519621], [-73.024432, -47.523184], [-73.028344, -47.523903], [-73.031702, -47.525475], [-73.035736, -47.525714], [-73.041573, -47.522302], [-73.047055, -47.522222], [-73.053428, -47.524337], [-73.058374, -47.528807], [-73.061587, -47.530354], [-73.084595, -47.531734], [-73.09099, -47.533617], [-73.092942, -47.535805], [-73.092835, -47.539195], [-73.090839, -47.543642], [-73.084102, -47.549073], [-73.078244, -47.556778], [-73.076913, -47.560933], [-73.076785, -47.569577], [-73.073083, -47.579146], [-73.073448, -47.582026], [-73.078576, -47.587229], [-73.081269, -47.591375], [-73.081259, -47.593539], [-73.079917, -47.594877], [-73.076098, -47.596151], [-73.063384, -47.596621], [-73.060652, -47.597501], [-73.058996, -47.59877], [-73.057795, -47.60149], [-73.059125, -47.605208], [-73.059435, -47.610551], [-73.05506, -47.613881], [-73.045646, -47.623008], [-73.044964, -47.624966], [-73.048975, -47.632545], [-73.056014, -47.63981], [-73.060112, -47.642376], [-73.064672, -47.643743], [-73.067483, -47.647075], [-73.070776, -47.648896], [-73.081033, -47.651549], [-73.084939, -47.653464], [-73.086247, -47.655451], [-73.084143, -47.666035], [-73.086045, -47.670478], [-73.087685, -47.671716], [-73.089852, -47.67254], [-73.097298, -47.672656], [-73.101579, -47.67215], [-73.107812, -47.670105], [-73.11028, -47.670611], [-73.114958, -47.673609], [-73.119314, -47.67491], [-73.1253, -47.674736], [-73.130558, -47.675943], [-73.141973, -47.681223], [-73.147724, -47.686973], [-73.163667, -47.693299], [-73.174052, -47.695783], [-73.197699, -47.700072], [-73.203278, -47.702267], [-73.207827, -47.706094], [-73.209372, -47.708303], [-73.212057, -47.716171], [-73.214285, -47.717457], [-73.227868, -47.717154], [-73.233833, -47.718424], [-73.235636, -47.720185], [-73.239493, -47.726767], [-73.239455, -47.729683], [-73.236902, -47.733623], [-73.236816, -47.735239], [-73.243339, -47.742801], [-73.246665, -47.751718], [-73.247888, -47.753247], [-73.25851, -47.762075], [-73.261406, -47.762421], [-73.27088, -47.761116], [-73.275375, -47.762486], [-73.284946, -47.763445], [-73.292456, -47.766892], [-73.297616, -47.771241], [-73.304837, -47.772791], [-73.310866, -47.771897], [-73.320715, -47.768522], [-73.33947, -47.77021], [-73.346669, -47.766727], [-73.354039, -47.761123], [-73.364543, -47.765436], [-73.378296, -47.767019], [-73.385892, -47.768822], [-73.389046, -47.770985], [-73.390741, -47.774951], [-73.390055, -47.778109], [-73.386149, -47.787668], [-73.386192, -47.793636], [-73.38903, -47.79728], [-73.391755, -47.798851], [-73.399094, -47.800638], [-73.404308, -47.803751], [-73.411024, -47.804645], [-73.41302, -47.803838], [-73.417976, -47.793993], [-73.420423, -47.791629], [-73.424457, -47.790432], [-73.429038, -47.790018], [-73.432096, -47.791124], [-73.433426, -47.793647], [-73.434177, -47.8061], [-73.435507, -47.812009], [-73.438361, -47.815626], [-73.44246, -47.817427], [-73.445614, -47.817989], [-73.450978, -47.817773], [-73.458489, -47.815986], [-73.462179, -47.813825], [-73.464389, -47.811303], [-73.464604, -47.8093], [-73.462083, -47.805625], [-73.462405, -47.804407], [-73.47652, -47.802317], [-73.49443, -47.795319], [-73.504236, -47.785978], [-73.507412, -47.781883], [-73.510073, -47.776951], [-73.512412, -47.77499], [-73.517063, -47.774611], [-73.527545, -47.777206], [-73.537279, -47.775822]], [[-73.543542, -47.792174], [-73.546407, -47.794423], [-73.550173, -47.795821], [-73.561481, -47.804347], [-73.568562, -47.808872]], [[-73.55113, -47.777767], [-73.56589, -47.776365], [-73.572489, -47.777533], [-73.580943, -47.782003], [-73.585127, -47.786198]], [[-73.523372, -47.776442], [-73.524898, -47.777544], [-73.525317, -47.779332], [-73.526829, -47.780651], [-73.52846, -47.784371], [-73.534593, -47.785631]], [[-73.534593, -47.785631], [-73.539379, -47.790646], [-73.547737, -47.793255], [-73.556213, -47.793637], [-73.565697, -47.791114], [-73.569294, -47.791644]], [[-73.537279, -47.775822], [-73.54289, -47.775928], [-73.553383, -47.7782], [-73.563812, -47.782662], [-73.5657, -47.784479], [-73.5688, -47.790851], [-73.571676, -47.794023], [-73.573585, -47.798001]], [[-73.537279, -47.775822], [-73.54289, -47.775928], [-73.553383, -47.7782], [-73.563812, -47.782662], [-73.5657, -47.784479], [-73.5688, -47.790851], [-73.571676, -47.794023], [-73.573585, -47.798001]], [[-72.831925, -47.018822], [-72.82867, -47.029265], [-72.825547, -47.031715], [-72.820505, -47.043567], [-72.814121, -47.048041], [-72.813113, -47.052442], [-72.808424, -47.054204], [-72.806493, -47.056345], [-72.805399, -47.060526], [-72.801064, -47.063384], [-72.799133, -47.066643], [-72.7932, -47.070436], [-72.790722, -47.071247], [-72.7854, -47.076157], [-72.781291, -47.078218], [-72.779274, -47.080629], [-72.775497, -47.089987], [-72.775471, -47.093201], [-72.777461, -47.096608], [-72.777858, -47.099453], [-72.779043, -47.101308], [-72.780755, -47.107494], [-72.785937, -47.112568], [-72.787385, -47.117073], [-72.786259, -47.119636], [-72.77583, -47.121359], [-72.773046, -47.120611], [-72.769457, -47.120749], [-72.764761, -47.123427], [-72.760515, -47.123877], [-72.753155, -47.128378], [-72.749721, -47.129692], [-72.746304, -47.130195], [-72.74072, -47.129706], [-72.732107, -47.130921], [-72.73123, -47.131597], [-72.730522, -47.134283], [-72.730946, -47.137571], [-72.73549, -47.139293], [-72.737238, -47.142044], [-72.736672, -47.143122], [-72.729594, -47.142482], [-72.722776, -47.140745], [-72.721767, -47.139705], [-72.721102, -47.135899], [-72.716242, -47.133352], [-72.713731, -47.132819], [-72.707294, -47.133498], [-72.700369, -47.136085], [-72.698443, -47.135604], [-72.695825, -47.132666], [-72.693942, -47.132254], [-72.692719, -47.136596], [-72.686969, -47.136808], [-72.683744, -47.13529], [-72.682623, -47.135582], [-72.681521, -47.13691], [-72.678659, -47.137582], [-72.673504, -47.137133], [-72.669883, -47.133772], [-72.662426, -47.130717], [-72.652111, -47.129155], [-72.648425, -47.13002], [-72.644616, -47.129334], [-72.641709, -47.130644], [-72.635926, -47.130984], [-72.629446, -47.129509], [-72.621311, -47.131661], [-72.618374, -47.130703], [-72.612226, -47.132162], [-72.612194, -47.13341], [-72.616872, -47.143606], [-72.614458, -47.150407], [-72.617438, -47.157613], [-72.619983, -47.160774], [-72.61881, -47.162523], [-72.619404, -47.169294], [-72.618041, -47.172802], [-72.619844, -47.177447], [-72.619981, -47.187107], [-72.622869, -47.192527], [-72.631302, -47.200779], [-72.630336, -47.208695], [-72.630658, -47.2104], [-72.633934, -47.216612], [-72.634242, -47.221434], [-72.639617, -47.229157], [-72.648275, -47.231459], [-72.656322, -47.237302], [-72.666128, -47.240652], [-72.670806, -47.244629], [-72.672243, -47.246581], [-72.674303, -47.251534], [-72.678852, -47.257752], [-72.678487, -47.260869], [-72.675333, -47.266329], [-72.675612, -47.268397], [-72.676942, -47.269504], [-72.680032, -47.270581], [-72.694945, -47.272751], [-72.69752, -47.275109], [-72.698314, -47.278909], [-72.699162, -47.280226], [-72.701147, -47.281311], [-72.70547, -47.280568], [-72.70914, -47.279164], [-72.714289, -47.27152], [-72.716317, -47.27029], [-72.718366, -47.269926], [-72.723173, -47.269984], [-72.729728, -47.271134], [-72.75081, -47.278465], [-72.753761, -47.277744], [-72.760348, -47.271324], [-72.7639, -47.269861], [-72.770455, -47.26922], [-72.785325, -47.270902], [-72.79983, -47.269198], [-72.808907, -47.269176], [-72.813199, -47.270377], [-72.817801, -47.273173], [-72.826792, -47.275524], [-72.832382, -47.278923], [-72.83368, -47.278858], [-72.837295, -47.276965], [-72.842853, -47.276805], [-72.845224, -47.280008], [-72.852294, -47.283785], [-72.861264, -47.290015], [-72.866092, -47.291834], [-72.868924, -47.293784], [-72.870298, -47.295895], [-72.870405, -47.30189], [-72.872272, -47.304175], [-72.872551, -47.305775], [-72.871821, -47.306983], [-72.865834, -47.310867], [-72.865329, -47.311977], [-72.86577, -47.316032], [-72.864375, -47.318956], [-72.859579, -47.321022], [-72.858217, -47.322658], [-72.852101, -47.334337], [-72.85186, -47.337994], [-72.850814, -47.34152], [-72.854998, -47.344988], [-72.861671, -47.346173], [-72.866564, -47.348477], [-72.868656, -47.353994], [-72.868817, -47.359452], [-72.870834, -47.371704], [-72.879267, -47.377749], [-72.885339, -47.383561], [-72.885254, -47.385116], [-72.87777, -47.38902], [-72.879546, -47.401516], [-72.882035, -47.402721], [-72.892195, -47.404122], [-72.901218, -47.403607], [-72.903439, -47.404674], [-72.90582, -47.407431], [-72.907767, -47.411113], [-72.909619, -47.413293], [-72.910826, -47.41383], [-72.914114, -47.414135], [-72.927121, -47.41327], [-72.933812, -47.413816], [-72.938031, -47.416827], [-72.941002, -47.425656], [-72.942621, -47.428704], [-72.943661, -47.434634], [-72.942193, -47.438701], [-72.943232, -47.443581], [-72.946987, -47.447739], [-72.949283, -47.455357], [-72.948725, -47.459332], [-72.944155, -47.467847], [-72.946622, -47.47597], [-72.946258, -47.482177], [-72.946794, -47.483308], [-72.949498, -47.484207], [-72.959669, -47.482822], [-72.964947, -47.484287], [-72.965934, -47.485831], [-72.967329, -47.491689], [-72.972629, -47.494357], [-72.985241, -47.509256], [-72.98692, -47.510244], [-72.999837, -47.512266], [-73.002949, -47.513614], [-73.006124, -47.516056], [-73.019922, -47.517389], [-73.02299, -47.519621], [-73.024432, -47.523184], [-73.028344, -47.523903], [-73.031702, -47.525475], [-73.035736, -47.525714], [-73.041573, -47.522302], [-73.047055, -47.522222], [-73.053428, -47.524337], [-73.058374, -47.528807], [-73.061587, -47.530354], [-73.084595, -47.531734], [-73.09099, -47.533617], [-73.092942, -47.535805], [-73.092835, -47.539195], [-73.090839, -47.543642], [-73.084102, -47.549073], [-73.078244, -47.556778], [-73.076913, -47.560933], [-73.076785, -47.569577], [-73.073083, -47.579146], [-73.073448, -47.582026], [-73.078576, -47.587229], [-73.081269, -47.591375], [-73.081259, -47.593539], [-73.079917, -47.594877], [-73.076098, -47.596151], [-73.063384, -47.596621], [-73.060652, -47.597501], [-73.058996, -47.59877], [-73.057795, -47.60149], [-73.059125, -47.605208], [-73.059435, -47.610551], [-73.05506, -47.613881], [-73.045646, -47.623008], [-73.044964, -47.624966], [-73.048975, -47.632545], [-73.056014, -47.63981], [-73.060112, -47.642376], [-73.064672, -47.643743], [-73.067483, -47.647075], [-73.070776, -47.648896], [-73.081033, -47.651549], [-73.084939, -47.653464], [-73.086247, -47.655451], [-73.084143, -47.666035], [-73.086045, -47.670478], [-73.087685, -47.671716], [-73.089852, -47.67254], [-73.097298, -47.672656], [-73.101579, -47.67215], [-73.107812, -47.670105], [-73.11028, -47.670611], [-73.114958, -47.673609], [-73.119314, -47.67491], [-73.1253, -47.674736], [-73.130558, -47.675943], [-73.141973, -47.681223], [-73.147724, -47.686973], [-73.163667, -47.693299], [-73.174052, -47.695783], [-73.197699, -47.700072], [-73.203278, -47.702267], [-73.207827, -47.706094], [-73.209372, -47.708303], [-73.212057, -47.716171], [-73.214285, -47.717457], [-73.227868, -47.717154], [-73.233833, -47.718424], [-73.235636, -47.720185], [-73.239493, -47.726767], [-73.239455, -47.729683], [-73.236902, -47.733623], [-73.236816, -47.735239], [-73.243339, -47.742801], [-73.246665, -47.751718], [-73.247888, -47.753247], [-73.25851, -47.762075], [-73.261406, -47.762421], [-73.27088, -47.761116], [-73.275375, -47.762486], [-73.284946, -47.763445], [-73.292456, -47.766892], [-73.297616, -47.771241], [-73.304837, -47.772791], [-73.310866, -47.771897], [-73.320715, -47.768522], [-73.33947, -47.77021], [-73.346669, -47.766727], [-73.354039, -47.761123], [-73.364543, -47.765436], [-73.378296, -47.767019], [-73.385892, -47.768822], [-73.389046, -47.770985], [-73.390741, -47.774951], [-73.390055, -47.778109], [-73.386149, -47.787668], [-73.386192, -47.793636], [-73.38903, -47.79728], [-73.391755, -47.798851], [-73.399094, -47.800638], [-73.404308, -47.803751], [-73.411024, -47.804645], [-73.41302, -47.803838], [-73.417976, -47.793993], [-73.420423, -47.791629], [-73.424457, -47.790432], [-73.429038, -47.790018], [-73.432096, -47.791124], [-73.433426, -47.793647], [-73.434177, -47.8061], [-73.435507, -47.812009], [-73.438361, -47.815626], [-73.44246, -47.817427], [-73.445614, -47.817989], [-73.450978, -47.817773], [-73.458489, -47.815986], [-73.462179, -47.813825], [-73.464389, -47.811303], [-73.464604, -47.8093], [-73.462083, -47.805625], [-73.462405, -47.804407], [-73.47652, -47.802317], [-73.49443, -47.795319], [-73.504236, -47.785978], [-73.507412, -47.781883], [-73.510073, -47.776951], [-73.512412, -47.77499], [-73.517063, -47.774611], [-73.527545, -47.777206], [-73.537279, -47.775822]]]}}, {"type": "Feature", "properties": {"id": "rio-ibanez", "name": "Río Ibáñez", "type": "river", "region": "aysen", "season": "2026-2027", "opens": "2026-10-12", "closes": "2027-05-06", "cat": "oct", "rule_level": "region", "phases": [{"s": "2026-10-12", "e": "2026-11-30", "mode": "catch_and_release", "label": "Pesca con devolución obligatoria"}, {"s": "2026-10-12", "e": "2027-01-15", "mode": "retention", "label": "Pesca con retención: 2 ejemplares sin límite de peso (salmon chinook)"}, {"s": "2026-12-01", "e": "2027-02-28", "mode": "retention", "label": "Pesca con retención: 3 ejemplares o hasta 15 kilos"}, {"s": "2027-03-01", "e": "2027-05-06", "mode": "catch_and_release", "label": "Pesca con devolución obligatoria"}], "veda": ["Prohibida cualquier actividad de pesca del 07 de mayo al 11 de octubre (años 2025-2027).", "Veda biológica del chinook: 16 de enero al 11 de octubre (años 2025-2027)."], "gear": ["Señuelos artificiales. Chinguillo."], "prohibitions": ["Prohibida la extracción todo el año en zonas de protección de desove: río Ñirehuao (sector Mañihuales) y río Mañihuales (sector El Toqui) — desove de salmón chinook abril-mayo — entre otras."], "sources": [{"doc": "Res. Ex. N° 3004, 31 dic 2024 (mod. Res. Ex. N° 893, 08 abr 2025), DZ Aysén", "url": null}]}, "geometry": {"type": "MultiLineString", "coordinates": [[[-72.908249, -46.050915], [-72.905123, -46.050897], [-72.903235, -46.052967], [-72.900038, -46.054412], [-72.898943, -46.054263], [-72.895897, -46.055662], [-72.893944, -46.05535], [-72.885833, -46.062541], [-72.878269, -46.064417], [-72.876434, -46.066182], [-72.87196, -46.067343], [-72.869117, -46.069516], [-72.868924, -46.070879], [-72.861736, -46.07393], [-72.855459, -46.075434], [-72.848153, -46.075069], [-72.84487, -46.072769], [-72.838605, -46.073439], [-72.83442, -46.072129], [-72.829742, -46.074183], [-72.820559, -46.074154], [-72.800753, -46.071787], [-72.794466, -46.069167], [-72.790711, -46.069851], [-72.789445, -46.06939], [-72.788844, -46.068244], [-72.783737, -46.065623], [-72.776849, -46.064209], [-72.774253, -46.065072], [-72.773116, -46.064715], [-72.771292, -46.061172], [-72.768953, -46.060085], [-72.756668, -46.059497], [-72.752227, -46.058097], [-72.749931, -46.058581], [-72.749555, -46.057732], [-72.744749, -46.054389], [-72.742249, -46.053749], [-72.741669, -46.052409], [-72.742056, -46.050324], [-72.736777, -46.049914], [-72.735522, -46.050086], [-72.735361, -46.05077], [-72.734191, -46.051202], [-72.73226, -46.050607], [-72.732797, -46.048313], [-72.721938, -46.049033], [-72.715116, -46.048723], [-72.713892, -46.049379], [-72.71165, -46.047994], [-72.703705, -46.046641], [-72.704048, -46.045525], [-72.700181, -46.044739], [-72.695686, -46.045327], [-72.694097, -46.046519], [-72.690171, -46.047896], [-72.689592, -46.048998], [-72.685192, -46.049861], [-72.682899, -46.048478], [-72.678128, -46.047461], [-72.672957, -46.044482], [-72.672372, -46.043264], [-72.66057, -46.044151], [-72.658618, -46.044836], [-72.657566, -46.046055], [-72.654991, -46.046609], [-72.643865, -46.045655], [-72.640137, -46.042893], [-72.631495, -46.045313], [-72.626603, -46.044553], [-72.623159, -46.046154], [-72.620155, -46.045499], [-72.617365, -46.046288], [-72.611528, -46.04611], [-72.609511, -46.046576], [-72.605123, -46.051297], [-72.600917, -46.054144], [-72.598085, -46.054873], [-72.599372, -46.059159], [-72.60066, -46.070119], [-72.600467, -46.072859], [-72.599458, -46.075059], [-72.596797, -46.075238], [-72.592677, -46.079167], [-72.586712, -46.081102], [-72.586154, -46.083439], [-72.584996, -46.084632], [-72.575511, -46.08774], [-72.570876, -46.090615], [-72.568865, -46.092501], [-72.570126, -46.096329], [-72.569332, -46.09752], [-72.561607, -46.098829], [-72.55547, -46.103039], [-72.550476, -46.103898], [-72.539197, -46.104195], [-72.52867, -46.108953], [-72.524303, -46.10844], [-72.519969, -46.108893], [-72.510935, -46.115625], [-72.509025, -46.114725], [-72.497642, -46.116093], [-72.491645, -46.115149], [-72.489188, -46.115416], [-72.482783, -46.118495], [-72.481302, -46.120399], [-72.481077, -46.122303], [-72.478985, -46.123002], [-72.474489, -46.126854], [-72.470627, -46.12559], [-72.465574, -46.126608], [-72.460145, -46.125114], [-72.452066, -46.127434], [-72.440275, -46.12791], [-72.435908, -46.12904], [-72.428216, -46.132631], [-72.423205, -46.13333], [-72.415749, -46.131597], [-72.412938, -46.129531], [-72.409644, -46.125523], [-72.40649, -46.124214], [-72.403454, -46.123976], [-72.400664, -46.124757], [-72.398862, -46.127159], [-72.389635, -46.134869], [-72.371934, -46.135162], [-72.365154, -46.137868], [-72.360648, -46.140722], [-72.354811, -46.142358], [-72.352108, -46.141852], [-72.349447, -46.139949], [-72.34567, -46.139117], [-72.34155, -46.140395], [-72.330907, -46.142031], [-72.321852, -46.140901], [-72.315515, -46.139042], [-72.307159, -46.132725], [-72.293436, -46.130743], [-72.289135, -46.133677], [-72.28347, -46.133796], [-72.271797, -46.130346]], [[-71.99539, -46.255663], [-71.9965, -46.256259], [-71.996635, -46.257456]], [[-72.271797, -46.130346], [-72.262909, -46.124299], [-72.260473, -46.123557], [-72.255317, -46.124873], [-72.250854, -46.125112], [-72.245876, -46.122732], [-72.242271, -46.122256], [-72.233761, -46.123935], [-72.22183, -46.129315], [-72.218279, -46.129973], [-72.213376, -46.127579], [-72.210013, -46.123069], [-72.205238, -46.120518], [-72.203382, -46.117045], [-72.202095, -46.116048], [-72.198029, -46.115773], [-72.190787, -46.117216], [-72.181195, -46.115892], [-72.175647, -46.116845], [-72.173587, -46.120415], [-72.17539, -46.123642], [-72.174939, -46.124505], [-72.168348, -46.124311], [-72.164286, -46.127567], [-72.160735, -46.128326], [-72.157495, -46.129954], [-72.155114, -46.136088], [-72.149256, -46.140251], [-72.143355, -46.140638], [-72.140426, -46.139523], [-72.134825, -46.135642], [-72.12945, -46.136527], [-72.127723, -46.137805], [-72.12504, -46.142452], [-72.118893, -46.143418], [-72.112263, -46.146481], [-72.106577, -46.147818], [-72.095097, -46.154463], [-72.088788, -46.15647], [-72.086213, -46.157904], [-72.085097, -46.160565], [-72.085677, -46.164926], [-72.081643, -46.171108], [-72.080184, -46.174689], [-72.079583, -46.18191], [-72.070978, -46.192576], [-72.061474, -46.202289], [-72.060701, -46.205378], [-72.054135, -46.209328], [-72.047869, -46.210041], [-72.041003, -46.2131], [-72.037021, -46.216026], [-72.037055, -46.219157], [-72.036368, -46.220107], [-72.032119, -46.222275], [-72.028386, -46.222928], [-72.027399, -46.22465], [-72.018515, -46.227708], [-72.011048, -46.231479], [-72.005297, -46.236644], [-72.001137, -46.242669], [-71.998905, -46.247299], [-71.998734, -46.249792], [-71.997024, -46.251633], [-71.995073, -46.256215], [-71.995081, -46.257309], [-71.99638, -46.258901]], [[-71.996635, -46.257456], [-71.99726, -46.26477], [-71.994599, -46.268167], [-71.988687, -46.269206], [-71.979702, -46.267748], [-71.974697, -46.269799], [-71.973603, -46.271353], [-71.97283, -46.274886], [-71.966618, -46.282583], [-71.966543, -46.284719], [-71.968925, -46.287951], [-71.969054, -46.289983], [-71.966103, -46.292059], [-71.955707, -46.296529], [-71.948197, -46.306891]], [[-72.146145, -46.140846], [-72.143831, -46.141599], [-72.141846, -46.143815], [-72.139643, -46.144357], [-72.138212, -46.143578], [-72.136759, -46.144166], [-72.135778, -46.145727], [-72.13595, -46.147174], [-72.131587, -46.150891], [-72.127538, -46.150613], [-72.115737, -46.153656], [-72.108041, -46.153547], [-72.10056, -46.155025], [-72.100022, -46.155574], [-72.095097, -46.154463]], [[-72.135798, -46.146152], [-72.134344, -46.147851], [-72.132345, -46.147214], [-72.127138, -46.148185], [-72.124892, -46.149394], [-72.124005, -46.150395], [-72.124434, -46.151158]], [[-72.127408, -46.138263], [-72.125389, -46.138445], [-72.123377, -46.139984], [-72.121296, -46.143061]], [[-72.908249, -46.050915], [-72.905123, -46.050897], [-72.903235, -46.052967], [-72.900038, -46.054412], [-72.898943, -46.054263], [-72.895897, -46.055662], [-72.893944, -46.05535], [-72.885833, -46.062541], [-72.878269, -46.064417], [-72.876434, -46.066182], [-72.87196, -46.067343], [-72.869117, -46.069516], [-72.868924, -46.070879], [-72.861736, -46.07393], [-72.855459, -46.075434], [-72.848153, -46.075069], [-72.84487, -46.072769], [-72.838605, -46.073439], [-72.83442, -46.072129], [-72.829742, -46.074183], [-72.820559, -46.074154], [-72.800753, -46.071787], [-72.794466, -46.069167], [-72.790711, -46.069851], [-72.789445, -46.06939], [-72.788844, -46.068244], [-72.783737, -46.065623], [-72.776849, -46.064209], [-72.774253, -46.065072], [-72.773116, -46.064715], [-72.771292, -46.061172], [-72.768953, -46.060085], [-72.756668, -46.059497], [-72.752227, -46.058097], [-72.749931, -46.058581], [-72.749555, -46.057732], [-72.744749, -46.054389], [-72.742249, -46.053749], [-72.741669, -46.052409], [-72.742056, -46.050324], [-72.736777, -46.049914], [-72.735522, -46.050086], [-72.735361, -46.05077], [-72.734191, -46.051202], [-72.73226, -46.050607], [-72.732797, -46.048313], [-72.721938, -46.049033], [-72.715116, -46.048723], [-72.713892, -46.049379], [-72.71165, -46.047994], [-72.703705, -46.046641], [-72.704048, -46.045525], [-72.700181, -46.044739], [-72.695686, -46.045327], [-72.694097, -46.046519], [-72.690171, -46.047896], [-72.689592, -46.048998], [-72.685192, -46.049861], [-72.682899, -46.048478], [-72.678128, -46.047461], [-72.672957, -46.044482], [-72.672372, -46.043264], [-72.66057, -46.044151], [-72.658618, -46.044836], [-72.657566, -46.046055], [-72.654991, -46.046609], [-72.643865, -46.045655], [-72.640137, -46.042893], [-72.631495, -46.045313], [-72.626603, -46.044553], [-72.623159, -46.046154], [-72.620155, -46.045499], [-72.617365, -46.046288], [-72.611528, -46.04611], [-72.609511, -46.046576], [-72.605123, -46.051297], [-72.600917, -46.054144], [-72.598085, -46.054873], [-72.599372, -46.059159], [-72.60066, -46.070119], [-72.600467, -46.072859], [-72.599458, -46.075059], [-72.596797, -46.075238], [-72.592677, -46.079167], [-72.586712, -46.081102], [-72.586154, -46.083439], [-72.584996, -46.084632], [-72.575511, -46.08774], [-72.570876, -46.090615], [-72.568865, -46.092501], [-72.570126, -46.096329], [-72.569332, -46.09752], [-72.561607, -46.098829], [-72.55547, -46.103039], [-72.550476, -46.103898], [-72.539197, -46.104195], [-72.52867, -46.108953], [-72.524303, -46.10844], [-72.519969, -46.108893], [-72.510935, -46.115625], [-72.509025, -46.114725], [-72.497642, -46.116093], [-72.491645, -46.115149], [-72.489188, -46.115416], [-72.482783, -46.118495], [-72.481302, -46.120399], [-72.481077, -46.122303], [-72.478985, -46.123002], [-72.474489, -46.126854], [-72.470627, -46.12559], [-72.465574, -46.126608], [-72.460145, -46.125114], [-72.452066, -46.127434], [-72.440275, -46.12791], [-72.435908, -46.12904], [-72.428216, -46.132631], [-72.423205, -46.13333], [-72.415749, -46.131597], [-72.412938, -46.129531], [-72.409644, -46.125523], [-72.40649, -46.124214], [-72.403454, -46.123976], [-72.400664, -46.124757], [-72.398862, -46.127159], [-72.389635, -46.134869], [-72.371934, -46.135162], [-72.365154, -46.137868], [-72.360648, -46.140722], [-72.354811, -46.142358], [-72.352108, -46.141852], [-72.349447, -46.139949], [-72.34567, -46.139117], [-72.34155, -46.140395], [-72.330907, -46.142031], [-72.321852, -46.140901], [-72.315515, -46.139042], [-72.307159, -46.132725], [-72.293436, -46.130743], [-72.289135, -46.133677], [-72.28347, -46.133796], [-72.271797, -46.130346]], [[-72.271797, -46.130346], [-72.262909, -46.124299], [-72.260473, -46.123557], [-72.255317, -46.124873], [-72.250854, -46.125112], [-72.245876, -46.122732], [-72.242271, -46.122256], [-72.233761, -46.123935], [-72.22183, -46.129315], [-72.218279, -46.129973], [-72.213376, -46.127579], [-72.210013, -46.123069], [-72.205238, -46.120518], [-72.203382, -46.117045], [-72.202095, -46.116048], [-72.198029, -46.115773], [-72.190787, -46.117216], [-72.181195, -46.115892], [-72.175647, -46.116845], [-72.173587, -46.120415], [-72.17539, -46.123642], [-72.174939, -46.124505], [-72.168348, -46.124311], [-72.164286, -46.127567], [-72.160735, -46.128326], [-72.157495, -46.129954], [-72.155114, -46.136088], [-72.149256, -46.140251], [-72.143355, -46.140638], [-72.140426, -46.139523], [-72.134825, -46.135642], [-72.12945, -46.136527], [-72.127723, -46.137805], [-72.12504, -46.142452], [-72.118893, -46.143418], [-72.112263, -46.146481], [-72.106577, -46.147818], [-72.095097, -46.154463], [-72.088788, -46.15647], [-72.086213, -46.157904], [-72.085097, -46.160565], [-72.085677, -46.164926], [-72.081643, -46.171108], [-72.080184, -46.174689], [-72.079583, -46.18191], [-72.070978, -46.192576], [-72.061474, -46.202289], [-72.060701, -46.205378], [-72.054135, -46.209328], [-72.047869, -46.210041], [-72.041003, -46.2131], [-72.037021, -46.216026], [-72.037055, -46.219157], [-72.036368, -46.220107], [-72.032119, -46.222275], [-72.028386, -46.222928], [-72.027399, -46.22465], [-72.018515, -46.227708], [-72.011048, -46.231479], [-72.005297, -46.236644], [-72.001137, -46.242669], [-71.998905, -46.247299], [-71.998734, -46.249792], [-71.997024, -46.251633], [-71.995073, -46.256215], [-71.995081, -46.257309], [-71.99638, -46.258901]], [[-71.996635, -46.257456], [-71.99726, -46.26477], [-71.994599, -46.268167], [-71.988687, -46.269206], [-71.979702, -46.267748], [-71.974697, -46.269799], [-71.973603, -46.271353], [-71.97283, -46.274886], [-71.966618, -46.282583], [-71.966543, -46.284719], [-71.968925, -46.287951], [-71.969054, -46.289983], [-71.966103, -46.292059], [-71.955707, -46.296529], [-71.948197, -46.306891]], [[-72.146145, -46.140846], [-72.143831, -46.141599], [-72.141846, -46.143815], [-72.139643, -46.144357], [-72.138212, -46.143578], [-72.136759, -46.144166], [-72.135778, -46.145727], [-72.13595, -46.147174], [-72.131587, -46.150891], [-72.127538, -46.150613], [-72.115737, -46.153656], [-72.108041, -46.153547], [-72.10056, -46.155025], [-72.100022, -46.155574], [-72.095097, -46.154463]], [[-72.135798, -46.146152], [-72.134344, -46.147851], [-72.132345, -46.147214], [-72.127138, -46.148185], [-72.124892, -46.149394], [-72.124005, -46.150395], [-72.124434, -46.151158]], [[-72.127408, -46.138263], [-72.125389, -46.138445], [-72.123377, -46.139984], [-72.121296, -46.143061]]]}}, {"type": "Feature", "properties": {"id": "rio-paloma", "name": "Río Paloma", "type": "river", "region": "aysen", "season": "2026-2027", "opens": "2026-10-12", "closes": "2027-05-06", "cat": "oct", "rule_level": "waterbody", "phases": [{"s": "2026-10-12", "e": "2027-05-06", "mode": "catch_and_release", "label": "Pesca con devolución obligatoria"}], "veda": ["07 de mayo al 11 de octubre."], "gear": [], "prohibitions": [], "sources": [{"doc": "Res. Ex. N° 3004, 31 dic 2024 (mod. Res. Ex. N° 893, 08 abr 2025), DZ Aysén", "url": null}]}, "geometry": {"type": "MultiLineString", "coordinates": [[[-72.117316, -41.391805], [-72.116539, -41.396964], [-72.116955, -41.398671], [-72.111934, -41.403466], [-72.112458, -41.405002], [-72.110528, -41.406931], [-72.110787, -41.40904]], [[-73.365361, -41.369327], [-73.363403, -41.369418], [-73.363218, -41.371183], [-73.363851, -41.372171], [-73.36285, -41.373216], [-73.359452, -41.374518], [-73.358529, -41.375814], [-73.356641, -41.376193], [-73.353224, -41.375593], [-73.352419, -41.374417], [-73.350936, -41.37384]]]}}, {"type": "Feature", "properties": {"id": "rio-cochrane", "name": "Río Cochrane", "type": "river", "region": "aysen", "season": "2026-2027", "opens": "2026-10-12", "closes": "2027-05-06", "cat": "oct", "rule_level": "region", "phases": [{"s": "2026-10-12", "e": "2026-11-30", "mode": "catch_and_release", "label": "Pesca con devolución obligatoria"}, {"s": "2026-10-12", "e": "2027-01-15", "mode": "retention", "label": "Pesca con retención: 2 ejemplares sin límite de peso (salmon chinook)"}, {"s": "2026-12-01", "e": "2027-02-28", "mode": "retention", "label": "Pesca con retención: 3 ejemplares o hasta 15 kilos"}, {"s": "2027-03-01", "e": "2027-05-06", "mode": "catch_and_release", "label": "Pesca con devolución obligatoria"}], "veda": ["Prohibida cualquier actividad de pesca del 07 de mayo al 11 de octubre (años 2025-2027).", "Veda biológica del chinook: 16 de enero al 11 de octubre (años 2025-2027)."], "gear": ["Señuelos artificiales. Chinguillo."], "prohibitions": ["Prohibida la extracción todo el año en zonas de protección de desove: río Ñirehuao (sector Mañihuales) y río Mañihuales (sector El Toqui) — desove de salmón chinook abril-mayo — entre otras."], "sources": [{"doc": "Res. Ex. N° 3004, 31 dic 2024 (mod. Res. Ex. N° 893, 08 abr 2025), DZ Aysén", "url": null}]}, "geometry": {"type": "MultiLineString", "coordinates": [[[-72.548463, -47.255489], [-72.549677, -47.25591], [-72.552826, -47.254916], [-72.555859, -47.254869], [-72.565854, -47.251552], [-72.567116, -47.252723], [-72.567449, -47.254354], [-72.566988, -47.256321], [-72.565341, -47.256868], [-72.565009, -47.257975], [-72.572347, -47.258109], [-72.574278, -47.259704], [-72.576939, -47.259992], [-72.577722, -47.260654], [-72.579511, -47.259057], [-72.579342, -47.257909], [-72.582239, -47.259107], [-72.583703, -47.258371], [-72.582834, -47.25618], [-72.58572, -47.256558], [-72.58733, -47.254734], [-72.589835, -47.255404], [-72.591908, -47.254778], [-72.593471, -47.255325], [-72.594716, -47.254606], [-72.594061, -47.253896], [-72.595361, -47.253824], [-72.596701, -47.254584], [-72.595296, -47.255703], [-72.595574, -47.256397], [-72.598574, -47.25468], [-72.599861, -47.25512], [-72.602532, -47.252844], [-72.600998, -47.249669], [-72.603192, -47.248821], [-72.604104, -47.246246], [-72.60514, -47.245219], [-72.604356, -47.239185], [-72.605317, -47.234701], [-72.606658, -47.233503], [-72.607323, -47.231823], [-72.607178, -47.230333], [-72.608117, -47.229506], [-72.611641, -47.228649], [-72.60894, -47.231199], [-72.610279, -47.231678], [-72.611277, -47.229805], [-72.613698, -47.229051], [-72.614109, -47.228246], [-72.620916, -47.228563], [-72.627268, -47.230126], [-72.631656, -47.233091], [-72.636226, -47.234857], [-72.639928, -47.238358], [-72.645292, -47.238817], [-72.646017, -47.239235], [-72.645271, -47.239928], [-72.646215, -47.240856], [-72.647899, -47.24051], [-72.649187, -47.241184], [-72.648425, -47.24948], [-72.650169, -47.25141], [-72.649718, -47.251694], [-72.647937, -47.250743], [-72.647604, -47.251177], [-72.649568, -47.253079], [-72.649415, -47.254162], [-72.650718, -47.255238], [-72.655203, -47.254202], [-72.655356, -47.255306], [-72.65637, -47.255848], [-72.657343, -47.257609], [-72.65913, -47.258091], [-72.662104, -47.26017], [-72.664137, -47.26045], [-72.664647, -47.259598], [-72.666015, -47.260217], [-72.664728, -47.261222], [-72.665409, -47.26222], [-72.664148, -47.264586], [-72.664491, -47.265951], [-72.665629, -47.266864], [-72.665588, -47.268364], [-72.668171, -47.270857], [-72.668569, -47.273087], [-72.671612, -47.275743], [-72.673784, -47.276708], [-72.674547, -47.278187], [-72.680289, -47.279914], [-72.681048, -47.279164], [-72.682828, -47.280229], [-72.685125, -47.278227], [-72.683961, -47.277553], [-72.684125, -47.276364], [-72.686396, -47.274634], [-72.688094, -47.276014], [-72.693281, -47.277954], [-72.698314, -47.278909]], [[-72.575335, -47.240022], [-72.57604, -47.24059], [-72.575973, -47.241508], [-72.574032, -47.244509], [-72.574879, -47.244877], [-72.57607, -47.247098], [-72.578001, -47.248329], [-72.577819, -47.249195], [-72.578554, -47.249792], [-72.577321, -47.250917], [-72.575756, -47.250887], [-72.574806, -47.252011], [-72.573391, -47.251694]], [[-68.798943, -54.078699], [-68.799071, -54.077182], [-68.801067, -54.07671], [-68.799694, -54.076074], [-68.800831, -54.07547], [-68.800026, -54.075011], [-68.801314, -54.074438], [-68.800649, -54.07355], [-68.801775, -54.072939], [-68.800713, -54.072574], [-68.800552, -54.071051], [-68.801228, -54.070673], [-68.799265, -54.07044], [-68.79993, -54.069911], [-68.799168, -54.068998], [-68.802022, -54.068136], [-68.801303, -54.067651], [-68.804339, -54.066197], [-68.804318, -54.065296], [-68.805444, -54.064428], [-68.804811, -54.064094], [-68.805981, -54.063659], [-68.805498, -54.06269], [-68.806625, -54.062123], [-68.805949, -54.062054], [-68.806152, -54.06036], [-68.80523, -54.060801], [-68.80347, -54.060133], [-68.803502, -54.059485], [-68.804479, -54.059126], [-68.801893, -54.057683], [-68.802708, -54.056701], [-68.800949, -54.057085], [-68.800144, -54.0565], [-68.799179, -54.057356], [-68.798675, -54.056984], [-68.799619, -54.055838], [-68.797366, -54.05614], [-68.796282, -54.055089], [-68.796853, -54.05396], [-68.796124, -54.053253], [-68.797111, -54.052859], [-68.797041, -54.05211], [-68.799342, -54.052403], [-68.79979, -54.050541], [-68.797205, -54.05034], [-68.797891, -54.050138], [-68.797173, -54.049383], [-68.799018, -54.048979], [-68.797494, -54.047978], [-68.798353, -54.047121], [-68.797516, -54.04646], [-68.799071, -54.045962], [-68.796529, -54.045483], [-68.796529, -54.044658], [-68.794866, -54.045105], [-68.791111, -54.042812], [-68.79258, -54.042491], [-68.792151, -54.042258], [-68.792699, -54.041061], [-68.79095, -54.040777], [-68.789984, -54.039662], [-68.792656, -54.039139], [-68.789201, -54.038749], [-68.791229, -54.038629], [-68.792001, -54.037747], [-68.791669, -54.03718], [-68.793256, -54.037854], [-68.793364, -54.037281], [-68.792205, -54.035435], [-68.79096, -54.034893], [-68.792055, -54.0335], [-68.790166, -54.033091], [-68.790682, -54.032574], [-68.79199, -54.032965], [-68.792162, -54.03229], [-68.788954, -54.031144], [-68.789727, -54.030589], [-68.788536, -54.028888], [-68.790166, -54.028617], [-68.790177, -54.027306], [-68.791293, -54.027098], [-68.790488, -54.026644], [-68.796042, -54.022933], [-68.79999, -54.021373], [-68.800333, -54.020673], [-68.799711, -54.020018], [-68.801921, -54.019639], [-68.801599, -54.018921], [-68.804432, -54.018511], [-68.804657, -54.017981], [-68.805633, -54.01887], [-68.807844, -54.017994], [-68.805751, -54.016841], [-68.806363, -54.016245], [-68.805387, -54.016078], [-68.805274, -54.01528], [-68.804126, -54.015009], [-68.804963, -54.014883], [-68.804341, -54.014486], [-68.80477, -54.014184], [-68.803032, -54.012979], [-68.803911, -54.012286], [-68.802753, -54.012349], [-68.803332, -54.011933], [-68.80286, -54.011063], [-68.80359, -54.010874], [-68.802989, -54.010521], [-68.80359, -54.010319], [-68.803332, -54.009651], [-68.805006, -54.009638], [-68.804147, -54.009159], [-68.804105, -54.007267], [-68.805113, -54.006851], [-68.80404, -54.006221], [-68.80462, -54.005615], [-68.806551, -54.005502], [-68.806401, -54.004985], [-68.804126, -54.004569], [-68.805542, -54.004077], [-68.804705, -54.003572], [-68.805499, -54.00327], [-68.80507, -54.003043], [-68.803697, -54.003597], [-68.803225, -54.003497], [-68.803418, -54.00274], [-68.8008, -54.002147], [-68.801594, -54.001277], [-68.798826, -54.000924], [-68.797024, -53.999751], [-68.796208, -54.000281], [-68.794642, -53.999322], [-68.792689, -53.999953], [-68.792882, -53.999347], [-68.791852, -53.998792], [-68.78829, -53.998124], [-68.786466, -53.997443], [-68.786402, -53.996509], [-68.785479, -53.996509], [-68.786273, -53.995273], [-68.785994, -53.994516], [-68.787303, -53.993507], [-68.787475, -53.992612], [-68.786402, -53.991956], [-68.783269, -53.991653], [-68.782861, -53.991287], [-68.783312, -53.989849], [-68.781338, -53.989105], [-68.782025, -53.988486], [-68.78151, -53.987603], [-68.780029, -53.988032], [-68.780115, -53.987414], [-68.778548, -53.986884], [-68.780051, -53.986455], [-68.778441, -53.986001], [-68.778205, -53.984903], [-68.776617, -53.984828], [-68.776532, -53.983818], [-68.777604, -53.983843], [-68.77784, -53.983162], [-68.776853, -53.983528], [-68.775051, -53.982367], [-68.777197, -53.980437], [-68.77621, -53.979831], [-68.77518, -53.980651], [-68.773914, -53.980563], [-68.774321, -53.980171], [-68.773141, -53.979213], [-68.773656, -53.97843], [-68.771747, -53.977761], [-68.771789, -53.976045], [-68.770759, -53.976298], [-68.771038, -53.97525], [-68.768957, -53.974922], [-68.767584, -53.971779], [-68.764601, -53.971906], [-68.764823, -53.971107], [-68.76699, -53.970994], [-68.766518, -53.970451], [-68.767141, -53.969568], [-68.766692, -53.968205], [-68.76837, -53.96768], [-68.765881, -53.96768], [-68.765233, -53.965984], [-68.763345, -53.966337], [-68.763821, -53.96465], [-68.762143, -53.963863], [-68.759654, -53.964267], [-68.75768, -53.96149], [-68.754676, -53.959773], [-68.753732, -53.956642], [-68.75232, -53.95849], [-68.751071, -53.9575], [-68.751547, -53.955611], [-68.749783, -53.954773], [-68.749612, -53.952955], [-68.74738, -53.952551], [-68.750002, -53.950561], [-68.747123, -53.94659], [-68.745063, -53.947197], [-68.743518, -53.94558], [-68.742316, -53.945479], [-68.742488, -53.944166], [-68.740342, -53.943812], [-68.73893, -53.942781], [-68.742144, -53.940831], [-68.740535, -53.940718], [-68.741726, -53.940067], [-68.740562, -53.939401], [-68.741651, -53.938896], [-68.741157, -53.937358], [-68.739741, -53.936436], [-68.738947, -53.936808], [-68.734583, -53.935575], [-68.734876, -53.934866], [-68.733787, -53.934636], [-68.734758, -53.934544], [-68.73417, -53.933993], [-68.734735, -53.933717], [-68.733883, -53.933164], [-68.732703, -53.933025], [-68.732349, -53.933581], [-68.730922, -53.932899], [-68.729699, -53.933455], [-68.732258, -53.931364], [-68.732875, -53.929513], [-68.731909, -53.929677], [-68.731834, -53.930783], [-68.729806, -53.930574], [-68.72927, -53.92926], [-68.731205, -53.929695], [-68.731244, -53.928755], [-68.729317, -53.927219], [-68.725088, -53.927304], [-68.724895, -53.925182], [-68.722575, -53.924762], [-68.722537, -53.923933], [-68.723652, -53.922619], [-68.722279, -53.921558], [-68.722232, -53.920517], [-68.72309, -53.918596], [-68.724034, -53.91804], [-68.722403, -53.917484], [-68.724253, -53.917362], [-68.723309, -53.916402], [-68.723519, -53.915714], [-68.721459, -53.914653], [-68.720744, -53.913373], [-68.717345, -53.914535]], [[-72.566865, -47.256474], [-72.568775, -47.256907], [-72.570137, -47.257996]], [[-72.571839, -47.252032], [-72.567116, -47.252723]], [[-72.572062, -47.251964], [-72.571839, -47.252032]], [[-72.573391, -47.251694], [-72.572062, -47.251964]], [[-72.489041, -47.218985], [-72.495583, -47.222238], [-72.496373, -47.223003], [-72.49603, -47.223572], [-72.496546, -47.224406], [-72.497455, -47.224789], [-72.49721, -47.225444], [-72.498935, -47.228286], [-72.505292, -47.232472], [-72.509433, -47.23395], [-72.51807, -47.241293], [-72.530752, -47.246475], [-72.532924, -47.24869], [-72.536341, -47.249895], [-72.539935, -47.250124], [-72.543797, -47.25161], [-72.546051, -47.25323], [-72.54649, -47.254821], [-72.548463, -47.255489]], [[-72.489041, -47.218985], [-72.495583, -47.222238], [-72.496373, -47.223003], [-72.49603, -47.223572], [-72.496546, -47.224406], [-72.497455, -47.224789], [-72.49721, -47.225444], [-72.498935, -47.228286], [-72.505292, -47.232472], [-72.509433, -47.23395], [-72.51807, -47.241293], [-72.530752, -47.246475], [-72.532924, -47.24869], [-72.536341, -47.249895], [-72.539935, -47.250124], [-72.543797, -47.25161], [-72.546051, -47.25323], [-72.54649, -47.254821], [-72.548463, -47.255489]], [[-72.548463, -47.255489], [-72.549677, -47.25591], [-72.552826, -47.254916], [-72.555859, -47.254869], [-72.565854, -47.251552], [-72.567116, -47.252723], [-72.567449, -47.254354], [-72.566988, -47.256321], [-72.565341, -47.256868], [-72.565009, -47.257975], [-72.572347, -47.258109], [-72.574278, -47.259704], [-72.576939, -47.259992], [-72.577722, -47.260654], [-72.579511, -47.259057], [-72.579342, -47.257909], [-72.582239, -47.259107], [-72.583703, -47.258371], [-72.582834, -47.25618], [-72.58572, -47.256558], [-72.58733, -47.254734], [-72.589835, -47.255404], [-72.591908, -47.254778], [-72.593471, -47.255325], [-72.594716, -47.254606], [-72.594061, -47.253896], [-72.595361, -47.253824], [-72.596701, -47.254584], [-72.595296, -47.255703], [-72.595574, -47.256397], [-72.598574, -47.25468], [-72.599861, -47.25512], [-72.602532, -47.252844], [-72.600998, -47.249669], [-72.603192, -47.248821], [-72.604104, -47.246246], [-72.60514, -47.245219], [-72.604356, -47.239185], [-72.605317, -47.234701], [-72.606658, -47.233503], [-72.607323, -47.231823], [-72.607178, -47.230333], [-72.608117, -47.229506], [-72.611641, -47.228649], [-72.60894, -47.231199], [-72.610279, -47.231678], [-72.611277, -47.229805], [-72.613698, -47.229051], [-72.614109, -47.228246], [-72.620916, -47.228563], [-72.627268, -47.230126], [-72.631656, -47.233091], [-72.636226, -47.234857], [-72.639928, -47.238358], [-72.645292, -47.238817], [-72.646017, -47.239235], [-72.645271, -47.239928], [-72.646215, -47.240856], [-72.647899, -47.24051], [-72.649187, -47.241184], [-72.648425, -47.24948], [-72.650169, -47.25141], [-72.649718, -47.251694], [-72.647937, -47.250743], [-72.647604, -47.251177], [-72.649568, -47.253079], [-72.649415, -47.254162], [-72.650718, -47.255238], [-72.655203, -47.254202], [-72.655356, -47.255306], [-72.65637, -47.255848], [-72.657343, -47.257609], [-72.65913, -47.258091], [-72.662104, -47.26017], [-72.664137, -47.26045], [-72.664647, -47.259598], [-72.666015, -47.260217], [-72.664728, -47.261222], [-72.665409, -47.26222], [-72.664148, -47.264586], [-72.664491, -47.265951], [-72.665629, -47.266864], [-72.665588, -47.268364], [-72.668171, -47.270857], [-72.668569, -47.273087], [-72.671612, -47.275743], [-72.673784, -47.276708], [-72.674547, -47.278187], [-72.680289, -47.279914], [-72.681048, -47.279164], [-72.682828, -47.280229], [-72.685125, -47.278227], [-72.683961, -47.277553], [-72.684125, -47.276364], [-72.686396, -47.274634], [-72.688094, -47.276014], [-72.693281, -47.277954], [-72.698314, -47.278909]]]}}, {"type": "Feature", "properties": {"id": "lago-general-carrera", "name": "Lago General Carrera", "type": "lake", "region": "aysen", "season": "2026-2027", "opens": "2026-10-12", "closes": "2027-05-06", "cat": "oct", "rule_level": "region", "phases": [{"s": "2026-10-12", "e": "2026-11-09", "mode": "catch_and_release", "label": "Pesca con devolución obligatoria"}, {"s": "2026-10-12", "e": "2027-01-15", "mode": "retention", "label": "Pesca con retención: 2 ejemplares sin límite de peso (salmon chinook)"}, {"s": "2026-11-10", "e": "2027-04-01", "mode": "retention", "label": "Pesca con retención: 3 ejemplares o hasta 15 kilos"}, {"s": "2027-04-02", "e": "2027-05-06", "mode": "catch_and_release", "label": "Pesca con devolución obligatoria"}], "veda": ["Prohibida cualquier actividad de pesca del 07 de mayo al 11 de octubre (años 2025-2027).", "Veda biológica del chinook: 16 de enero al 11 de octubre (años 2025-2027)."], "gear": ["Señuelos artificiales. Chinguillo."], "prohibitions": ["Prohibida la extracción (incluso con devolución) todo el año en zonas de protección de desove: desagüe lago Pollux, desagüe lago Frío, Pozón Ibáñez (río Claro) y otras (coordenadas en Res. Ex. 3004-2024 y 893-2025)."], "sources": [{"doc": "Res. Ex. N° 3004, 31 dic 2024 (mod. Res. Ex. N° 893, 08 abr 2025), DZ Pesca y Acuicultura Aysén", "url": null}, {"doc": "Res. Ex. N° 3004, 31 dic 2024 (mod. Res. Ex. N° 893, 08 abr 2025), DZ Aysén", "url": null}]}, "geometry": {"type": "MultiPolygon", "coordinates": [[[[-71.747258, -46.509881], [-71.747817, -46.509312], [-71.746906, -46.509068], [-71.74615, -46.507616], [-71.750187, -46.506242], [-71.749791, -46.505724], [-71.750793, -46.505412], [-71.750698, -46.504879], [-71.749135, -46.5051], [-71.748401, -46.50451], [-71.749668, -46.503677], [-71.748769, -46.503158], [-71.749823, -46.502405], [-71.751384, -46.502622], [-71.750675, -46.501958], [-71.751122, -46.501607], [-71.755512, -46.500746], [-71.757718, -46.500958], [-71.759923, -46.499854], [-71.768592, -46.500714], [-71.768355, -46.499439], [-71.765671, -46.498324], [-71.764251, -46.498746], [-71.764883, -46.498143], [-71.764369, -46.49774], [-71.765715, -46.495902], [-71.767663, -46.495165], [-71.768276, -46.494209], [-71.77123, -46.493187], [-71.773208, -46.493321], [-71.773592, -46.492766], [-71.780157, -46.493071], [-71.783958, -46.49509], [-71.784475, -46.494849], [-71.784011, -46.494228], [-71.785127, -46.494709], [-71.786356, -46.493644], [-71.788607, -46.49337], [-71.791081, -46.491822], [-71.791725, -46.493178], [-71.794474, -46.492564], [-71.796816, -46.49326], [-71.796847, -46.494939], [-71.801577, -46.49479], [-71.801195, -46.496016], [-71.801695, -46.496658], [-71.803206, -46.496381], [-71.804519, -46.497514], [-71.804003, -46.498639], [-71.802876, -46.49919], [-71.805145, -46.500011], [-71.805589, -46.499566], [-71.807877, -46.499882], [-71.808487, -46.501174], [-71.810168, -46.500891], [-71.812025, -46.501847], [-71.812988, -46.500882], [-71.816006, -46.50179], [-71.818261, -46.500636], [-71.819723, -46.503925], [-71.82108, -46.504328], [-71.822698, -46.503432], [-71.822906, -46.502264], [-71.825644, -46.502895], [-71.828082, -46.502668], [-71.830633, -46.501007], [-71.834141, -46.495967], [-71.840061, -46.49366], [-71.842285, -46.49048], [-71.844441, -46.489963], [-71.843572, -46.489067], [-71.845514, -46.487435], [-71.846179, -46.485762], [-71.845943, -46.484109], [-71.843255, -46.483184], [-71.842028, -46.483392], [-71.838018, -46.481246], [-71.837682, -46.478186], [-71.836626, -46.47741], [-71.83968, -46.475036], [-71.846007, -46.476207], [-71.845741, -46.475218], [-71.846445, -46.475029], [-71.845617, -46.473837], [-71.850343, -46.473386], [-71.852517, -46.475108], [-71.855594, -46.475382], [-71.854836, -46.475766], [-71.85624, -46.476019], [-71.867006, -46.474874], [-71.871408, -46.476863], [-71.871196, -46.477497], [-71.873936, -46.478513], [-71.874285, -46.479238], [-71.877305, -46.480305], [-71.878092, -46.483067], [-71.880033, -46.482816], [-71.881045, -46.483791], [-71.883058, -46.484057], [-71.88304, -46.485019], [-71.885533, -46.485101], [-71.885079, -46.486281], [-71.886243, -46.486998], [-71.890146, -46.48641], [-71.890236, -46.485192], [-71.891803, -46.484436], [-71.894293, -46.484559], [-71.892426, -46.485941], [-71.892906, -46.486325], [-71.896263, -46.486373], [-71.898148, -46.484444], [-71.89993, -46.484761], [-71.903334, -46.488988], [-71.906145, -46.4905], [-71.90659, -46.492873], [-71.905319, -46.494475], [-71.905952, -46.496188], [-71.909739, -46.497019], [-71.910044, -46.497406], [-71.909531, -46.497505], [-71.915314, -46.500443], [-71.917148, -46.500552], [-71.920486, -46.504846], [-71.922249, -46.504306], [-71.923333, -46.505552], [-71.922558, -46.506062], [-71.922768, -46.506705], [-71.926073, -46.507531], [-71.927592, -46.507254], [-71.931353, -46.505017], [-71.931919, -46.503062], [-71.939438, -46.502268], [-71.940335, -46.500567], [-71.945225, -46.501727], [-71.946378, -46.502702], [-71.943087, -46.50303], [-71.942944, -46.504185], [-71.946191, -46.505513], [-71.94736, -46.507826], [-71.949204, -46.508479], [-71.948446, -46.509497], [-71.948704, -46.510643], [-71.950573, -46.511404], [-71.95085, -46.513194], [-71.953105, -46.514741], [-71.952891, -46.515623], [-71.953787, -46.517071], [-71.959063, -46.519744], [-71.962435, -46.519898], [-71.966913, -46.518713], [-71.970115, -46.516483], [-71.971057, -46.514419], [-71.972321, -46.514104], [-71.972189, -46.511483], [-71.976851, -46.512796], [-71.982634, -46.517528], [-71.98375, -46.520086], [-71.98813, -46.524883], [-71.989999, -46.525798], [-71.996833, -46.526504], [-71.99847, -46.528037], [-71.998148, -46.529017], [-72.000328, -46.529989], [-72.001627, -46.531709], [-72.005465, -46.533111], [-72.007462, -46.534872], [-72.010912, -46.536545], [-72.012232, -46.538137], [-72.014399, -46.538126], [-72.015886, -46.539893], [-72.020005, -46.540543], [-72.02122, -46.541801], [-72.024071, -46.543017], [-72.025886, -46.542466], [-72.0263, -46.544689], [-72.028897, -46.545334], [-72.029956, -46.547487], [-72.031716, -46.547773], [-72.032198, -46.549061], [-72.033419, -46.549182], [-72.035493, -46.552553], [-72.037713, -46.553222], [-72.043254, -46.552718], [-72.04654, -46.553792], [-72.046588, -46.554768], [-72.047172, -46.554893], [-72.053735, -46.553764], [-72.054683, -46.554771], [-72.057449, -46.554521], [-72.062062, -46.553174], [-72.066303, -46.553357], [-72.067558, -46.55287], [-72.071857, -46.553873], [-72.076305, -46.553998], [-72.07775, -46.55475], [-72.077812, -46.556529], [-72.083893, -46.557639], [-72.089844, -46.562106], [-72.091965, -46.562896], [-72.099589, -46.560365], [-72.104575, -46.561055], [-72.11135, -46.563584], [-72.117498, -46.559591], [-72.122009, -46.559312], [-72.126922, -46.561509], [-72.128809, -46.561162], [-72.12978, -46.561436], [-72.12954, -46.561867], [-72.131022, -46.561487], [-72.131875, -46.562198], [-72.134055, -46.562444], [-72.139653, -46.562299], [-72.14428, -46.563594], [-72.144911, -46.56444], [-72.143961, -46.564765], [-72.150089, -46.566076], [-72.153971, -46.56835], [-72.156564, -46.57119], [-72.157415, -46.571466], [-72.15772, -46.57099], [-72.161427, -46.57247], [-72.159576, -46.572541], [-72.159806, -46.573197], [-72.16147, -46.573757], [-72.16235, -46.573292], [-72.167451, -46.575261], [-72.170565, -46.575606], [-72.173626, -46.576766], [-72.175313, -46.578185], [-72.181821, -46.577795], [-72.188424, -46.57945], [-72.192932, -46.575375], [-72.196698, -46.570279], [-72.199946, -46.564331], [-72.199154, -46.562938], [-72.196594, -46.561512], [-72.194707, -46.561702], [-72.193429, -46.562862], [-72.193917, -46.563535], [-72.192986, -46.563766], [-72.18817, -46.560266], [-72.187117, -46.560563], [-72.188012, -46.561256], [-72.185017, -46.560508], [-72.186359, -46.559946], [-72.183369, -46.558799], [-72.183401, -46.558293], [-72.181549, -46.557798], [-72.181172, -46.557115], [-72.190095, -46.55817], [-72.191151, -46.555667], [-72.192804, -46.555396], [-72.192, -46.555049], [-72.192175, -46.554528], [-72.193482, -46.555138], [-72.194375, -46.554471], [-72.192518, -46.552459], [-72.196779, -46.55313], [-72.203342, -46.551536], [-72.217931, -46.543181], [-72.22078, -46.543796], [-72.225341, -46.543644], [-72.226178, -46.543109], [-72.226715, -46.541016], [-72.227422, -46.541031], [-72.230414, -46.542835], [-72.232186, -46.544888], [-72.245217, -46.550723], [-72.249894, -46.555485], [-72.250938, -46.557855], [-72.252245, -46.558977], [-72.256667, -46.560207], [-72.258217, -46.561518], [-72.25875, -46.563314], [-72.259831, -46.563314], [-72.260232, -46.563928], [-72.263468, -46.564292], [-72.263762, -46.56298], [-72.266012, -46.564348], [-72.267036, -46.563548], [-72.274236, -46.567117], [-72.277508, -46.567572], [-72.283329, -46.56958], [-72.284535, -46.569047], [-72.286515, -46.570534], [-72.28777, -46.570189], [-72.287692, -46.569333], [-72.288706, -46.568786], [-72.291981, -46.568551], [-72.294329, -46.569931], [-72.295658, -46.569691], [-72.297973, -46.570888], [-72.301036, -46.570836], [-72.304479, -46.571972], [-72.307385, -46.571769], [-72.310113, -46.573202], [-72.310958, -46.572784], [-72.314157, -46.573569], [-72.317316, -46.57503], [-72.320917, -46.574789], [-72.32302, -46.575927], [-72.325955, -46.580163], [-72.330535, -46.582822], [-72.330781, -46.58385], [-72.332732, -46.583847], [-72.333327, -46.584794], [-72.332087, -46.585747], [-72.334034, -46.587334], [-72.332488, -46.588693], [-72.333002, -46.589657], [-72.333817, -46.589423], [-72.332842, -46.590254], [-72.333418, -46.593937], [-72.332321, -46.595231], [-72.332021, -46.597747], [-72.3327, -46.599558], [-72.334312, -46.60094], [-72.335768, -46.603539], [-72.338801, -46.604795], [-72.342001, -46.607477], [-72.344619, -46.607788], [-72.346454, -46.609028], [-72.347663, -46.608785], [-72.346671, -46.609804], [-72.348181, -46.611335], [-72.347296, -46.612597], [-72.352524, -46.616884], [-72.352827, -46.618117], [-72.353425, -46.618053], [-72.352899, -46.620042], [-72.357786, -46.622669], [-72.359801, -46.625278], [-72.35931, -46.625935], [-72.360012, -46.626764], [-72.361312, -46.626836], [-72.362963, -46.628691], [-72.365656, -46.629503], [-72.365482, -46.631129], [-72.367362, -46.63278], [-72.367252, -46.633772], [-72.368885, -46.635839], [-72.369389, -46.640443], [-72.371264, -46.644181], [-72.371803, -46.648832], [-72.374027, -46.652406], [-72.380886, -46.654669], [-72.390208, -46.655628], [-72.393481, -46.656992], [-72.395442, -46.6569], [-72.399457, -46.664771], [-72.398786, -46.66548], [-72.401112, -46.66664], [-72.402756, -46.666159], [-72.405693, -46.668418], [-72.409788, -46.668049], [-72.410296, -46.66768], [-72.409719, -46.666991], [-72.410631, -46.667225], [-72.410265, -46.666557], [-72.411322, -46.666127], [-72.411001, -46.665029], [-72.415105, -46.665276], [-72.415652, -46.663868], [-72.417722, -46.664021], [-72.418082, -46.663237], [-72.419889, -46.663768], [-72.4222, -46.66694], [-72.423463, -46.666649], [-72.424626, -46.667887], [-72.423441, -46.668222], [-72.423838, -46.668729], [-72.425402, -46.668764], [-72.427816, -46.667155], [-72.429085, -46.667536], [-72.432945, -46.672182], [-72.43248, -46.674421], [-72.433022, -46.674493], [-72.432762, -46.675279], [-72.433357, -46.675206], [-72.433464, -46.675937], [-72.435356, -46.676616], [-72.435667, -46.675583], [-72.436602, -46.675802], [-72.43687, -46.675163], [-72.439653, -46.67799], [-72.439996, -46.677233], [-72.438993, -46.675621], [-72.43911, -46.673789], [-72.440667, -46.674716], [-72.440825, -46.674238], [-72.441755, -46.674587], [-72.445106, -46.676674], [-72.446058, -46.679845], [-72.44399, -46.68135], [-72.446415, -46.682356], [-72.447745, -46.68223], [-72.449504, -46.683494], [-72.446635, -46.688877], [-72.445709, -46.688153], [-72.444843, -46.68856], [-72.445476, -46.689876], [-72.444896, -46.690726], [-72.445252, -46.691336], [-72.447918, -46.693012], [-72.451088, -46.692965], [-72.451275, -46.691851], [-72.454024, -46.69096], [-72.453654, -46.690235], [-72.454249, -46.690044], [-72.455358, -46.690175], [-72.456273, -46.691485], [-72.460324, -46.689798], [-72.462355, -46.690542], [-72.462878, -46.689936], [-72.462505, -46.689238], [-72.463144, -46.688949], [-72.464387, -46.689692], [-72.464348, -46.688366], [-72.465576, -46.688422], [-72.464523, -46.686604], [-72.466396, -46.686374], [-72.466707, -46.687586], [-72.468609, -46.688313], [-72.468427, -46.686149], [-72.4676, -46.684933], [-72.469347, -46.683834], [-72.47391, -46.682851], [-72.473593, -46.68206], [-72.474481, -46.681684], [-72.47425, -46.68056], [-72.4804, -46.679506], [-72.480281, -46.678837], [-72.48137, -46.67821], [-72.481616, -46.677163], [-72.48389, -46.679236], [-72.483685, -46.675584], [-72.489157, -46.675303], [-72.489176, -46.674296], [-72.491505, -46.675001], [-72.493163, -46.676913], [-72.494315, -46.676668], [-72.493511, -46.67422], [-72.491811, -46.67393], [-72.491838, -46.672327], [-72.493638, -46.67377], [-72.494325, -46.673313], [-72.493676, -46.671986], [-72.495863, -46.671709], [-72.494858, -46.671016], [-72.498449, -46.671935], [-72.501335, -46.676866], [-72.501513, -46.678235], [-72.500403, -46.678817], [-72.501289, -46.680249], [-72.502168, -46.680474], [-72.503172, -46.683707], [-72.502627, -46.684855], [-72.503167, -46.685014], [-72.503646, -46.687323], [-72.50187, -46.691157], [-72.499868, -46.691971], [-72.501036, -46.692505], [-72.501899, -46.693959], [-72.502472, -46.693462], [-72.503798, -46.693918], [-72.504651, -46.695159], [-72.504515, -46.695751], [-72.503569, -46.695258], [-72.502397, -46.695641], [-72.503944, -46.697429], [-72.503768, -46.702766], [-72.505057, -46.703392], [-72.505262, -46.704836], [-72.506011, -46.705426], [-72.508471, -46.706186], [-72.509591, -46.70904], [-72.520147, -46.713367], [-72.525272, -46.712404], [-72.532827, -46.713137], [-72.536216, -46.71408], [-72.54129, -46.714453], [-72.550671, -46.717568], [-72.551461, -46.720269], [-72.554883, -46.726001], [-72.55487, -46.7294], [-72.555833, -46.731803], [-72.554736, -46.735764], [-72.553164, -46.737833], [-72.553091, -46.739426], [-72.554182, -46.741482], [-72.558526, -46.746371], [-72.560427, -46.750938], [-72.56213, -46.753162], [-72.568098, -46.75578], [-72.577714, -46.758162], [-72.583304, -46.758707], [-72.592198, -46.756095], [-72.597233, -46.756067], [-72.60699, -46.759871], [-72.610134, -46.762193], [-72.612518, -46.767294], [-72.612341, -46.768475], [-72.610069, -46.771412], [-72.610373, -46.774265], [-72.611794, -46.777829], [-72.613535, -46.780325], [-72.616842, -46.781974], [-72.618655, -46.783883], [-72.623585, -46.791001], [-72.626285, -46.799296], [-72.626959, -46.803531], [-72.630151, -46.80762], [-72.634373, -46.81056], [-72.641211, -46.812682], [-72.645001, -46.813013], [-72.647902, -46.811822], [-72.649509, -46.811842], [-72.651498, -46.812883], [-72.651451, -46.814908], [-72.654272, -46.816876], [-72.660527, -46.817709], [-72.664478, -46.817121], [-72.66924, -46.818869], [-72.671792, -46.821325], [-72.67438, -46.821544], [-72.680097, -46.823661], [-72.681568, -46.825686], [-72.681065, -46.827196], [-72.683085, -46.829513], [-72.689007, -46.83381], [-72.689736, -46.835311], [-72.690316, -46.834653], [-72.690799, -46.835004], [-72.690805, -46.835481], [-72.689569, -46.835496], [-72.69167, -46.838327], [-72.692051, -46.839649], [-72.691369, -46.840732], [-72.694, -46.845425], [-72.695251, -46.84603], [-72.696067, -46.845596], [-72.696304, -46.844102], [-72.696274, -46.845006], [-72.697947, -46.846379], [-72.699371, -46.845738], [-72.699902, -46.84342], [-72.699276, -46.841579], [-72.699646, -46.841116], [-72.701249, -46.841627], [-72.701946, -46.841007], [-72.700947, -46.838703], [-72.707286, -46.84082], [-72.709231, -46.839377], [-72.709175, -46.837854], [-72.709805, -46.838374], [-72.711605, -46.837596], [-72.712744, -46.838024], [-72.713781, -46.836696], [-72.71387, -46.834247], [-72.716159, -46.826385], [-72.725602, -46.821653], [-72.728147, -46.821819], [-72.72928, -46.822894], [-72.731753, -46.823562], [-72.733215, -46.822852], [-72.734605, -46.823066], [-72.735849, -46.821963], [-72.735648, -46.82135], [-72.742442, -46.822582], [-72.743869, -46.821835], [-72.745306, -46.823046], [-72.752479, -46.825419], [-72.756395, -46.830075], [-72.75824, -46.830983], [-72.761633, -46.836585], [-72.762518, -46.836879], [-72.762691, -46.836183], [-72.763728, -46.835895], [-72.765426, -46.83809], [-72.766324, -46.843062], [-72.767381, -46.845366], [-72.766936, -46.846761], [-72.765882, -46.846687], [-72.765509, -46.847656], [-72.765702, -46.848995], [-72.76641, -46.849197], [-72.765868, -46.849806], [-72.767032, -46.852653], [-72.766963, -46.856211], [-72.768379, -46.860873], [-72.768588, -46.867483], [-72.771989, -46.873306], [-72.773083, -46.87756], [-72.773043, -46.880763], [-72.771974, -46.882923], [-72.768883, -46.885057], [-72.769103, -46.88658], [-72.768459, -46.887346], [-72.766641, -46.887196], [-72.767327, -46.889341], [-72.769428, -46.891491], [-72.768926, -46.892948], [-72.771555, -46.89517], [-72.771595, -46.896672], [-72.772823, -46.897517], [-72.778244, -46.897539], [-72.778968, -46.894491], [-72.780568, -46.891481], [-72.788212, -46.889143], [-72.789252, -46.883101], [-72.790405, -46.881033], [-72.787768, -46.880516], [-72.785432, -46.881388], [-72.784339, -46.882617], [-72.783903, -46.880574], [-72.784539, -46.879759], [-72.785754, -46.87998], [-72.786513, -46.877879], [-72.789659, -46.876759], [-72.789857, -46.875444], [-72.790708, -46.875048], [-72.790904, -46.872441], [-72.792508, -46.870567], [-72.794321, -46.869658], [-72.794866, -46.868411], [-72.794198, -46.86475], [-72.7932, -46.863877], [-72.791679, -46.85901], [-72.792111, -46.857132], [-72.795585, -46.852676], [-72.795416, -46.850624], [-72.794312, -46.849087], [-72.794382, -46.847127], [-72.795724, -46.845335], [-72.796965, -46.845226], [-72.796863, -46.843917], [-72.797533, -46.843168], [-72.798269, -46.843759], [-72.798696, -46.846215], [-72.800552, -46.846457], [-72.801586, -46.845368], [-72.802664, -46.845766], [-72.802875, -46.84476], [-72.801959, -46.844212], [-72.801923, -46.843447], [-72.804168, -46.840351], [-72.802963, -46.838394], [-72.803123, -46.837285], [-72.801754, -46.836745], [-72.800793, -46.837544], [-72.798348, -46.837221], [-72.795385, -46.83502], [-72.795102, -46.831613], [-72.792795, -46.826073], [-72.793669, -46.822541], [-72.797205, -46.8208], [-72.79878, -46.821602], [-72.799342, -46.822919], [-72.800935, -46.82345], [-72.802521, -46.827348], [-72.802041, -46.83191], [-72.802454, -46.832481], [-72.801365, -46.834402], [-72.801786, -46.835163], [-72.803173, -46.835494], [-72.803768, -46.835428], [-72.803839, -46.834652], [-72.80557, -46.835042], [-72.80763, -46.834615], [-72.808462, -46.831767], [-72.809808, -46.83097], [-72.810165, -46.8294], [-72.811514, -46.828405], [-72.812165, -46.826767], [-72.812976, -46.826896], [-72.813051, -46.824074], [-72.814293, -46.822949], [-72.812598, -46.82008], [-72.812544, -46.817984], [-72.811777, -46.817199], [-72.811474, -46.815414], [-72.81259, -46.813637], [-72.813585, -46.80657], [-72.811578, -46.80062], [-72.80792, -46.799143], [-72.796577, -46.797917], [-72.791033, -46.795271], [-72.790424, -46.793631], [-72.791432, -46.790379], [-72.793576, -46.788399], [-72.796102, -46.788223], [-72.79956, -46.789383], [-72.801046, -46.78914], [-72.80244, -46.787488], [-72.803213, -46.783144], [-72.805278, -46.780301], [-72.806834, -46.779361], [-72.811718, -46.779545], [-72.812472, -46.778486], [-72.815776, -46.776767], [-72.818652, -46.772992], [-72.81686, -46.772248], [-72.806525, -46.774792], [-72.801799, -46.7739], [-72.796204, -46.771299], [-72.792924, -46.767911], [-72.789091, -46.765129], [-72.784456, -46.760793], [-72.784912, -46.755692], [-72.784343, -46.752844], [-72.779134, -46.748069], [-72.779269, -46.738456], [-72.776415, -46.739416], [-72.773252, -46.742315], [-72.765407, -46.742987], [-72.762309, -46.742263], [-72.760373, -46.741053], [-72.758852, -46.737559], [-72.755738, -46.737431], [-72.755121, -46.738764], [-72.752715, -46.740116], [-72.751822, -46.74243], [-72.749697, -46.744897], [-72.747501, -46.746108], [-72.744035, -46.745569], [-72.740677, -46.743175], [-72.738696, -46.743], [-72.735897, -46.740699], [-72.734212, -46.741497], [-72.732062, -46.739913], [-72.731842, -46.743143], [-72.729205, -46.743996], [-72.728934, -46.74574], [-72.726987, -46.745939], [-72.727741, -46.746644], [-72.726638, -46.746902], [-72.72673, -46.747988], [-72.723547, -46.748134], [-72.722789, -46.749021], [-72.721246, -46.749155], [-72.721275, -46.749924], [-72.720442, -46.750214], [-72.719615, -46.749721], [-72.718562, -46.75017], [-72.717441, -46.749364], [-72.714649, -46.750646], [-72.711205, -46.748586], [-72.7079, -46.745384], [-72.70572, -46.742086], [-72.701817, -46.741248], [-72.699282, -46.73994], [-72.69912, -46.738321], [-72.697003, -46.736331], [-72.693559, -46.735089], [-72.690475, -46.73834], [-72.688982, -46.738611], [-72.689943, -46.735559], [-72.689635, -46.734794], [-72.688378, -46.734578], [-72.688505, -46.733837], [-72.687878, -46.733533], [-72.684458, -46.733638], [-72.684056, -46.730855], [-72.684807, -46.728969], [-72.68257, -46.726139], [-72.679721, -46.723353], [-72.678962, -46.723966], [-72.678581, -46.723095], [-72.675078, -46.722263], [-72.675502, -46.720614], [-72.677566, -46.719831], [-72.675545, -46.718446], [-72.675831, -46.717279], [-72.674958, -46.715267], [-72.674032, -46.714742], [-72.67315, -46.71191], [-72.670577, -46.708589], [-72.673215, -46.707292], [-72.675694, -46.707483], [-72.675719, -46.706509], [-72.679413, -46.707483], [-72.679515, -46.706972], [-72.67787, -46.705941], [-72.678679, -46.705811], [-72.679131, -46.704924], [-72.67944, -46.701865], [-72.676948, -46.701485], [-72.673343, -46.699848], [-72.669019, -46.699182], [-72.666592, -46.697568], [-72.665572, -46.698021], [-72.664642, -46.697449], [-72.664588, -46.69571], [-72.660479, -46.692064], [-72.654602, -46.685284], [-72.654315, -46.683475], [-72.650195, -46.680608], [-72.647301, -46.679271], [-72.64585, -46.679234], [-72.645349, -46.678275], [-72.643234, -46.676999], [-72.641919, -46.674797], [-72.642929, -46.674793], [-72.643519, -46.673481], [-72.638785, -46.669576], [-72.638391, -46.667798], [-72.637337, -46.66768], [-72.6365, -46.666595], [-72.635797, -46.664311], [-72.636331, -46.663104], [-72.632592, -46.660458], [-72.623781, -46.656134], [-72.617215, -46.654208], [-72.61873, -46.653693], [-72.615445, -46.65146], [-72.614839, -46.650036], [-72.613425, -46.649674], [-72.61136, -46.650219], [-72.608297, -46.64679], [-72.608313, -46.645446], [-72.610552, -46.645155], [-72.607682, -46.643222], [-72.608401, -46.641813], [-72.610853, -46.64317], [-72.611201, -46.642314], [-72.613361, -46.64245], [-72.615697, -46.641028], [-72.625704, -46.638868], [-72.62579, -46.637375], [-72.626581, -46.636997], [-72.628054, -46.637949], [-72.630637, -46.638327], [-72.632847, -46.638075], [-72.634167, -46.637113], [-72.638689, -46.637552], [-72.639831, -46.63699], [-72.640507, -46.6352], [-72.642598, -46.634034], [-72.643565, -46.634576], [-72.645405, -46.633551], [-72.645904, -46.634008], [-72.646658, -46.633368], [-72.648345, -46.633417], [-72.651987, -46.631055], [-72.65291, -46.631943], [-72.652942, -46.634323], [-72.662646, -46.635222], [-72.664496, -46.632837], [-72.666656, -46.63133], [-72.668674, -46.627325], [-72.670489, -46.62621], [-72.671015, -46.623284], [-72.672713, -46.622822], [-72.674442, -46.620917], [-72.674569, -46.61956], [-72.673126, -46.619478], [-72.672989, -46.618664], [-72.674011, -46.616872], [-72.682516, -46.615118], [-72.684536, -46.613802], [-72.684039, -46.612649], [-72.681293, -46.611844], [-72.680276, -46.610261], [-72.68073, -46.60879], [-72.677173, -46.608969], [-72.678485, -46.607937], [-72.680381, -46.608144], [-72.682057, -46.607444], [-72.684278, -46.604919], [-72.684313, -46.603266], [-72.683728, -46.602859], [-72.68611, -46.597793], [-72.688365, -46.595168], [-72.690758, -46.594466], [-72.692019, -46.593366], [-72.692, -46.591716], [-72.692778, -46.591118], [-72.692419, -46.590566], [-72.693701, -46.589204], [-72.692692, -46.587445], [-72.692842, -46.585957], [-72.696001, -46.582944], [-72.695782, -46.581751], [-72.69696, -46.580409], [-72.696431, -46.579518], [-72.697609, -46.578737], [-72.69722, -46.575755], [-72.693602, -46.5732], [-72.693781, -46.570585], [-72.696368, -46.568], [-72.705065, -46.564528], [-72.706229, -46.563196], [-72.70661, -46.561396], [-72.71039, -46.55983], [-72.713359, -46.556432], [-72.712441, -46.554473], [-72.710617, -46.554609], [-72.710293, -46.55408], [-72.712073, -46.546814], [-72.713587, -46.545598], [-72.713796, -46.54413], [-72.710465, -46.541988], [-72.707141, -46.541089], [-72.705563, -46.536681], [-72.705698, -46.534464], [-72.706881, -46.532561], [-72.709723, -46.530819], [-72.710086, -46.529567], [-72.712506, -46.52881], [-72.715578, -46.525924], [-72.72005, -46.524384], [-72.723727, -46.521851], [-72.722772, -46.516884], [-72.720469, -46.513362], [-72.720383, -46.511871], [-72.721857, -46.509801], [-72.721014, -46.507518], [-72.722214, -46.505998], [-72.721906, -46.503782], [-72.720316, -46.501723], [-72.719069, -46.501224], [-72.717975, -46.501237], [-72.717492, -46.502929], [-72.716371, -46.503571], [-72.713973, -46.502838], [-72.715708, -46.498719], [-72.712423, -46.496406], [-72.712921, -46.495476], [-72.714611, -46.495327], [-72.719235, -46.492683], [-72.719901, -46.487163], [-72.720998, -46.485184], [-72.720601, -46.484125], [-72.722234, -46.479374], [-72.721712, -46.477537], [-72.722091, -46.47582], [-72.719914, -46.47349], [-72.71617, -46.471336], [-72.712862, -46.470317], [-72.710904, -46.47069], [-72.705092, -46.470178], [-72.698175, -46.470886], [-72.694141, -46.472611], [-72.692413, -46.472535], [-72.689581, -46.470919], [-72.68787, -46.467111], [-72.679059, -46.461999], [-72.675084, -46.462818], [-72.671696, -46.465218], [-72.670733, -46.469291], [-72.671589, -46.470688], [-72.670859, -46.475249], [-72.671929, -46.480103], [-72.671664, -46.482419], [-72.6705, -46.48453], [-72.671503, -46.485076], [-72.670025, -46.49079], [-72.670725, -46.492736], [-72.669518, -46.495517], [-72.671232, -46.500116], [-72.675038, -46.501834], [-72.677019, -46.503451], [-72.677164, -46.504706], [-72.676582, -46.505152], [-72.680327, -46.508349], [-72.677634, -46.51178], [-72.677763, -46.514301], [-72.676738, -46.515509], [-72.674949, -46.515616], [-72.674579, -46.517021], [-72.672474, -46.518837], [-72.671846, -46.522698], [-72.672568, -46.525649], [-72.67087, -46.528114], [-72.67095, -46.5311], [-72.667694, -46.536143], [-72.667804, -46.537958], [-72.669116, -46.539802], [-72.668464, -46.541093], [-72.670181, -46.543421], [-72.670618, -46.546893], [-72.671664, -46.549147], [-72.672015, -46.55391], [-72.670824, -46.55588], [-72.666624, -46.556935], [-72.662426, -46.559849], [-72.664475, -46.559801], [-72.667125, -46.55857], [-72.66859, -46.558549], [-72.668922, -46.559314], [-72.66789, -46.559982], [-72.668041, -46.560708], [-72.667041, -46.560606], [-72.66713, -46.561568], [-72.665019, -46.563739], [-72.665949, -46.565273], [-72.66575, -46.567311], [-72.664272, -46.568732], [-72.664615, -46.570239], [-72.66207, -46.57322], [-72.662179, -46.574777], [-72.661015, -46.575444], [-72.660071, -46.579173], [-72.658407, -46.582134], [-72.656673, -46.583604], [-72.652929, -46.584178], [-72.649988, -46.586603], [-72.650166, -46.587167], [-72.652745, -46.587888], [-72.652829, -46.589807], [-72.652169, -46.590929], [-72.652821, -46.591275], [-72.652908, -46.592254], [-72.652148, -46.593852], [-72.650421, -46.595659], [-72.648272, -46.596337], [-72.648331, -46.597067], [-72.647346, -46.597842], [-72.645534, -46.598241], [-72.644467, -46.602637], [-72.642097, -46.603815], [-72.64167, -46.606078], [-72.639945, -46.606687], [-72.639961, -46.609327], [-72.639252, -46.609483], [-72.637994, -46.611717], [-72.636669, -46.612052], [-72.635465, -46.613285], [-72.631082, -46.614834], [-72.627623, -46.612856], [-72.626863, -46.611268], [-72.623796, -46.61014], [-72.623659, -46.608604], [-72.622668, -46.607583], [-72.620014, -46.607577], [-72.618214, -46.606208], [-72.618552, -46.60556], [-72.617759, -46.605012], [-72.617759, -46.603858], [-72.618426, -46.602943], [-72.617497, -46.601635], [-72.617743, -46.600874], [-72.617039, -46.600453], [-72.617253, -46.597974], [-72.616257, -46.594781], [-72.615359, -46.594269], [-72.614427, -46.594636], [-72.612572, -46.59336], [-72.614428, -46.592328], [-72.616504, -46.593369], [-72.618883, -46.592997], [-72.619012, -46.59047], [-72.617993, -46.589434], [-72.61814, -46.588675], [-72.616979, -46.58833], [-72.617432, -46.587296], [-72.617046, -46.586187], [-72.616032, -46.586861], [-72.615894, -46.587948], [-72.615096, -46.588057], [-72.613076, -46.586979], [-72.611628, -46.587108], [-72.609844, -46.58565], [-72.606837, -46.586004], [-72.605201, -46.587629], [-72.603069, -46.587502], [-72.602136, -46.590693], [-72.600105, -46.591196], [-72.597501, -46.593097], [-72.594708, -46.592088], [-72.591605, -46.591906], [-72.588236, -46.593814], [-72.581037, -46.594971], [-72.578095, -46.594245], [-72.573178, -46.594409], [-72.568581, -46.599302], [-72.56397, -46.599991], [-72.55918, -46.602557], [-72.556313, -46.606174], [-72.556368, -46.612402], [-72.555618, -46.614016], [-72.553083, -46.615332], [-72.552363, -46.616496], [-72.55127, -46.61661], [-72.550856, -46.617462], [-72.547754, -46.615661], [-72.544833, -46.616794], [-72.537695, -46.616833], [-72.533365, -46.614797], [-72.52977, -46.615729], [-72.528756, -46.616544], [-72.525052, -46.622634], [-72.523815, -46.622197], [-72.523241, -46.622739], [-72.522313, -46.622043], [-72.520736, -46.622785], [-72.519295, -46.622036], [-72.51944, -46.621262], [-72.518166, -46.621299], [-72.518056, -46.620447], [-72.5169, -46.620145], [-72.513094, -46.619797], [-72.509055, -46.62096], [-72.505069, -46.621063], [-72.500142, -46.620048], [-72.496282, -46.622857], [-72.492178, -46.624156], [-72.486709, -46.624585], [-72.481707, -46.622282], [-72.481407, -46.620821], [-72.480737, -46.620472], [-72.481106, -46.619803], [-72.480501, -46.619475], [-72.475106, -46.618863], [-72.470576, -46.620296], [-72.464667, -46.619695], [-72.464809, -46.619237], [-72.460689, -46.617876], [-72.458203, -46.617946], [-72.453815, -46.616203], [-72.450639, -46.616247], [-72.449419, -46.615081], [-72.447061, -46.614338], [-72.444076, -46.614366], [-72.441214, -46.61354], [-72.440302, -46.612009], [-72.438041, -46.610465], [-72.438105, -46.609918], [-72.435737, -46.609093], [-72.433489, -46.606725], [-72.431225, -46.607458], [-72.430042, -46.607195], [-72.427953, -46.608335], [-72.425649, -46.607438], [-72.42493, -46.606207], [-72.42408, -46.606371], [-72.424855, -46.605197], [-72.423865, -46.603931], [-72.424418, -46.602361], [-72.422497, -46.600876], [-72.422771, -46.596103], [-72.420271, -46.59165], [-72.417524, -46.590016], [-72.415883, -46.587008], [-72.414622, -46.587156], [-72.413662, -46.585445], [-72.401077, -46.576002], [-72.402142, -46.575681], [-72.400471, -46.574949], [-72.40082, -46.574365], [-72.397885, -46.571286], [-72.397864, -46.569822], [-72.396276, -46.568452], [-72.396308, -46.567611], [-72.392618, -46.565422], [-72.391872, -46.563899], [-72.39252, -46.562555], [-72.391242, -46.560363], [-72.386199, -46.558241], [-72.384659, -46.555255], [-72.377195, -46.550372], [-72.373869, -46.549592], [-72.372799, -46.550328], [-72.372466, -46.549548], [-72.370757, -46.549317], [-72.364889, -46.549743], [-72.358242, -46.547461], [-72.35578, -46.547719], [-72.35217, -46.546465], [-72.344174, -46.548129], [-72.344279, -46.546707], [-72.342321, -46.543687], [-72.335604, -46.54184], [-72.332085, -46.539776], [-72.320882, -46.537254], [-72.316327, -46.53449], [-72.311078, -46.536248], [-72.306333, -46.539088], [-72.305419, -46.538922], [-72.30529, -46.539968], [-72.304051, -46.541134], [-72.301844, -46.541947], [-72.29535, -46.541377], [-72.293365, -46.5406], [-72.293207, -46.53973], [-72.288403, -46.539285], [-72.286367, -46.538184], [-72.28277, -46.537894], [-72.278527, -46.536388], [-72.270513, -46.535661], [-72.266575, -46.533558], [-72.266866, -46.532746], [-72.264545, -46.530428], [-72.264896, -46.528109], [-72.261533, -46.527291], [-72.259687, -46.526108], [-72.258153, -46.524455], [-72.257447, -46.522471], [-72.255465, -46.521006], [-72.251206, -46.519776], [-72.245925, -46.519848], [-72.237516, -46.517779], [-72.235022, -46.518248], [-72.234265, -46.517565], [-72.234308, -46.516281], [-72.229657, -46.513903], [-72.230049, -46.513305], [-72.229346, -46.512268], [-72.227737, -46.51171], [-72.226468, -46.509814], [-72.218896, -46.506896], [-72.210477, -46.507239], [-72.204997, -46.506235], [-72.199979, -46.506635], [-72.196371, -46.505635], [-72.189609, -46.512139], [-72.189083, -46.513802], [-72.19003, -46.514667], [-72.188088, -46.516528], [-72.186141, -46.522919], [-72.184234, -46.524669], [-72.179009, -46.52692], [-72.16577, -46.52677], [-72.157036, -46.524524], [-72.15232, -46.519338], [-72.149792, -46.518093], [-72.149927, -46.517642], [-72.147733, -46.51749], [-72.144054, -46.516005], [-72.147469, -46.508245], [-72.147702, -46.504902], [-72.146485, -46.504038], [-72.146353, -46.503239], [-72.142561, -46.501936], [-72.142174, -46.500905], [-72.144071, -46.500765], [-72.14403, -46.497876], [-72.142225, -46.497656], [-72.139197, -46.495855], [-72.136422, -46.492085], [-72.131545, -46.491457], [-72.12849, -46.489405], [-72.126376, -46.488861], [-72.119453, -46.488783], [-72.117525, -46.490442], [-72.11175, -46.491594], [-72.106343, -46.490384], [-72.103321, -46.49047], [-72.100227, -46.493325], [-72.099075, -46.493453], [-72.098673, -46.492936], [-72.09933, -46.492586], [-72.095532, -46.489784], [-72.096235, -46.489101], [-72.098799, -46.489405], [-72.09975, -46.486941], [-72.098701, -46.48564], [-72.095748, -46.483745], [-72.0914, -46.482343], [-72.088753, -46.480064], [-72.085942, -46.479198], [-72.083996, -46.477254], [-72.073802, -46.473956], [-72.069832, -46.470592], [-72.066981, -46.469642], [-72.065814, -46.468613], [-72.061644, -46.468946], [-72.054989, -46.46741], [-72.052476, -46.46585], [-72.048133, -46.461354], [-72.042452, -46.457572], [-72.042224, -46.456854], [-72.039647, -46.455755], [-72.036863, -46.454963], [-72.035235, -46.455248], [-72.032365, -46.454216], [-72.031311, -46.45435], [-72.03129, -46.455016], [-72.027094, -46.455508], [-72.023307, -46.455141], [-72.020372, -46.453642], [-72.018785, -46.451206], [-72.017688, -46.451352], [-72.016848, -46.450323], [-72.013645, -46.448721], [-72.010432, -46.449129], [-72.005521, -46.44752], [-72.002493, -46.445379], [-72.003289, -46.443958], [-72.001525, -46.442221], [-71.996965, -46.440565], [-71.995001, -46.438546], [-71.994846, -46.43716], [-71.993583, -46.435596], [-71.989135, -46.433805], [-71.987617, -46.431685], [-71.986477, -46.431431], [-71.985992, -46.430498], [-71.986534, -46.429893], [-71.985831, -46.429654], [-71.985005, -46.427839], [-71.985152, -46.425811], [-71.983004, -46.422537], [-71.978184, -46.420936], [-71.972726, -46.414519], [-71.968208, -46.413693], [-71.964784, -46.409972], [-71.957829, -46.409162], [-71.957502, -46.408219], [-71.955739, -46.407446], [-71.952327, -46.40692], [-71.943223, -46.410243], [-71.942122, -46.411109], [-71.94322, -46.412189], [-71.942545, -46.412652], [-71.939909, -46.412313], [-71.939284, -46.410279], [-71.938273, -46.409842], [-71.934754, -46.410387], [-71.933857, -46.409404], [-71.931421, -46.409003], [-71.927705, -46.409521], [-71.925902, -46.409031], [-71.925329, -46.408215], [-71.924305, -46.408342], [-71.923023, -46.409543], [-71.921406, -46.409611], [-71.922268, -46.410799], [-71.918698, -46.409706], [-71.908184, -46.409633], [-71.905477, -46.408903], [-71.904796, -46.407316], [-71.903392, -46.407385], [-71.904281, -46.40652], [-71.903612, -46.405677], [-71.899059, -46.4058], [-71.896044, -46.404583], [-71.895714, -46.4039], [-71.890964, -46.403375], [-71.888778, -46.401488], [-71.887855, -46.397069], [-71.886809, -46.395438], [-71.883287, -46.393823], [-71.883322, -46.390646], [-71.885103, -46.387016], [-71.88438, -46.386837], [-71.88487, -46.386648], [-71.884596, -46.385422], [-71.882495, -46.384523], [-71.882727, -46.383705], [-71.881236, -46.38042], [-71.879605, -46.379612], [-71.871448, -46.378383], [-71.868321, -46.377545], [-71.864838, -46.375335], [-71.863218, -46.375542], [-71.858309, -46.377304], [-71.858321, -46.378977], [-71.859011, -46.379699], [-71.858489, -46.380871], [-71.859323, -46.380853], [-71.85922, -46.381575], [-71.859915, -46.382006], [-71.859196, -46.382911], [-71.855037, -46.384876], [-71.855232, -46.385538], [-71.852836, -46.38589], [-71.852804, -46.387283], [-71.854097, -46.38909], [-71.859679, -46.388713], [-71.860027, -46.389829], [-71.859262, -46.391399], [-71.861173, -46.389851], [-71.86229, -46.390247], [-71.863241, -46.389288], [-71.864651, -46.389793], [-71.864835, -46.391779], [-71.862948, -46.39413], [-71.865301, -46.396093], [-71.866226, -46.398768], [-71.868745, -46.400423], [-71.871732, -46.400489], [-71.872497, -46.401213], [-71.872733, -46.402648], [-71.870281, -46.403649], [-71.868067, -46.403019], [-71.868124, -46.401945], [-71.863584, -46.400569], [-71.86309, -46.399838], [-71.864625, -46.398897], [-71.863348, -46.397894], [-71.861928, -46.397559], [-71.861641, -46.398469], [-71.859732, -46.397043], [-71.859813, -46.39632], [-71.85861, -46.395139], [-71.857725, -46.395523], [-71.854431, -46.394364], [-71.853696, -46.395306], [-71.855411, -46.395769], [-71.853442, -46.396794], [-71.850312, -46.396116], [-71.848974, -46.394419], [-71.848429, -46.39588], [-71.847783, -46.395937], [-71.846431, -46.394456], [-71.8452, -46.394422], [-71.844374, -46.395103], [-71.845407, -46.395624], [-71.84398, -46.396237], [-71.842971, -46.39523], [-71.843274, -46.394872], [-71.839562, -46.394585], [-71.840167, -46.398056], [-71.840831, -46.398575], [-71.840257, -46.399476], [-71.838138, -46.399744], [-71.835637, -46.398806], [-71.834958, -46.399679], [-71.832442, -46.400332], [-71.829759, -46.399483], [-71.826513, -46.400301], [-71.82522, -46.399458], [-71.824664, -46.400685], [-71.823225, -46.399099], [-71.821044, -46.398569], [-71.818685, -46.396638], [-71.819244, -46.396367], [-71.818517, -46.396155], [-71.819923, -46.395879], [-71.817929, -46.393698], [-71.81801, -46.39252], [-71.816546, -46.391876], [-71.817001, -46.389182], [-71.814778, -46.389287], [-71.813686, -46.387356], [-71.812095, -46.386309], [-71.809226, -46.38682], [-71.805654, -46.388561], [-71.800313, -46.388106], [-71.80004, -46.386916], [-71.798366, -46.386417], [-71.796682, -46.383174], [-71.793176, -46.382684], [-71.792023, -46.381502], [-71.788868, -46.380238], [-71.787106, -46.377237], [-71.784826, -46.376338], [-71.784062, -46.375076], [-71.781589, -46.373477], [-71.779424, -46.37278], [-71.777687, -46.373591], [-71.776584, -46.373262], [-71.775567, -46.374048], [-71.776218, -46.374614], [-71.775951, -46.376249], [-71.77656, -46.376958], [-71.775708, -46.377235], [-71.775066, -46.379403], [-71.773384, -46.380572], [-71.771221, -46.380734], [-71.76915, -46.380038], [-71.767986, -46.381195], [-71.767247, -46.380581], [-71.76585, -46.38097], [-71.76475, -46.382317], [-71.762054, -46.381968], [-71.759176, -46.382982], [-71.757194, -46.382366], [-71.758592, -46.378388], [-71.758272, -46.376742], [-71.757201, -46.376524], [-71.757403, -46.375065], [-71.756184, -46.375264], [-71.755774, -46.374515], [-71.759795, -46.374351], [-71.761105, -46.375566], [-71.764299, -46.375416], [-71.765454, -46.376537], [-71.766511, -46.375974], [-71.765749, -46.375234], [-71.766334, -46.374761], [-71.769946, -46.375926], [-71.771405, -46.373169], [-71.771221, -46.371835], [-71.766331, -46.369848], [-71.764435, -46.371504], [-71.763662, -46.371462], [-71.762306, -46.370244], [-71.762726, -46.369224], [-71.761591, -46.367717], [-71.75872, -46.366984], [-71.757752, -46.3655], [-71.758609, -46.364825], [-71.760299, -46.365462], [-71.761074, -46.365087], [-71.760086, -46.363267], [-71.760104, -46.361426], [-71.759031, -46.360415], [-71.759725, -46.359556], [-71.763729, -46.357884], [-71.767145, -46.357421], [-71.76697, -46.356338], [-71.764707, -46.354504], [-71.762929, -46.354268], [-71.76413, -46.352998], [-71.76517, -46.353266], [-71.765629, -46.352457], [-71.766314, -46.354033], [-71.767144, -46.35408], [-71.768248, -46.352456], [-71.768428, -46.350662], [-71.767531, -46.349255], [-71.766995, -46.346299], [-71.767439, -46.345022], [-71.770806, -46.346419], [-71.77193, -46.35067], [-71.773558, -46.351313], [-71.777058, -46.347504], [-71.779389, -46.346665], [-71.785118, -46.345867], [-71.789614, -46.346285], [-71.790647, -46.34461], [-71.79199, -46.345437], [-71.794652, -46.34554], [-71.795003, -46.345903], [-71.793631, -46.346171], [-71.794501, -46.346223], [-71.794044, -46.346789], [-71.795391, -46.347607], [-71.7992, -46.346928], [-71.800372, -46.349333], [-71.803012, -46.35009], [-71.803057, -46.352511], [-71.803846, -46.353337], [-71.806772, -46.35334], [-71.808011, -46.351276], [-71.814406, -46.352065], [-71.813889, -46.352219], [-71.815723, -46.353933], [-71.820982, -46.356268], [-71.826607, -46.356518], [-71.829042, -46.358363], [-71.830534, -46.3582], [-71.833227, -46.35994], [-71.837263, -46.361258], [-71.840817, -46.361564], [-71.84472, -46.362793], [-71.846458, -46.362413], [-71.851324, -46.364771], [-71.854035, -46.367133], [-71.85422, -46.368014], [-71.858764, -46.368876], [-71.861558, -46.366], [-71.864264, -46.364396], [-71.865754, -46.362012], [-71.864319, -46.359342], [-71.862789, -46.359466], [-71.862506, -46.358883], [-71.866939, -46.356729], [-71.872296, -46.355858], [-71.873599, -46.355001], [-71.875435, -46.350783], [-71.877826, -46.350327], [-71.877023, -46.34716], [-71.877651, -46.346856], [-71.877813, -46.34498], [-71.879768, -46.344653], [-71.881143, -46.343061], [-71.881158, -46.338504], [-71.883912, -46.33819], [-71.885473, -46.338878], [-71.886758, -46.342918], [-71.889117, -46.343229], [-71.889784, -46.340201], [-71.888762, -46.338355], [-71.889055, -46.336988], [-71.890175, -46.337429], [-71.890497, -46.335341], [-71.891364, -46.334987], [-71.891425, -46.334162], [-71.892133, -46.334208], [-71.89484, -46.336869], [-71.895867, -46.336606], [-71.897216, -46.334167], [-71.898587, -46.336178], [-71.899518, -46.335975], [-71.900757, -46.33898], [-71.902204, -46.338712], [-71.904085, -46.343284], [-71.906987, -46.343573], [-71.90764, -46.343182], [-71.907042, -46.34127], [-71.90624, -46.341296], [-71.906261, -46.34018], [-71.908512, -46.337155], [-71.909495, -46.338475], [-71.907944, -46.340209], [-71.908711, -46.34136], [-71.910968, -46.339719], [-71.912501, -46.340139], [-71.914205, -46.33918], [-71.913434, -46.337687], [-71.914341, -46.336051], [-71.915935, -46.336947], [-71.916995, -46.335693], [-71.918764, -46.335114], [-71.918725, -46.333975], [-71.919347, -46.334674], [-71.920482, -46.334632], [-71.920767, -46.330947], [-71.921243, -46.330923], [-71.921576, -46.332103], [-71.922413, -46.332175], [-71.922939, -46.330702], [-71.92443, -46.330024], [-71.924959, -46.330552], [-71.924513, -46.330764], [-71.927772, -46.332125], [-71.931393, -46.330762], [-71.932611, -46.327787], [-71.933785, -46.326917], [-71.934032, -46.325448], [-71.934987, -46.325003], [-71.934469, -46.324744], [-71.934864, -46.323785], [-71.935422, -46.323655], [-71.936773, -46.325125], [-71.937634, -46.32452], [-71.937669, -46.322965], [-71.938739, -46.323197], [-71.938866, -46.321928], [-71.940014, -46.320422], [-71.939705, -46.318878], [-71.940853, -46.319472], [-71.941247, -46.31854], [-71.942937, -46.319507], [-71.942859, -46.317573], [-71.943766, -46.317755], [-71.945807, -46.319796], [-71.947703, -46.319763], [-71.949023, -46.319041], [-71.949275, -46.317518], [-71.950289, -46.317195], [-71.951131, -46.315788], [-71.954025, -46.314294], [-71.954433, -46.313207], [-71.953572, -46.312621], [-71.953009, -46.310222], [-71.950581, -46.310048], [-71.950069, -46.308651], [-71.946207, -46.305616], [-71.942865, -46.305887], [-71.943181, -46.303782], [-71.941019, -46.300924], [-71.937988, -46.299535], [-71.936111, -46.297064], [-71.93423, -46.296056], [-71.93128, -46.295834], [-71.929507, -46.295013], [-71.926321, -46.295402], [-71.924517, -46.294684], [-71.919399, -46.295252], [-71.918524, -46.296699], [-71.919312, -46.298195], [-71.91817, -46.298398], [-71.917672, -46.301775], [-71.916837, -46.301619], [-71.916867, -46.300906], [-71.914567, -46.300575], [-71.913024, -46.303501], [-71.910997, -46.304296], [-71.910417, -46.305631], [-71.907582, -46.305662], [-71.905168, -46.307328], [-71.900798, -46.306559], [-71.899273, -46.307442], [-71.896619, -46.307692], [-71.894854, -46.306241], [-71.892117, -46.307827], [-71.888557, -46.306368], [-71.887725, -46.306563], [-71.884511, -46.308825], [-71.884977, -46.310195], [-71.883378, -46.310508], [-71.882731, -46.311476], [-71.884128, -46.312766], [-71.884469, -46.313981], [-71.882253, -46.315395], [-71.880867, -46.315353], [-71.880079, -46.316633], [-71.875546, -46.317132], [-71.873049, -46.318561], [-71.86975, -46.318124], [-71.869398, -46.317237], [-71.868082, -46.31673], [-71.86217, -46.316866], [-71.858922, -46.318005], [-71.858496, -46.319542], [-71.856192, -46.320997], [-71.85345, -46.32043], [-71.852321, -46.319267], [-71.84991, -46.319624], [-71.84774, -46.318589], [-71.84355, -46.319004], [-71.841253, -46.31785], [-71.848058, -46.309959], [-71.850612, -46.312357], [-71.85311, -46.312399], [-71.852463, -46.30949], [-71.850986, -46.309168], [-71.85179, -46.308551], [-71.849807, -46.307129], [-71.850792, -46.305312], [-71.849198, -46.304331], [-71.846054, -46.30479], [-71.841293, -46.303955], [-71.833755, -46.306031], [-71.833294, -46.306885], [-71.828336, -46.307332], [-71.824198, -46.306116], [-71.823646, -46.305299], [-71.820395, -46.305039], [-71.814532, -46.302935], [-71.806838, -46.301655], [-71.803382, -46.303844], [-71.800521, -46.304786], [-71.798897, -46.307567], [-71.796326, -46.309463], [-71.784239, -46.313009], [-71.777375, -46.313739], [-71.772947, -46.319307], [-71.773653, -46.323269], [-71.770421, -46.323747], [-71.76935, -46.325641], [-71.768325, -46.326119], [-71.767935, -46.327685], [-71.763391, -46.327978], [-71.762382, -46.32865], [-71.761968, -46.331275], [-71.762868, -46.33642], [-71.761824, -46.337629], [-71.76276, -46.340308], [-71.761547, -46.341445], [-71.758558, -46.34203], [-71.758955, -46.345708], [-71.756851, -46.346567], [-71.755204, -46.345986], [-71.753347, -46.346235], [-71.754287, -46.34514], [-71.755229, -46.345086], [-71.755436, -46.343274], [-71.752739, -46.341918], [-71.75104, -46.342668], [-71.750507, -46.34672], [-71.749148, -46.346048], [-71.748227, -46.346728], [-71.746817, -46.34588], [-71.745192, -46.345945], [-71.745153, -46.344669], [-71.742948, -46.341695], [-71.743226, -46.340318], [-71.744011, -46.339861], [-71.742052, -46.338485], [-71.742287, -46.337808], [-71.743357, -46.337696], [-71.742128, -46.334378], [-71.743109, -46.330756], [-71.741033, -46.328271], [-71.740256, -46.32832], [-71.739406, -46.329715], [-71.736322, -46.328554], [-71.737279, -46.326927], [-71.736707, -46.326178], [-71.737256, -46.325923], [-71.735179, -46.323722], [-71.735554, -46.321388], [-71.734173, -46.319891], [-71.7318, -46.314957], [-71.730943, -46.312468], [-71.731355, -46.311114], [-71.729001, -46.311108], [-71.729691, -46.308853], [-71.727089, -46.307908], [-71.724957, -46.303943], [-71.721674, -46.302972], [-71.721083, -46.301851], [-71.721624, -46.30058], [-71.720949, -46.300119], [-71.71853, -46.300155], [-71.715526, -46.301145], [-71.711889, -46.3011], [-71.70962, -46.300511], [-71.708555, -46.299275], [-71.707124, -46.299114], [-71.699747, -46.301125], [-71.696566, -46.302712], [-71.693666, -46.303017], [-71.689877, -46.304939], [-71.686567, -46.305734], [-71.684935, -46.304917], [-71.684463, -46.306296], [-71.682403, -46.306402], [-71.680791, -46.308419], [-71.680569, -46.312568], [-71.682535, -46.314092], [-71.682932, -46.316031], [-71.682237, -46.317451], [-71.680483, -46.317507], [-71.660924, -46.314759], [-71.646361, -46.310446], [-71.63058, -46.303155], [-71.621895, -46.298426], [-71.610665, -46.294761], [-71.608747, -46.293571], [-71.604515, -46.292726], [-71.597887, -46.28969], [-71.596892, -46.288693], [-71.59374, -46.288294], [-71.592134, -46.287167], [-71.584425, -46.286239], [-71.576746, -46.286224], [-71.57441, -46.286344], [-71.57405, -46.287555], [-71.57147, -46.288967], [-71.568651, -46.289063], [-71.563653, -46.287962], [-71.559121, -46.29257], [-71.557361, -46.296121], [-71.557192, -46.298189], [-71.56617, -46.30231], [-71.570526, -46.303241], [-71.574656, -46.306446], [-71.585841, -46.312475], [-71.599064, -46.318626], [-71.606156, -46.323194], [-71.608855, -46.326617], [-71.611236, -46.327917], [-71.624089, -46.33164], [-71.641535, -46.334666], [-71.651126, -46.337632], [-71.658894, -46.341473], [-71.66591, -46.343317], [-71.673238, -46.344206], [-71.674295, -46.345202], [-71.673576, -46.346783], [-71.677428, -46.348498], [-71.677444, -46.349973], [-71.676218, -46.350656], [-71.67172, -46.350353], [-71.666637, -46.351664], [-71.665351, -46.353995], [-71.665378, -46.356049], [-71.66465, -46.357388], [-71.660109, -46.359396], [-71.657416, -46.361691], [-71.659712, -46.36427], [-71.659035, -46.365798], [-71.660022, -46.367399], [-71.663008, -46.368513], [-71.670995, -46.369954], [-71.668636, -46.370193], [-71.669573, -46.370879], [-71.656968, -46.368852], [-71.646931, -46.364786], [-71.646987, -46.364194], [-71.644056, -46.364443], [-71.638818, -46.366513], [-71.63404, -46.366302], [-71.621681, -46.368171], [-71.609627, -46.368749], [-71.604488, -46.370103], [-71.587279, -46.371525], [-71.581652, -46.373016], [-71.559867, -46.374845], [-71.553113, -46.376148], [-71.543816, -46.375537], [-71.532787, -46.375848], [-71.519494, -46.373494], [-71.517182, -46.372498], [-71.512258, -46.372147], [-71.501105, -46.373161], [-71.494356, -46.375034], [-71.491524, -46.377106], [-71.488997, -46.382276], [-71.489121, -46.383649], [-71.491473, -46.386559], [-71.488241, -46.389747], [-71.485366, -46.391235], [-71.474803, -46.394298], [-71.471627, -46.395985], [-71.458876, -46.39869], [-71.455293, -46.400465], [-71.450808, -46.401586], [-71.446927, -46.404684], [-71.44637, -46.404353], [-71.444891, -46.406288], [-71.445873, -46.407342], [-71.447866, -46.40781], [-71.44922, -46.409916], [-71.447445, -46.412095], [-71.441694, -46.414477], [-71.428573, -46.416807], [-71.420301, -46.419858], [-71.407759, -46.425852], [-71.395383, -46.427475], [-71.391006, -46.428625], [-71.387347, -46.428751], [-71.379617, -46.427701], [-71.365583, -46.42881], [-71.35442, -46.427838], [-71.343369, -46.428743], [-71.336203, -46.428544], [-71.331852, -46.428163], [-71.311918, -46.423937], [-71.294575, -46.422465], [-71.283884, -46.420255], [-71.275087, -46.419725], [-71.26999, -46.420982], [-71.268046, -46.422616], [-71.268134, -46.42324], [-71.261077, -46.433391], [-71.260661, -46.433324], [-71.261193, -46.43237], [-71.256682, -46.43253], [-71.256498, -46.433335], [-71.257281, -46.434295], [-71.262737, -46.435642], [-71.26389, -46.436936], [-71.263523, -46.438999], [-71.259017, -46.440417], [-71.259509, -46.441214], [-71.258488, -46.441509], [-71.259215, -46.443041], [-71.261213, -46.443498], [-71.260524, -46.443934], [-71.260897, -46.444474], [-71.265253, -46.444666], [-71.265207, -46.445415], [-71.267125, -46.445821], [-71.268845, -46.445439], [-71.269051, -46.444895], [-71.273012, -46.444509], [-71.274061, -46.445921], [-71.273219, -46.449057], [-71.273562, -46.451092], [-71.27191, -46.451959], [-71.271285, -46.453225], [-71.270604, -46.452856], [-71.270285, -46.454577], [-71.271968, -46.455943], [-71.272542, -46.455469], [-71.275563, -46.456586], [-71.275751, -46.458326], [-71.277191, -46.458853], [-71.280893, -46.4584], [-71.29458, -46.460553], [-71.297453, -46.463546], [-71.274426, -46.469714], [-71.259599, -46.475618], [-71.244514, -46.478965], [-71.227541, -46.484956], [-71.214119, -46.485551], [-71.209334, -46.487863], [-71.205241, -46.488739], [-71.195988, -46.487996], [-71.187308, -46.489511], [-71.185688, -46.490678], [-71.184599, -46.493558], [-71.184179, -46.498293], [-71.184867, -46.500375], [-71.181541, -46.504232], [-71.178167, -46.503645], [-71.168881, -46.504684], [-71.148909, -46.512046], [-71.143542, -46.515869], [-71.144865, -46.519031], [-71.144553, -46.520544], [-71.142917, -46.521884], [-71.138982, -46.522133], [-71.136786, -46.527937], [-71.13873, -46.529362], [-71.138092, -46.530589], [-71.138258, -46.533082], [-71.140562, -46.5391], [-71.142231, -46.542078], [-71.14565, -46.543641], [-71.145664, -46.545082], [-71.146487, -46.545775], [-71.145476, -46.546229], [-71.145594, -46.547078], [-71.149601, -46.553589], [-71.151533, -46.555319], [-71.161698, -46.556985], [-71.16625, -46.556526], [-71.169242, -46.554519], [-71.171561, -46.554153], [-71.170965, -46.553442], [-71.171595, -46.552836], [-71.176464, -46.55441], [-71.177554, -46.555587], [-71.180141, -46.555034], [-71.18101, -46.553705], [-71.183016, -46.553546], [-71.183555, -46.554839], [-71.183132, -46.555505], [-71.185267, -46.557953], [-71.183208, -46.559097], [-71.180763, -46.558521], [-71.18059, -46.5591], [-71.179706, -46.558864], [-71.178806, -46.561353], [-71.183156, -46.571618], [-71.186385, -46.577101], [-71.196084, -46.590216], [-71.20125, -46.59575], [-71.202752, -46.596746], [-71.206692, -46.597797], [-71.21494, -46.603572], [-71.222144, -46.605833], [-71.233219, -46.607642], [-71.24512, -46.610565], [-71.250047, -46.60978], [-71.256997, -46.606168], [-71.263775, -46.60444], [-71.273211, -46.605061], [-71.281671, -46.608892], [-71.287574, -46.610454], [-71.298075, -46.608122], [-71.306655, -46.60273], [-71.314015, -46.600246], [-71.316403, -46.598867], [-71.31931, -46.598182], [-71.325603, -46.59831], [-71.329009, -46.596545], [-71.332257, -46.595806], [-71.334837, -46.596082], [-71.340022, -46.59855], [-71.344236, -46.599215], [-71.347677, -46.598655], [-71.351832, -46.596827], [-71.355796, -46.596423], [-71.360562, -46.597804], [-71.369398, -46.598742], [-71.375808, -46.597573], [-71.3832, -46.59249], [-71.398213, -46.591843], [-71.400187, -46.592385], [-71.40027, -46.59414], [-71.401906, -46.594604], [-71.40829, -46.59388], [-71.41186, -46.594239], [-71.412597, -46.594984], [-71.413657, -46.594993], [-71.413692, -46.595596], [-71.415381, -46.595878], [-71.415904, -46.596831], [-71.419802, -46.599114], [-71.423616, -46.5998], [-71.426727, -46.598996], [-71.428122, -46.597754], [-71.447863, -46.594355], [-71.45275, -46.592396], [-71.458361, -46.58845], [-71.460813, -46.588037], [-71.464005, -46.589194], [-71.467212, -46.589025], [-71.485461, -46.585538], [-71.507953, -46.577522], [-71.517005, -46.573475], [-71.528576, -46.571795], [-71.538868, -46.568149], [-71.551219, -46.565498], [-71.569351, -46.557994], [-71.579168, -46.556337], [-71.594108, -46.555083], [-71.597691, -46.552497], [-71.597919, -46.550737], [-71.601709, -46.54838], [-71.608282, -46.542028], [-71.6093, -46.540425], [-71.608989, -46.538137], [-71.609485, -46.537374], [-71.613467, -46.535488], [-71.61446, -46.534115], [-71.626984, -46.530279], [-71.633654, -46.529613], [-71.637407, -46.528432], [-71.642196, -46.528267], [-71.651325, -46.52671], [-71.662509, -46.527911], [-71.666452, -46.526634], [-71.669171, -46.527137], [-71.670175, -46.526148], [-71.674815, -46.526428], [-71.675544, -46.525547], [-71.682366, -46.526887], [-71.688564, -46.530783], [-71.694536, -46.533186], [-71.703711, -46.535083], [-71.716532, -46.538916], [-71.721314, -46.539156], [-71.725503, -46.537106], [-71.730426, -46.535896], [-71.732641, -46.536072], [-71.735022, -46.534742], [-71.736839, -46.531066], [-71.735758, -46.530497], [-71.736678, -46.527125], [-71.736162, -46.526883], [-71.739026, -46.521884], [-71.74153, -46.521652], [-71.743539, -46.517282], [-71.742415, -46.516644], [-71.740816, -46.517933], [-71.740371, -46.51744], [-71.739144, -46.518072], [-71.739339, -46.513258], [-71.74139, -46.511324], [-71.744806, -46.510441], [-71.746915, -46.510587], [-71.747258, -46.509881]], [[-72.129325, -46.495636], [-72.128326, -46.495165], [-72.129073, -46.494215], [-72.131415, -46.49476], [-72.130301, -46.49572], [-72.129325, -46.495636]], [[-71.877534, -46.387214], [-71.878425, -46.38744], [-71.878355, -46.389923], [-71.876743, -46.388859], [-71.876158, -46.386141], [-71.876858, -46.385793], [-71.877534, -46.387214]], [[-72.665115, -46.567801], [-72.665115, -46.567801]], [[-71.748387, -46.352489], [-71.748387, -46.352489]], [[-71.168611, -46.554138], [-71.168611, -46.554138]], [[-71.165186, -46.554525], [-71.164134, -46.554519], [-71.165186, -46.554525]], [[-71.162629, -46.553614], [-71.163089, -46.552854], [-71.164444, -46.552742], [-71.162629, -46.553614]], [[-71.157757, -46.526402], [-71.156629, -46.52669], [-71.157757, -46.526402]], [[-71.342318, -46.460667], [-71.340533, -46.463534], [-71.336994, -46.464836], [-71.333948, -46.46518], [-71.334802, -46.464372], [-71.334709, -46.462618], [-71.3364, -46.461404], [-71.342318, -46.460667]], [[-71.737219, -46.33129], [-71.737219, -46.33129]], [[-71.73766, -46.333387], [-71.738128, -46.333273], [-71.73766, -46.333387]], [[-71.738432, -46.336761], [-71.737849, -46.337298], [-71.738181, -46.337884], [-71.737178, -46.337705], [-71.737406, -46.336993], [-71.738432, -46.336761]], [[-71.737906, -46.334888], [-71.738081, -46.335413], [-71.739357, -46.335546], [-71.738954, -46.336256], [-71.739631, -46.336225], [-71.739247, -46.336663], [-71.739812, -46.337247], [-71.738049, -46.335788], [-71.736553, -46.335957], [-71.736362, -46.334925], [-71.737906, -46.334888]], [[-71.748053, -46.352032], [-71.748053, -46.352032]], [[-71.754077, -46.354952], [-71.753579, -46.356526], [-71.752776, -46.35586], [-71.751481, -46.356546], [-71.750647, -46.356074], [-71.750631, -46.355231], [-71.749289, -46.354306], [-71.749595, -46.352265], [-71.748243, -46.350943], [-71.748005, -46.351768], [-71.747222, -46.351605], [-71.746601, -46.3504], [-71.747839, -46.350288], [-71.747454, -46.349754], [-71.74806, -46.349272], [-71.749582, -46.349467], [-71.75019, -46.348903], [-71.751624, -46.349686], [-71.75253, -46.34935], [-71.753389, -46.350307], [-71.75349, -46.351765], [-71.75207, -46.352178], [-71.753482, -46.352891], [-71.754077, -46.354952]], [[-71.698346, -46.366159], [-71.700806, -46.366746], [-71.700967, -46.367979], [-71.700023, -46.368586], [-71.692647, -46.369633], [-71.691177, -46.370888], [-71.692542, -46.371009], [-71.692609, -46.371554], [-71.688715, -46.372261], [-71.689187, -46.373024], [-71.687583, -46.373727], [-71.688505, -46.374305], [-71.679997, -46.375019], [-71.675255, -46.37453], [-71.674064, -46.373842], [-71.677696, -46.37396], [-71.681864, -46.372463], [-71.673893, -46.372487], [-71.675641, -46.371307], [-71.678946, -46.371569], [-71.689895, -46.37052], [-71.690783, -46.368991], [-71.690042, -46.368654], [-71.690195, -46.370074], [-71.689602, -46.37032], [-71.689527, -46.368754], [-71.691437, -46.367418], [-71.693759, -46.366552], [-71.698346, -46.366159]], [[-71.705768, -46.359376], [-71.710162, -46.359868], [-71.71301, -46.361279], [-71.707984, -46.361845], [-71.697426, -46.360779], [-71.705768, -46.359376]], [[-72.757583, -46.803331], [-72.756247, -46.804679], [-72.754962, -46.804727], [-72.757583, -46.803331]], [[-72.683756, -46.817171], [-72.683756, -46.817171]], [[-72.685331, -46.814555], [-72.685637, -46.815304], [-72.684892, -46.816589], [-72.68268, -46.817422], [-72.681121, -46.815797], [-72.683098, -46.816114], [-72.682932, -46.81522], [-72.685331, -46.814555]], [[-72.677967, -46.807866], [-72.677967, -46.807866]], [[-72.68037, -46.810224], [-72.680641, -46.810959], [-72.679603, -46.811186], [-72.679351, -46.810325], [-72.68037, -46.810224]], [[-72.570898, -46.73835], [-72.570874, -46.738984], [-72.570389, -46.738318], [-72.570898, -46.73835]], [[-72.572583, -46.738982], [-72.573095, -46.73998], [-72.571864, -46.741013], [-72.571977, -46.739054], [-72.572583, -46.738982]], [[-72.613724, -46.5941], [-72.613446, -46.594495], [-72.613724, -46.5941]], [[-72.614463, -46.596697], [-72.614463, -46.596697]], [[-72.615367, -46.595797], [-72.615367, -46.595797]], [[-72.581127, -46.620553], [-72.580721, -46.620728], [-72.581127, -46.620553]], [[-72.581288, -46.620888], [-72.581024, -46.621506], [-72.581288, -46.620888]], [[-72.593137, -46.601718], [-72.592823, -46.601966], [-72.593137, -46.601718]], [[-72.593243, -46.601971], [-72.593243, -46.601971]], [[-72.606268, -46.604288], [-72.606268, -46.604288]], [[-72.605832, -46.608908], [-72.606306, -46.609513], [-72.604582, -46.60912], [-72.605832, -46.608908]], [[-72.602874, -46.608182], [-72.603415, -46.608676], [-72.602085, -46.608241], [-72.602874, -46.608182]], [[-72.611735, -46.595102], [-72.612245, -46.595618], [-72.610358, -46.595023], [-72.611735, -46.595102]], [[-72.597507, -46.604764], [-72.597234, -46.60533], [-72.596422, -46.604824], [-72.597507, -46.604764]], [[-72.589119, -46.600362], [-72.589071, -46.601045], [-72.587925, -46.600441], [-72.589119, -46.600362]], [[-72.614216, -46.606677], [-72.614279, -46.608207], [-72.613175, -46.608519], [-72.612312, -46.607949], [-72.612281, -46.607151], [-72.614216, -46.606677]], [[-72.607682, -46.604992], [-72.608429, -46.605585], [-72.606808, -46.605477], [-72.607682, -46.604992]], [[-72.611453, -46.599111], [-72.612006, -46.599956], [-72.610403, -46.599864], [-72.610351, -46.59899], [-72.611453, -46.599111]], [[-71.795421, -46.346015], [-71.795421, -46.346015]], [[-71.82273, -46.499515], [-71.822162, -46.499537], [-71.82273, -46.499515]], [[-71.832561, -46.493636], [-71.832561, -46.493636]], [[-71.824749, -46.492531], [-71.824345, -46.492614], [-71.824749, -46.492531]], [[-71.827174, -46.492916], [-71.825641, -46.492908], [-71.827174, -46.492916]], [[-71.827184, -46.492938], [-71.829115, -46.493243], [-71.827184, -46.492938]], [[-71.843124, -46.484589], [-71.842172, -46.484377], [-71.843124, -46.484589]], [[-71.84169, -46.483971], [-71.841829, -46.484584], [-71.841291, -46.484243], [-71.84169, -46.483971]], [[-71.835872, -46.480612], [-71.837046, -46.481952], [-71.834589, -46.482155], [-71.831882, -46.480715], [-71.833157, -46.479971], [-71.835872, -46.480612]], [[-71.834837, -46.477948], [-71.834623, -46.478306], [-71.834837, -46.477948]], [[-71.834478, -46.484295], [-71.833591, -46.484694], [-71.833549, -46.485549], [-71.831582, -46.486133], [-71.829878, -46.48454], [-71.830475, -46.483905], [-71.834478, -46.484295]], [[-71.815972, -46.477232], [-71.815972, -46.477232]], [[-71.816209, -46.477802], [-71.816209, -46.477802]], [[-71.816284, -46.477268], [-71.814937, -46.474799], [-71.815631, -46.473818], [-71.817572, -46.475781], [-71.81761, -46.476728], [-71.819855, -46.476793], [-71.818642, -46.478296], [-71.816998, -46.478101], [-71.816284, -46.477268]], [[-71.76359, -46.414702], [-71.76359, -46.414702]], [[-71.767552, -46.425355], [-71.767552, -46.425355]], [[-71.756736, -46.419221], [-71.757321, -46.419516], [-71.756736, -46.419221]], [[-71.766356, -46.405429], [-71.766614, -46.405746], [-71.766356, -46.405429]], [[-71.776082, -46.392806], [-71.775705, -46.393288], [-71.774943, -46.393025], [-71.776082, -46.392806]], [[-71.765922, -46.374657], [-71.765922, -46.374657]], [[-71.758818, -46.364479], [-71.758818, -46.364479]], [[-71.913841, -46.30268], [-71.913841, -46.30268]], [[-71.765151, -46.347538], [-71.765151, -46.347538]], [[-71.723199, -46.532319], [-71.723199, -46.532319]], [[-71.731034, -46.526516], [-71.730829, -46.526866], [-71.731034, -46.526516]], [[-71.729494, -46.529556], [-71.729494, -46.529556]], [[-71.815093, -46.468549], [-71.818083, -46.470004], [-71.818255, -46.471285], [-71.817033, -46.472427], [-71.813035, -46.471093], [-71.813786, -46.470242], [-71.812248, -46.469658], [-71.815093, -46.468549]], [[-71.737383, -46.519352], [-71.736921, -46.519785], [-71.737383, -46.519352]], [[-71.813034, -46.468499], [-71.813363, -46.468168], [-71.813034, -46.468499]], [[-71.812111, -46.468406], [-71.812111, -46.468406]], [[-71.80988, -46.469334], [-71.809407, -46.469443], [-71.80988, -46.469334]], [[-71.810017, -46.467875], [-71.811214, -46.46781], [-71.811959, -46.468876], [-71.810229, -46.46928], [-71.810351, -46.468705], [-71.809472, -46.468505], [-71.810017, -46.467875]], [[-71.982025, -46.489784], [-71.983768, -46.49197], [-71.982966, -46.493597], [-71.980115, -46.492677], [-71.979619, -46.492208], [-71.980523, -46.491462], [-71.979209, -46.491555], [-71.97968, -46.49128], [-71.978502, -46.49008], [-71.979575, -46.489283], [-71.982025, -46.489784]], [[-71.804248, -46.467479], [-71.803346, -46.467909], [-71.804248, -46.467479]], [[-71.80372, -46.468006], [-71.804176, -46.467885], [-71.80372, -46.468006]], [[-71.804842, -46.467849], [-71.805109, -46.468236], [-71.804082, -46.468395], [-71.804842, -46.467849]], [[-71.836421, -46.399779], [-71.836421, -46.399779]], [[-71.845581, -46.396387], [-71.844992, -46.396475], [-71.845581, -46.396387]], [[-71.83336, -46.403121], [-71.832412, -46.403179], [-71.83336, -46.403121]], [[-71.845013, -46.409794], [-71.843171, -46.409467], [-71.843813, -46.40917], [-71.845013, -46.409794]], [[-71.780873, -46.406695], [-71.780873, -46.406695]], [[-71.78006, -46.407399], [-71.77987, -46.40807], [-71.778308, -46.407839], [-71.776446, -46.406743], [-71.778424, -46.406427], [-71.78006, -46.407399]], [[-71.780405, -46.407793], [-71.780405, -46.407793]], [[-71.792562, -46.408689], [-71.792562, -46.408689]], [[-71.793365, -46.408426], [-71.793527, -46.408913], [-71.793365, -46.408426]], [[-71.789448, -46.417928], [-71.790119, -46.417663], [-71.789448, -46.417928]], [[-71.767514, -46.431198], [-71.766993, -46.431558], [-71.766482, -46.430874], [-71.767147, -46.430364], [-71.767514, -46.431198]], [[-71.803032, -46.408674], [-71.802681, -46.408944], [-71.803032, -46.408674]], [[-71.80302, -46.40781], [-71.803343, -46.408248], [-71.802258, -46.408884], [-71.799558, -46.408882], [-71.800305, -46.408689], [-71.800945, -46.407195], [-71.80302, -46.40781]], [[-71.766802, -46.390014], [-71.766802, -46.390014]], [[-71.768025, -46.389268], [-71.767599, -46.389322], [-71.768025, -46.389268]], [[-71.781481, -46.394666], [-71.781346, -46.395223], [-71.781481, -46.394666]], [[-71.77543, -46.394624], [-71.774845, -46.395001], [-71.77543, -46.394624]], [[-71.766817, -46.393291], [-71.766817, -46.393291]], [[-71.766776, -46.39311], [-71.766776, -46.39311]], [[-71.765211, -46.393662], [-71.765714, -46.393259], [-71.765211, -46.393662]], [[-71.765099, -46.393676], [-71.765099, -46.393676]], [[-71.765699, -46.395323], [-71.765666, -46.395724], [-71.765699, -46.395323]], [[-71.764901, -46.395674], [-71.765186, -46.396388], [-71.764068, -46.396008], [-71.764901, -46.395674]], [[-71.757449, -46.378569], [-71.757441, -46.379123], [-71.757449, -46.378569]], [[-71.755903, -46.364745], [-71.755876, -46.366334], [-71.755315, -46.366595], [-71.754287, -46.365371], [-71.755903, -46.364745]], [[-71.919538, -46.296104], [-71.919489, -46.296505], [-71.919538, -46.296104]], [[-71.895398, -46.308678], [-71.895398, -46.308678]], [[-71.895112, -46.307219], [-71.89549, -46.308404], [-71.894205, -46.308272], [-71.895112, -46.307219]], [[-71.849853, -46.310122], [-71.849198, -46.309945], [-71.849853, -46.310122]], [[-71.883099, -46.333357], [-71.882649, -46.333707], [-71.883099, -46.333357]], [[-71.881858, -46.334841], [-71.881407, -46.334792], [-71.881858, -46.334841]], [[-71.780607, -46.321374], [-71.780203, -46.321443], [-71.780607, -46.321374]], [[-71.784184, -46.341686], [-71.784184, -46.341686]], [[-71.784445, -46.341737], [-71.784445, -46.341737]], [[-71.785351, -46.341826], [-71.784618, -46.341767], [-71.785351, -46.341826]], [[-71.920478, -46.329707], [-71.920953, -46.330769], [-71.920478, -46.329707]], [[-71.948095, -46.316355], [-71.948815, -46.316092], [-71.949407, -46.31689], [-71.948095, -46.316355]], [[-71.919149, -46.331018], [-71.919543, -46.331924], [-71.919072, -46.332301], [-71.91859, -46.331729], [-71.919149, -46.331018]], [[-71.924587, -46.328876], [-71.923112, -46.32967], [-71.922627, -46.329344], [-71.923826, -46.328633], [-71.924587, -46.328876]], [[-71.929306, -46.314416], [-71.929489, -46.315289], [-71.92859, -46.315302], [-71.929306, -46.314416]], [[-71.929199, -46.315523], [-71.928831, -46.316497], [-71.927828, -46.31643], [-71.929199, -46.315523]], [[-71.78107, -46.323308], [-71.781101, -46.323877], [-71.779414, -46.324516], [-71.779733, -46.324827], [-71.778681, -46.324915], [-71.778813, -46.323327], [-71.78107, -46.323308]], [[-71.787061, -46.339181], [-71.788635, -46.340019], [-71.788833, -46.340916], [-71.786564, -46.340712], [-71.785082, -46.338905], [-71.787061, -46.339181]], [[-71.78175, -46.337438], [-71.782393, -46.33734], [-71.782571, -46.338954], [-71.781305, -46.33924], [-71.780283, -46.340599], [-71.775779, -46.339914], [-71.78175, -46.337438]], [[-72.770707, -46.808266], [-72.774768, -46.811824], [-72.77564, -46.813643], [-72.779588, -46.816446], [-72.779226, -46.818236], [-72.781015, -46.819485], [-72.780741, -46.821229], [-72.779062, -46.82122], [-72.777826, -46.81962], [-72.774516, -46.819335], [-72.77363, -46.819896], [-72.773912, -46.820739], [-72.772748, -46.820961], [-72.771117, -46.820212], [-72.769704, -46.818518], [-72.768414, -46.818968], [-72.767373, -46.818461], [-72.765879, -46.816764], [-72.765364, -46.815603], [-72.766304, -46.814544], [-72.765816, -46.812676], [-72.767158, -46.81003], [-72.768838, -46.808288], [-72.770707, -46.808266]], [[-72.601779, -46.693961], [-72.602605, -46.694134], [-72.603235, -46.696426], [-72.603823, -46.696687], [-72.602288, -46.697195], [-72.6012, -46.69636], [-72.600684, -46.69459], [-72.601779, -46.693961]], [[-72.563724, -46.690202], [-72.563431, -46.691094], [-72.561194, -46.69172], [-72.560323, -46.689244], [-72.56164, -46.688986], [-72.563724, -46.690202]], [[-72.563801, -46.693234], [-72.563447, -46.693], [-72.565161, -46.691707], [-72.564855, -46.691067], [-72.567168, -46.692351], [-72.563801, -46.693234]], [[-72.577915, -46.712618], [-72.572122, -46.71065], [-72.567243, -46.712702], [-72.561641, -46.713486], [-72.559869, -46.710946], [-72.560125, -46.709555], [-72.555902, -46.706087], [-72.556865, -46.704871], [-72.555224, -46.704076], [-72.555468, -46.703283], [-72.557828, -46.702886], [-72.557655, -46.704381], [-72.559148, -46.704974], [-72.561098, -46.704895], [-72.564164, -46.703624], [-72.565196, -46.702495], [-72.564888, -46.700525], [-72.563796, -46.699292], [-72.564172, -46.698505], [-72.567511, -46.698115], [-72.568396, -46.696349], [-72.566924, -46.695836], [-72.56786, -46.695286], [-72.567003, -46.694826], [-72.569418, -46.69515], [-72.569799, -46.694334], [-72.568568, -46.693679], [-72.569323, -46.692638], [-72.572042, -46.692287], [-72.576864, -46.695271], [-72.579275, -46.699382], [-72.58207, -46.700911], [-72.581863, -46.703755], [-72.578044, -46.706422], [-72.57766, -46.708235], [-72.578406, -46.709491], [-72.577843, -46.709914], [-72.577915, -46.712618]], [[-72.636682, -46.631872], [-72.636968, -46.630287], [-72.638423, -46.628595], [-72.642685, -46.626425], [-72.643806, -46.626974], [-72.642406, -46.629634], [-72.640427, -46.6304], [-72.642109, -46.630818], [-72.642042, -46.631382], [-72.64062, -46.632023], [-72.636682, -46.631872]], [[-72.700996, -46.534777], [-72.70422, -46.538958], [-72.704532, -46.539901], [-72.704092, -46.540239], [-72.701756, -46.53999], [-72.700205, -46.537348], [-72.696351, -46.537043], [-72.694937, -46.534658], [-72.69774, -46.532466], [-72.698995, -46.530639], [-72.699733, -46.530928], [-72.70009, -46.52995], [-72.701951, -46.531932], [-72.700841, -46.533683], [-72.700996, -46.534777]], [[-72.586984, -46.620993], [-72.584795, -46.622516], [-72.584111, -46.621989], [-72.582577, -46.622859], [-72.581544, -46.620638], [-72.581991, -46.619346], [-72.584914, -46.619023], [-72.586993, -46.620437], [-72.586984, -46.620993]], [[-72.603003, -46.619735], [-72.602389, -46.62066], [-72.602756, -46.621019], [-72.600939, -46.621718], [-72.599264, -46.620709], [-72.600062, -46.618781], [-72.602172, -46.618901], [-72.603003, -46.619735]], [[-72.61258, -46.609758], [-72.61283, -46.611294], [-72.612278, -46.611551], [-72.608727, -46.610357], [-72.607835, -46.608924], [-72.611794, -46.609081], [-72.61258, -46.609758]], [[-72.464757, -46.669729], [-72.464002, -46.670518], [-72.462215, -46.67032], [-72.462299, -46.671172], [-72.458482, -46.672531], [-72.457243, -46.671872], [-72.455708, -46.669277], [-72.457881, -46.667415], [-72.458986, -46.66768], [-72.460687, -46.666947], [-72.460763, -46.666315], [-72.464561, -46.668997], [-72.464757, -46.669729]], [[-72.166014, -46.540235], [-72.171327, -46.538835], [-72.176482, -46.539995], [-72.182681, -46.542971], [-72.18392, -46.544617], [-72.18417, -46.546417], [-72.172306, -46.545294], [-72.170354, -46.543993], [-72.166711, -46.543757], [-72.164541, -46.542183], [-72.16566, -46.541447], [-72.166014, -46.540235]], [[-72.15603, -46.540964], [-72.156913, -46.540813], [-72.16088, -46.543239], [-72.162581, -46.543512], [-72.163243, -46.544504], [-72.162103, -46.544045], [-72.162232, -46.54508], [-72.159077, -46.545642], [-72.151696, -46.545489], [-72.148335, -46.544381], [-72.150089, -46.542418], [-72.15603, -46.540964]], [[-72.17707, -46.562837], [-72.176107, -46.563325], [-72.175208, -46.56291], [-72.175495, -46.562423], [-72.17707, -46.562837]], [[-72.168119, -46.556573], [-72.173422, -46.556743], [-72.179374, -46.55898], [-72.18038, -46.559674], [-72.181099, -46.561359], [-72.179481, -46.562554], [-72.177875, -46.561641], [-72.171963, -46.560914], [-72.1717, -46.56], [-72.168548, -46.559556], [-72.167915, -46.558434], [-72.168119, -46.556573]], [[-71.75779, -46.49196], [-71.758787, -46.493416], [-71.758404, -46.494503], [-71.754737, -46.49496], [-71.753341, -46.494324], [-71.75426, -46.493413], [-71.756244, -46.493354], [-71.755723, -46.492079], [-71.75779, -46.49196]], [[-71.733165, -46.521323], [-71.73446, -46.521026], [-71.732889, -46.524021], [-71.733103, -46.524707], [-71.731386, -46.526105], [-71.729371, -46.52565], [-71.72972, -46.526117], [-71.727443, -46.527195], [-71.726121, -46.529137], [-71.725071, -46.529364], [-71.725203, -46.52779], [-71.724051, -46.527432], [-71.724752, -46.526384], [-71.724389, -46.526096], [-71.727757, -46.525238], [-71.727773, -46.524772], [-71.729148, -46.524912], [-71.73119, -46.522163], [-71.733165, -46.521323]], [[-71.72974, -46.529315], [-71.728783, -46.529296], [-71.730929, -46.527606], [-71.732013, -46.52764], [-71.73226, -46.528537], [-71.731414, -46.52975], [-71.730638, -46.530002], [-71.72974, -46.529315]], [[-71.725251, -46.531363], [-71.724694, -46.532338], [-71.722992, -46.532258], [-71.724722, -46.529882], [-71.725467, -46.530568], [-71.725251, -46.531363]], [[-71.760146, -46.419433], [-71.763345, -46.419992], [-71.763188, -46.421324], [-71.765164, -46.422398], [-71.764899, -46.423132], [-71.76322, -46.424124], [-71.759618, -46.423621], [-71.760275, -46.423549], [-71.759263, -46.422079], [-71.758398, -46.421927], [-71.759504, -46.420076], [-71.757547, -46.419567], [-71.757502, -46.418785], [-71.7589, -46.41858], [-71.760146, -46.419433]], [[-71.765756, -46.406136], [-71.769111, -46.40875], [-71.768682, -46.409988], [-71.766835, -46.410161], [-71.76588, -46.409009], [-71.762795, -46.408009], [-71.764263, -46.405804], [-71.765277, -46.405609], [-71.765756, -46.406136]], [[-71.760083, -46.35751], [-71.760527, -46.358192], [-71.759752, -46.357972], [-71.760083, -46.35751]], [[-71.885152, -46.333482], [-71.884148, -46.332487], [-71.885152, -46.333482]], [[-71.88884, -46.334195], [-71.884534, -46.335409], [-71.882394, -46.334949], [-71.883518, -46.334655], [-71.883663, -46.333603], [-71.887069, -46.333916], [-71.888351, -46.333467], [-71.88884, -46.334195]], [[-71.882949, -46.332832], [-71.879784, -46.331923], [-71.878752, -46.330465], [-71.881888, -46.330366], [-71.882405, -46.331923], [-71.883259, -46.332394], [-71.882949, -46.332832]], [[-71.797537, -46.405939], [-71.797937, -46.407757], [-71.792264, -46.407976], [-71.791882, -46.410077], [-71.789585, -46.410431], [-71.788512, -46.409824], [-71.783957, -46.409725], [-71.782875, -46.40862], [-71.782749, -46.409188], [-71.780842, -46.408758], [-71.780787, -46.407555], [-71.780198, -46.407643], [-71.781223, -46.407209], [-71.781338, -46.406452], [-71.783058, -46.406768], [-71.783308, -46.405848], [-71.781632, -46.40569], [-71.780743, -46.403508], [-71.777492, -46.403282], [-71.778032, -46.402541], [-71.775823, -46.401381], [-71.776544, -46.401003], [-71.776064, -46.399936], [-71.780592, -46.39948], [-71.781351, -46.397884], [-71.78115, -46.396817], [-71.783095, -46.394965], [-71.783733, -46.395786], [-71.787032, -46.396438], [-71.791434, -46.400202], [-71.791215, -46.401539], [-71.789805, -46.401197], [-71.788905, -46.401702], [-71.794162, -46.403764], [-71.797537, -46.405939]], [[-71.772491, -46.389224], [-71.772734, -46.387412], [-71.775291, -46.386478], [-71.776179, -46.387375], [-71.780301, -46.387924], [-71.781513, -46.388586], [-71.781409, -46.389223], [-71.78633, -46.391171], [-71.786492, -46.391963], [-71.785326, -46.39265], [-71.78004, -46.392401], [-71.778835, -46.391798], [-71.778504, -46.390791], [-71.774434, -46.390699], [-71.774171, -46.391112], [-71.775273, -46.391695], [-71.775302, -46.392366], [-71.772208, -46.393543], [-71.77276, -46.395041], [-71.772278, -46.395817], [-71.770695, -46.396199], [-71.770256, -46.397219], [-71.769154, -46.39717], [-71.769111, -46.396519], [-71.770566, -46.396145], [-71.767993, -46.395137], [-71.767608, -46.392472], [-71.769074, -46.391293], [-71.767728, -46.390647], [-71.769675, -46.389031], [-71.769892, -46.388488], [-71.769084, -46.388397], [-71.769025, -46.387751], [-71.771243, -46.386883], [-71.771425, -46.386239], [-71.772188, -46.386541], [-71.770496, -46.389023], [-71.772491, -46.389224]], [[-71.785507, -46.417378], [-71.788269, -46.41778], [-71.789221, -46.418564], [-71.791966, -46.417351], [-71.795002, -46.417884], [-71.796832, -46.41892], [-71.797662, -46.421092], [-71.797101, -46.422126], [-71.796174, -46.422295], [-71.796757, -46.423039], [-71.796342, -46.424405], [-71.795437, -46.424854], [-71.792796, -46.4239], [-71.793176, -46.424983], [-71.791371, -46.425081], [-71.791078, -46.426027], [-71.790329, -46.426083], [-71.790223, -46.425251], [-71.789535, -46.425142], [-71.788766, -46.426555], [-71.787157, -46.426112], [-71.785892, -46.426908], [-71.784875, -46.425959], [-71.784235, -46.426547], [-71.784573, -46.426993], [-71.783575, -46.427156], [-71.781925, -46.425816], [-71.77876, -46.424786], [-71.778558, -46.424133], [-71.773297, -46.423134], [-71.772691, -46.42351], [-71.770173, -46.42164], [-71.7687, -46.422019], [-71.766729, -46.419645], [-71.765277, -46.41948], [-71.763061, -46.416519], [-71.764463, -46.415201], [-71.764541, -46.413856], [-71.763496, -46.413194], [-71.764066, -46.412298], [-71.77106, -46.413494], [-71.773901, -46.412024], [-71.776862, -46.413317], [-71.779447, -46.412757], [-71.779443, -46.411609], [-71.780474, -46.4123], [-71.77999, -46.413103], [-71.780457, -46.413735], [-71.785507, -46.417378]], [[-71.746927, -46.509745], [-71.746103, -46.509807], [-71.746927, -46.509745]], [[-71.80671, -46.499471], [-71.806179, -46.498919], [-71.806789, -46.496753], [-71.807936, -46.499012], [-71.80671, -46.499471]], [[-72.177457, -46.547045], [-72.176016, -46.54695], [-72.177457, -46.547045]], [[-72.159925, -46.546259], [-72.16033, -46.545585], [-72.161583, -46.545463], [-72.161953, -46.546266], [-72.159925, -46.546259]], [[-71.936057, -46.500962], [-71.93548, -46.501208], [-71.936057, -46.500962]], [[-71.931465, -46.504188], [-71.931465, -46.504188]], [[-72.614731, -46.6055], [-72.614269, -46.605489], [-72.614731, -46.6055]], [[-72.191189, -46.565601], [-72.189663, -46.564946], [-72.191569, -46.565354], [-72.191189, -46.565601]], [[-72.564668, -46.691379], [-72.564131, -46.691243], [-72.564668, -46.691379]], [[-72.193006, -46.515832], [-72.19256, -46.515375], [-72.194059, -46.515046], [-72.190976, -46.515276], [-72.191489, -46.515859], [-72.193006, -46.515832]], [[-72.121356, -46.491366], [-72.119082, -46.490742], [-72.121356, -46.491366]], [[-71.68578, -46.305912], [-71.68578, -46.305912]], [[-71.878807, -46.330939], [-71.878807, -46.330939]], [[-71.724544, -46.30488], [-71.724544, -46.30488]], [[-71.84417, -46.48998], [-71.842896, -46.489488], [-71.84417, -46.48998]], [[-71.813086, -46.498112], [-71.811878, -46.497282], [-71.812201, -46.496791], [-71.811297, -46.496623], [-71.810272, -46.498088], [-71.812997, -46.500346], [-71.813381, -46.499496], [-71.812574, -46.499052], [-71.813305, -46.498669], [-71.813086, -46.498112]], [[-71.913071, -46.336988], [-71.913182, -46.337756], [-71.913071, -46.336988]], [[-71.918106, -46.334691], [-71.918106, -46.334691]], [[-72.527369, -46.621959], [-72.526499, -46.621758], [-72.527369, -46.621959]], [[-72.016764, -46.539835], [-72.016764, -46.539835]], [[-72.56671, -46.695834], [-72.56615, -46.695679], [-72.56671, -46.695834]], [[-72.565969, -46.693197], [-72.565475, -46.693259], [-72.565969, -46.693197]], [[-72.673051, -46.719751], [-72.673871, -46.720926], [-72.673383, -46.723037], [-72.670573, -46.725031], [-72.670185, -46.724003], [-72.672639, -46.721283], [-72.671984, -46.718609], [-72.672918, -46.718625], [-72.673051, -46.719751]], [[-72.505033, -46.68978], [-72.504488, -46.690196], [-72.504792, -46.688961], [-72.505033, -46.68978]], [[-72.496616, -46.670716], [-72.495565, -46.670397], [-72.496616, -46.670716]], [[-72.405328, -46.666735], [-72.404396, -46.666574], [-72.405328, -46.666735]], [[-72.46525, -46.688163], [-72.46525, -46.688163]], [[-71.815238, -46.471931], [-71.815238, -46.471931]], [[-72.682029, -46.816919], [-72.682029, -46.816919]], [[-72.05447, -46.467067], [-72.054042, -46.467274], [-72.05447, -46.467067]], [[-72.567484, -46.69667], [-72.567484, -46.69667]], [[-71.8675, -46.402983], [-71.866803, -46.402814], [-71.8675, -46.402983]], [[-72.702526, -46.54684], [-72.702526, -46.54684]], [[-72.701928, -46.546193], [-72.702446, -46.545561], [-72.70175, -46.545633], [-72.701928, -46.546193]], [[-72.704239, -46.545285], [-72.704997, -46.543988], [-72.704607, -46.543411], [-72.703372, -46.544625], [-72.704239, -46.545285]], [[-71.858088, -46.386905], [-71.855827, -46.385788], [-71.858088, -46.386905]], [[-72.634314, -46.663984], [-72.633992, -46.663542], [-72.634314, -46.663984]], [[-72.613302, -46.650773], [-72.613756, -46.651036], [-72.613302, -46.650773]], [[-72.608487, -46.647853], [-72.607178, -46.64751], [-72.608487, -46.647853]], [[-72.597915, -46.599501], [-72.597428, -46.600253], [-72.598527, -46.600692], [-72.598806, -46.600099], [-72.600745, -46.599657], [-72.601022, -46.59892], [-72.601983, -46.59926], [-72.603175, -46.598469], [-72.604365, -46.599187], [-72.601575, -46.59971], [-72.601941, -46.601125], [-72.601169, -46.601784], [-72.601334, -46.602553], [-72.599831, -46.603446], [-72.601097, -46.604723], [-72.604348, -46.604488], [-72.605799, -46.60655], [-72.606282, -46.60858], [-72.601347, -46.607845], [-72.602779, -46.609761], [-72.602307, -46.611925], [-72.6004, -46.6128], [-72.598407, -46.610823], [-72.596699, -46.611741], [-72.596197, -46.613518], [-72.597246, -46.61392], [-72.597908, -46.615584], [-72.595584, -46.617444], [-72.593193, -46.61638], [-72.59304, -46.615223], [-72.58936, -46.612157], [-72.587839, -46.612486], [-72.586266, -46.611072], [-72.586018, -46.610003], [-72.585248, -46.610734], [-72.583328, -46.609975], [-72.583306, -46.608873], [-72.58466, -46.608253], [-72.583833, -46.605862], [-72.582395, -46.605745], [-72.581326, -46.604895], [-72.579292, -46.601855], [-72.5803, -46.601207], [-72.583744, -46.601102], [-72.585403, -46.60271], [-72.589651, -46.603068], [-72.593506, -46.60449], [-72.594722, -46.604122], [-72.59538, -46.605239], [-72.598438, -46.606073], [-72.597537, -46.605376], [-72.597561, -46.604004], [-72.594558, -46.602488], [-72.59475, -46.601602], [-72.593915, -46.60082], [-72.590945, -46.600335], [-72.591592, -46.598909], [-72.597915, -46.599501]], [[-71.67277, -46.52665], [-71.673372, -46.525997], [-71.672308, -46.526081], [-71.67277, -46.52665]], [[-72.634032, -46.662904], [-72.634032, -46.662904]], [[-72.628153, -46.658765], [-72.628153, -46.658765]], [[-72.627743, -46.658619], [-72.627254, -46.658704], [-72.627743, -46.658619]], [[-72.526907, -46.622477], [-72.526907, -46.622477]], [[-71.837776, -46.359074], [-71.838307, -46.359165], [-71.837776, -46.359074]], [[-71.838116, -46.359341], [-71.838661, -46.359578], [-71.838116, -46.359341]]]]}}, {"type": "Feature", "properties": {"id": "lago-cochrane", "name": "Lago Cochrane", "type": "lake", "region": "aysen", "season": "2026-2027", "opens": "2026-10-12", "closes": "2027-05-06", "cat": "oct", "rule_level": "region", "phases": [{"s": "2026-10-12", "e": "2026-11-09", "mode": "catch_and_release", "label": "Pesca con devolución obligatoria"}, {"s": "2026-10-12", "e": "2027-01-15", "mode": "retention", "label": "Pesca con retención: 2 ejemplares sin límite de peso (salmon chinook)"}, {"s": "2026-11-10", "e": "2027-04-01", "mode": "retention", "label": "Pesca con retención: 3 ejemplares o hasta 15 kilos"}, {"s": "2027-04-02", "e": "2027-05-06", "mode": "catch_and_release", "label": "Pesca con devolución obligatoria"}], "veda": ["Prohibida cualquier actividad de pesca del 07 de mayo al 11 de octubre (años 2025-2027).", "Veda biológica del chinook: 16 de enero al 11 de octubre (años 2025-2027)."], "gear": ["Señuelos artificiales. Chinguillo."], "prohibitions": ["Prohibida la extracción (incluso con devolución) todo el año en zonas de protección de desove: desagüe lago Pollux, desagüe lago Frío, Pozón Ibáñez (río Claro) y otras (coordenadas en Res. Ex. 3004-2024 y 893-2025)."], "sources": [{"doc": "Res. Ex. N° 3004, 31 dic 2024 (mod. Res. Ex. N° 893, 08 abr 2025), DZ Pesca y Acuicultura Aysén", "url": null}, {"doc": "Res. Ex. N° 3004, 31 dic 2024 (mod. Res. Ex. N° 893, 08 abr 2025), DZ Aysén", "url": null}]}, "geometry": {"type": "MultiPolygon", "coordinates": [[[[-72.42268, -47.243081], [-72.423334, -47.242701], [-72.425676, -47.243249], [-72.428079, -47.244746], [-72.433948, -47.24487], [-72.438558, -47.247286], [-72.439508, -47.248402], [-72.443349, -47.246747], [-72.444432, -47.247634], [-72.44517, -47.249868], [-72.447115, -47.251483], [-72.446624, -47.254297], [-72.448794, -47.254583], [-72.449059, -47.25332], [-72.450709, -47.253928], [-72.449821, -47.254638], [-72.45018, -47.256687], [-72.451014, -47.256999], [-72.453852, -47.255956], [-72.455708, -47.25721], [-72.456454, -47.256868], [-72.457181, -47.258515], [-72.458096, -47.258595], [-72.459115, -47.257765], [-72.462612, -47.259145], [-72.464549, -47.258905], [-72.467703, -47.259906], [-72.472692, -47.26369], [-72.47331, -47.266579], [-72.477011, -47.26689], [-72.484236, -47.264746], [-72.489831, -47.262409], [-72.490234, -47.259118], [-72.491387, -47.258481], [-72.490808, -47.257097], [-72.49217, -47.256897], [-72.490196, -47.248864], [-72.488533, -47.245572], [-72.489118, -47.243999], [-72.48871, -47.242943], [-72.489333, -47.242284], [-72.488319, -47.240492], [-72.486548, -47.239469], [-72.486919, -47.238809], [-72.485438, -47.238813], [-72.482836, -47.237057], [-72.48274, -47.23394], [-72.480937, -47.228629], [-72.482815, -47.22935], [-72.483614, -47.228818], [-72.4862, -47.229026], [-72.486398, -47.228505], [-72.485132, -47.226731], [-72.484188, -47.22645], [-72.48289, -47.223627], [-72.482836, -47.222654], [-72.484387, -47.222534], [-72.483335, -47.22065], [-72.485706, -47.220676], [-72.485937, -47.220027], [-72.487412, -47.220355], [-72.488362, -47.219153], [-72.490385, -47.219041], [-72.490313, -47.218585], [-72.488617, -47.217194], [-72.486249, -47.217628], [-72.4814, -47.214375], [-72.481632, -47.213911], [-72.479318, -47.213092], [-72.477892, -47.210147], [-72.476157, -47.208288], [-72.471587, -47.205395], [-72.471338, -47.204418], [-72.467714, -47.20107], [-72.461925, -47.201994], [-72.460226, -47.201101], [-72.458493, -47.198931], [-72.45433, -47.197209], [-72.446113, -47.1999], [-72.445931, -47.201001], [-72.444685, -47.201855], [-72.442986, -47.201994], [-72.44182, -47.204703], [-72.439656, -47.204803], [-72.439067, -47.205911], [-72.437697, -47.206272], [-72.43798, -47.207573], [-72.435782, -47.206873], [-72.436589, -47.205693], [-72.434047, -47.204318], [-72.432554, -47.20476], [-72.432905, -47.207118], [-72.429915, -47.208074], [-72.429815, -47.206324], [-72.428588, -47.206123], [-72.426267, -47.210064], [-72.417459, -47.211061], [-72.412443, -47.209066], [-72.408406, -47.210729], [-72.394583, -47.21023], [-72.38553, -47.208568], [-72.374887, -47.200257], [-72.37085, -47.200007], [-72.367791, -47.202833], [-72.363143, -47.204911], [-72.358372, -47.204662], [-72.355069, -47.206656], [-72.349564, -47.204828], [-72.340756, -47.203332], [-72.33366, -47.198095], [-72.330112, -47.198927], [-72.32106, -47.193108], [-72.315687, -47.189111], [-72.315494, -47.188368], [-72.312478, -47.188997], [-72.307986, -47.1881], [-72.305196, -47.183855], [-72.303809, -47.183884], [-72.302778, -47.183084], [-72.299998, -47.184102], [-72.299319, -47.185581], [-72.300148, -47.186222], [-72.298928, -47.186213], [-72.299368, -47.1872], [-72.298595, -47.187271], [-72.298914, -47.188681], [-72.298206, -47.188202], [-72.29635, -47.188426], [-72.295044, -47.187905], [-72.294392, -47.186481], [-72.293321, -47.185982], [-72.292992, -47.184339], [-72.293746, -47.183777], [-72.29325, -47.183143], [-72.287818, -47.180603], [-72.280772, -47.180478], [-72.279112, -47.179927], [-72.275504, -47.180893], [-72.273573, -47.180076], [-72.270244, -47.180529], [-72.267667, -47.17988], [-72.266264, -47.178547], [-72.262748, -47.177613], [-72.261589, -47.17645], [-72.25693, -47.175623], [-72.256104, -47.172798], [-72.252386, -47.170384], [-72.252536, -47.169113], [-72.250734, -47.164095], [-72.250139, -47.163985], [-72.248607, -47.160483], [-72.244959, -47.159213], [-72.241311, -47.155624], [-72.232367, -47.152691], [-72.229166, -47.152268], [-72.225304, -47.152837], [-72.218351, -47.149349], [-72.215219, -47.14967], [-72.212193, -47.150881], [-72.210734, -47.150079], [-72.206163, -47.152063], [-72.204511, -47.150998], [-72.201077, -47.152741], [-72.196713, -47.153024], [-72.192134, -47.151163], [-72.183193, -47.151938], [-72.176909, -47.150987], [-72.174204, -47.152936], [-72.171063, -47.152325], [-72.169698, -47.152667], [-72.165445, -47.156552], [-72.162428, -47.15594], [-72.161962, -47.15489], [-72.159761, -47.153655], [-72.156322, -47.15329], [-72.150988, -47.155343], [-72.141853, -47.154817], [-72.139161, -47.155511], [-72.137444, -47.157055], [-72.13432, -47.158269], [-72.13156, -47.158406], [-72.130308, -47.160268], [-72.123043, -47.159255], [-72.118493, -47.160973], [-72.115361, -47.161179], [-72.114931, -47.16173], [-72.110296, -47.162699], [-72.106695, -47.164593], [-72.107174, -47.167215], [-72.105681, -47.169525], [-72.101776, -47.170473], [-72.098994, -47.171929], [-72.099045, -47.174373], [-72.096355, -47.175995], [-72.095469, -47.177726], [-72.098968, -47.183467], [-72.095611, -47.187329], [-72.088935, -47.192844], [-72.088437, -47.193757], [-72.088843, -47.194574], [-72.087382, -47.196924], [-72.08045, -47.203441], [-72.080296, -47.204571], [-72.078935, -47.204524], [-72.077413, -47.206286], [-72.075966, -47.206123], [-72.074823, -47.207418], [-72.073431, -47.207541], [-72.072367, -47.208678], [-72.071191, -47.208443], [-72.070394, -47.209282], [-72.065404, -47.209719], [-72.063965, -47.210575], [-72.0615, -47.210135], [-72.06049, -47.210566], [-72.059114, -47.20953], [-72.057846, -47.209578], [-72.056808, -47.210402], [-72.051548, -47.211507], [-72.050725, -47.212958], [-72.049089, -47.214025], [-72.04193, -47.21738], [-72.038287, -47.217061], [-72.034717, -47.218239], [-72.03426, -47.219323], [-72.03455, -47.221506], [-72.03371, -47.222935], [-72.034233, -47.223143], [-72.030219, -47.228618], [-72.030702, -47.230245], [-72.030138, -47.231646], [-72.031269, -47.235345], [-72.030619, -47.235636], [-72.031006, -47.236326], [-72.030368, -47.236401], [-72.030623, -47.237515], [-72.030327, -47.239328], [-72.029285, -47.240524], [-72.029655, -47.240859], [-72.028593, -47.241078], [-72.028051, -47.242035], [-72.02708, -47.246493], [-72.027345, -47.248083], [-72.028322, -47.248208], [-72.02894, -47.253183], [-72.025492, -47.255974], [-72.022938, -47.255798], [-72.02305, -47.257312], [-72.021919, -47.257776], [-72.021062, -47.260183], [-72.018715, -47.261473], [-72.016931, -47.263962], [-72.014757, -47.264375], [-72.011575, -47.266604], [-72.010037, -47.269245], [-72.006285, -47.272435], [-72.007357, -47.273722], [-72.008791, -47.273758], [-72.003755, -47.279044], [-72.003468, -47.281883], [-72.004467, -47.281243], [-72.004875, -47.281781], [-72.000814, -47.286369], [-72.001374, -47.291008], [-72.00004, -47.292071], [-72.000676, -47.292741], [-72.000489, -47.294055], [-71.998757, -47.295785], [-71.997148, -47.296404], [-71.997267, -47.295844], [-71.994894, -47.294598], [-71.994981, -47.293294], [-71.99383, -47.292059], [-71.994855, -47.288641], [-71.996139, -47.287831], [-71.994526, -47.286651], [-71.996543, -47.282803], [-71.996042, -47.282675], [-71.996019, -47.281554], [-71.997348, -47.280612], [-71.999183, -47.277693], [-71.998441, -47.27611], [-72.002058, -47.271579], [-72.002226, -47.26888], [-72.004581, -47.264739], [-72.004765, -47.26208], [-72.003747, -47.260804], [-72.004841, -47.257061], [-72.004539, -47.253714], [-72.002953, -47.250238], [-71.997611, -47.244295], [-71.993099, -47.241169], [-71.988686, -47.241251], [-71.985685, -47.24527], [-71.980621, -47.247549], [-71.976726, -47.251568], [-71.973476, -47.252599], [-71.968796, -47.253018], [-71.968207, -47.255444], [-71.967405, -47.255807], [-71.967051, -47.25851], [-71.965358, -47.257741], [-71.963466, -47.257817], [-71.961869, -47.258838], [-71.958658, -47.259309], [-71.957167, -47.261217], [-71.955185, -47.261758], [-71.954436, -47.265661], [-71.953364, -47.266158], [-71.951621, -47.269707], [-71.950445, -47.270322], [-71.949896, -47.27226], [-71.948545, -47.273808], [-71.946388, -47.274305], [-71.945678, -47.275234], [-71.946043, -47.276607], [-71.944696, -47.277405], [-71.94371, -47.279573], [-71.942274, -47.280388], [-71.941321, -47.282519], [-71.937674, -47.286301], [-71.937859, -47.287939], [-71.935857, -47.289415], [-71.933766, -47.289733], [-71.932804, -47.291642], [-71.93101, -47.293081], [-71.931479, -47.294393], [-71.933476, -47.293678], [-71.934074, -47.29407], [-71.926866, -47.303443], [-71.925671, -47.303439], [-71.925765, -47.306398], [-71.922591, -47.3082], [-71.919056, -47.308707], [-71.91858, -47.309257], [-71.918921, -47.310079], [-71.918192, -47.31196], [-71.916364, -47.312754], [-71.916544, -47.317479], [-71.913445, -47.318131], [-71.912952, -47.316711], [-71.913993, -47.314845], [-71.911203, -47.314814], [-71.910141, -47.317065], [-71.912081, -47.317985], [-71.911027, -47.318516], [-71.910019, -47.320106], [-71.910252, -47.320815], [-71.908641, -47.322573], [-71.905371, -47.323954], [-71.904373, -47.323692], [-71.902489, -47.327764], [-71.903435, -47.328169], [-71.905042, -47.330497], [-71.903959, -47.335382], [-71.904245, -47.338877], [-71.903356, -47.339635], [-71.904343, -47.344311], [-71.903955, -47.345064], [-71.90318, -47.345041], [-71.902813, -47.347559], [-71.901732, -47.34768], [-71.902118, -47.348821], [-71.901427, -47.349776], [-71.899622, -47.350736], [-71.900388, -47.351504], [-71.900006, -47.352393], [-71.901163, -47.352976], [-71.899835, -47.353674], [-71.900676, -47.354164], [-71.901045, -47.356575], [-71.902025, -47.356632], [-71.902144, -47.35743], [-71.901133, -47.357536], [-71.903148, -47.358208], [-71.90253, -47.361176], [-71.90398, -47.362487], [-71.904738, -47.361343], [-71.903777, -47.365046], [-71.904838, -47.367457], [-71.903995, -47.367744], [-71.904652, -47.371851], [-71.903858, -47.372979], [-71.904339, -47.376087], [-71.903004, -47.377075], [-71.900863, -47.37665], [-71.900039, -47.377631], [-71.896187, -47.37882], [-71.890013, -47.379023], [-71.888085, -47.381227], [-71.890518, -47.381724], [-71.891541, -47.382914], [-71.890979, -47.384274], [-71.885417, -47.38525], [-71.882722, -47.386572], [-71.881993, -47.388313], [-71.88022, -47.388824], [-71.876808, -47.396392], [-71.875105, -47.397743], [-71.875251, -47.399553], [-71.872105, -47.406083], [-71.871989, -47.408938], [-71.871238, -47.407645], [-71.87035, -47.409641], [-71.869328, -47.409411], [-71.868835, -47.405412], [-71.863925, -47.408825], [-71.86026, -47.409966], [-71.857162, -47.412466], [-71.856274, -47.411441], [-71.856793, -47.410163], [-71.854325, -47.408607], [-71.852731, -47.410607], [-71.848141, -47.412653], [-71.849304, -47.413284], [-71.847776, -47.414232], [-71.846442, -47.413272], [-71.844795, -47.413898], [-71.843789, -47.414937], [-71.841095, -47.420997], [-71.838236, -47.422249], [-71.837069, -47.424967], [-71.834697, -47.426181], [-71.835337, -47.427268], [-71.836315, -47.427553], [-71.835884, -47.428849], [-71.833647, -47.430178], [-71.834875, -47.429856], [-71.833623, -47.431657], [-71.831688, -47.432004], [-71.829859, -47.433413], [-71.827261, -47.437553], [-71.825276, -47.438996], [-71.82949, -47.443381], [-71.835934, -47.447495], [-71.850111, -47.454003], [-71.863831, -47.45893], [-71.867908, -47.457533], [-71.873661, -47.45356], [-71.879448, -47.451302], [-71.903287, -47.446433], [-71.916789, -47.446262], [-71.918255, -47.445138], [-71.91816, -47.444184], [-71.921725, -47.442719], [-71.921938, -47.440906], [-71.923531, -47.439876], [-71.92389, -47.438394], [-71.922861, -47.436947], [-71.922899, -47.435911], [-71.924123, -47.434575], [-71.915888, -47.429748], [-71.914665, -47.426106], [-71.915446, -47.42386], [-71.915069, -47.422543], [-71.912695, -47.421838], [-71.912025, -47.422157], [-71.912084, -47.420683], [-71.902467, -47.431516], [-71.912706, -47.418157], [-71.915414, -47.416467], [-71.919191, -47.412614], [-71.937052, -47.402596], [-71.945517, -47.401538], [-71.955518, -47.401573], [-71.958303, -47.400429], [-71.958224, -47.399486], [-71.959879, -47.39813], [-71.959733, -47.39632], [-71.961476, -47.394517], [-71.961357, -47.393118], [-71.962787, -47.391027], [-71.966138, -47.389373], [-71.967837, -47.385644], [-71.967384, -47.384672], [-71.967836, -47.383486], [-71.970875, -47.381525], [-71.968674, -47.378947], [-71.968582, -47.376495], [-71.964624, -47.373439], [-71.964923, -47.371691], [-71.963099, -47.37112], [-71.960971, -47.373148], [-71.957582, -47.378791], [-71.956399, -47.381447], [-71.956093, -47.384128], [-71.955535, -47.384425], [-71.957649, -47.377754], [-71.960418, -47.372767], [-71.961895, -47.371462], [-71.964169, -47.367554], [-71.965797, -47.366456], [-71.967255, -47.363877], [-71.969895, -47.361275], [-71.97522, -47.35861], [-71.983246, -47.357582], [-71.983836, -47.356392], [-71.983073, -47.353817], [-71.983844, -47.347291], [-71.987581, -47.344167], [-71.988929, -47.34199], [-71.985356, -47.337052], [-71.985985, -47.335982], [-71.98886, -47.332412], [-71.994794, -47.330421], [-71.996334, -47.321899], [-71.999885, -47.31556], [-72.00229, -47.314799], [-72.007346, -47.310726], [-72.011099, -47.310244], [-72.014897, -47.306971], [-72.016292, -47.306823], [-72.020271, -47.304001], [-72.019999, -47.303443], [-72.021295, -47.301965], [-72.022257, -47.299321], [-72.026551, -47.298852], [-72.028049, -47.2967], [-72.026957, -47.295273], [-72.02749, -47.292292], [-72.028564, -47.291926], [-72.034053, -47.293741], [-72.03732, -47.293439], [-72.038725, -47.289989], [-72.038737, -47.288406], [-72.04097, -47.286348], [-72.044026, -47.285023], [-72.044337, -47.28379], [-72.050064, -47.285338], [-72.051545, -47.284504], [-72.054162, -47.284928], [-72.058451, -47.282073], [-72.069015, -47.282856], [-72.06998, -47.279626], [-72.071714, -47.277404], [-72.071864, -47.276324], [-72.075186, -47.274851], [-72.076889, -47.27268], [-72.078708, -47.272683], [-72.080342, -47.271459], [-72.08268, -47.27194], [-72.083235, -47.270674], [-72.084971, -47.270073], [-72.085646, -47.271343], [-72.086885, -47.269932], [-72.087244, -47.270966], [-72.088048, -47.2707], [-72.087743, -47.269464], [-72.088442, -47.267956], [-72.089341, -47.266972], [-72.092038, -47.266262], [-72.093062, -47.264975], [-72.091875, -47.262676], [-72.092097, -47.260933], [-72.089801, -47.259316], [-72.089962, -47.258531], [-72.091438, -47.257787], [-72.091843, -47.256357], [-72.09553, -47.252223], [-72.097769, -47.25088], [-72.107848, -47.248821], [-72.108042, -47.246987], [-72.106795, -47.246237], [-72.105126, -47.243776], [-72.105213, -47.242593], [-72.103719, -47.24171], [-72.10319, -47.240169], [-72.09989, -47.238284], [-72.098389, -47.238253], [-72.098359, -47.237437], [-72.096501, -47.237831], [-72.096654, -47.237174], [-72.097732, -47.236988], [-72.096482, -47.235762], [-72.097253, -47.235593], [-72.097204, -47.233432], [-72.097991, -47.233328], [-72.099185, -47.231813], [-72.100659, -47.232048], [-72.100168, -47.230943], [-72.101557, -47.22956], [-72.102773, -47.229347], [-72.102228, -47.231086], [-72.10521, -47.229751], [-72.107415, -47.226447], [-72.108198, -47.226394], [-72.109154, -47.22431], [-72.113536, -47.220882], [-72.114171, -47.218786], [-72.116929, -47.216774], [-72.117381, -47.214872], [-72.120575, -47.210471], [-72.120166, -47.209924], [-72.12072, -47.208919], [-72.121964, -47.207812], [-72.121861, -47.206119], [-72.123194, -47.203534], [-72.124882, -47.202345], [-72.126157, -47.199204], [-72.127452, -47.197853], [-72.127435, -47.196874], [-72.129229, -47.195003], [-72.128256, -47.19162], [-72.130053, -47.18899], [-72.129497, -47.186635], [-72.131015, -47.183016], [-72.131911, -47.182215], [-72.13239, -47.18261], [-72.135914, -47.181894], [-72.136707, -47.180544], [-72.137169, -47.177388], [-72.139146, -47.174908], [-72.138238, -47.174301], [-72.137304, -47.174648], [-72.13739, -47.174063], [-72.138739, -47.173769], [-72.140349, -47.172234], [-72.143548, -47.172542], [-72.147196, -47.169872], [-72.147996, -47.170321], [-72.150131, -47.169641], [-72.154906, -47.17166], [-72.159763, -47.171749], [-72.16077, -47.172472], [-72.162381, -47.172129], [-72.164475, -47.173119], [-72.165997, -47.174621], [-72.166137, -47.175762], [-72.164291, -47.176433], [-72.161183, -47.175498], [-72.160248, -47.175928], [-72.160302, -47.177079], [-72.162207, -47.177177], [-72.166727, -47.178969], [-72.167834, -47.17878], [-72.168092, -47.180054], [-72.16892, -47.180171], [-72.170181, -47.181685], [-72.173123, -47.186749], [-72.175752, -47.188269], [-72.178732, -47.192487], [-72.184115, -47.1953], [-72.185728, -47.197016], [-72.186784, -47.19694], [-72.18582, -47.194961], [-72.186277, -47.194411], [-72.188547, -47.195953], [-72.19195, -47.197067], [-72.193431, -47.195733], [-72.195437, -47.196322], [-72.197138, -47.196017], [-72.197273, -47.194935], [-72.198309, -47.195811], [-72.19986, -47.194046], [-72.201906, -47.194105], [-72.208267, -47.19635], [-72.223236, -47.206596], [-72.223831, -47.206195], [-72.224869, -47.206601], [-72.225843, -47.208177], [-72.224885, -47.208059], [-72.226031, -47.208644], [-72.22521, -47.208485], [-72.225548, -47.20948], [-72.221788, -47.210643], [-72.221989, -47.211289], [-72.220972, -47.211484], [-72.220996, -47.212217], [-72.225146, -47.213707], [-72.225688, -47.214622], [-72.224767, -47.21499], [-72.225626, -47.216424], [-72.228024, -47.215841], [-72.230526, -47.2182], [-72.231038, -47.21795], [-72.232318, -47.219005], [-72.235244, -47.222558], [-72.236293, -47.222363], [-72.237264, -47.220825], [-72.239686, -47.221153], [-72.240834, -47.222186], [-72.241936, -47.221807], [-72.246803, -47.222528], [-72.24664, -47.224403], [-72.244755, -47.224334], [-72.244601, -47.225269], [-72.24472, -47.22605], [-72.245667, -47.226026], [-72.247418, -47.227902], [-72.245385, -47.230255], [-72.243674, -47.231007], [-72.245075, -47.231581], [-72.245001, -47.232585], [-72.247056, -47.236477], [-72.24865, -47.23663], [-72.248514, -47.238283], [-72.250202, -47.238972], [-72.253169, -47.239111], [-72.254069, -47.238295], [-72.252978, -47.237098], [-72.257385, -47.236366], [-72.257649, -47.235741], [-72.259403, -47.235404], [-72.260859, -47.237843], [-72.260795, -47.238549], [-72.259702, -47.238687], [-72.260094, -47.239616], [-72.261823, -47.239695], [-72.262252, -47.23827], [-72.266743, -47.237314], [-72.272715, -47.241423], [-72.278957, -47.241873], [-72.282435, -47.241032], [-72.287199, -47.241543], [-72.289001, -47.240547], [-72.288432, -47.239125], [-72.290375, -47.239741], [-72.292556, -47.238893], [-72.292556, -47.233909], [-72.297082, -47.231168], [-72.305645, -47.231417], [-72.307848, -47.234989], [-72.313108, -47.238145], [-72.315922, -47.236567], [-72.316533, -47.231998], [-72.318582, -47.240966], [-72.316927, -47.241095], [-72.315573, -47.2418], [-72.31583, -47.242344], [-72.319008, -47.242732], [-72.320492, -47.245002], [-72.323034, -47.245111], [-72.323873, -47.244623], [-72.323506, -47.243212], [-72.325586, -47.23964], [-72.330602, -47.237481], [-72.32999, -47.233244], [-72.333538, -47.231001], [-72.332437, -47.228426], [-72.332437, -47.221364], [-72.33158, -47.219287], [-72.335274, -47.213629], [-72.337152, -47.214299], [-72.341902, -47.214057], [-72.342903, -47.214942], [-72.344842, -47.214995], [-72.346264, -47.215823], [-72.348667, -47.215597], [-72.351907, -47.217462], [-72.356279, -47.217244], [-72.360125, -47.218289], [-72.361987, -47.219612], [-72.364148, -47.220158], [-72.365897, -47.22229], [-72.372083, -47.22625], [-72.375875, -47.227481], [-72.37941, -47.229492], [-72.386395, -47.230818], [-72.388111, -47.23222], [-72.394007, -47.230913], [-72.402263, -47.231583], [-72.405487, -47.23035], [-72.408754, -47.230545], [-72.41083, -47.231956], [-72.413075, -47.232126], [-72.414086, -47.234883], [-72.424949, -47.237669], [-72.426462, -47.239649], [-72.42485, -47.240676], [-72.425236, -47.240946], [-72.421757, -47.241767], [-72.42268, -47.243081]], [[-72.358065, -47.209163], [-72.358065, -47.209163]], [[-72.356909, -47.208657], [-72.356349, -47.208274], [-72.356909, -47.208657]], [[-71.966126, -47.259958], [-71.966472, -47.259413], [-71.966922, -47.259732], [-71.966367, -47.260684], [-71.966126, -47.259958]], [[-71.968477, -47.272048], [-71.969313, -47.271678], [-71.969779, -47.272794], [-71.967746, -47.273043], [-71.968477, -47.272048]], [[-71.847956, -47.41578], [-71.847636, -47.415188], [-71.849804, -47.414703], [-71.849003, -47.416366], [-71.847956, -47.41578]], [[-71.846317, -47.416413], [-71.847261, -47.416577], [-71.847479, -47.417745], [-71.8448, -47.420399], [-71.844162, -47.420323], [-71.843734, -47.419891], [-71.844816, -47.418947], [-71.844227, -47.417265], [-71.846317, -47.416413]], [[-72.42116, -47.22633], [-72.420715, -47.225628], [-72.4211, -47.225357], [-72.422526, -47.225875], [-72.422816, -47.227299], [-72.424486, -47.227688], [-72.424311, -47.228319], [-72.421992, -47.227548], [-72.42116, -47.22633]], [[-72.009291, -47.274385], [-72.010865, -47.273018], [-72.011938, -47.272996], [-72.009291, -47.274385]], [[-72.408147, -47.229246], [-72.408955, -47.228712], [-72.408597, -47.227687], [-72.406955, -47.227855], [-72.408147, -47.229246]], [[-72.408462, -47.22709], [-72.409578, -47.226805], [-72.410075, -47.22596], [-72.410931, -47.226835], [-72.411366, -47.225681], [-72.409539, -47.225038], [-72.409283, -47.225729], [-72.407541, -47.224714], [-72.406884, -47.226313], [-72.408462, -47.22709]], [[-72.438477, -47.225416], [-72.439923, -47.22669], [-72.442815, -47.227008], [-72.449029, -47.229556], [-72.449068, -47.231706], [-72.440978, -47.232263], [-72.438242, -47.230883], [-72.436406, -47.231361], [-72.432966, -47.230963], [-72.430309, -47.229238], [-72.430035, -47.225575], [-72.432263, -47.224514], [-72.434178, -47.224275], [-72.438477, -47.225416]], [[-72.120857, -47.17175], [-72.120764, -47.174043], [-72.119388, -47.176112], [-72.119878, -47.177992], [-72.119071, -47.178442], [-72.118965, -47.179287], [-72.119706, -47.180492], [-72.119494, -47.181544], [-72.118369, -47.182084], [-72.118356, -47.183199], [-72.109941, -47.179728], [-72.109054, -47.177407], [-72.109465, -47.174646], [-72.110497, -47.173126], [-72.116345, -47.171084], [-72.119984, -47.170751], [-72.120857, -47.17175]], [[-72.068422, -47.254352], [-72.07083, -47.251416], [-72.072721, -47.25066], [-72.077149, -47.250608], [-72.078522, -47.25284], [-72.074715, -47.255881], [-72.074197, -47.257709], [-72.072384, -47.259414], [-72.071918, -47.261365], [-72.064227, -47.264721], [-72.062906, -47.264686], [-72.062725, -47.264247], [-72.065884, -47.262859], [-72.066557, -47.25959], [-72.065962, -47.258166], [-72.063035, -47.257428], [-72.06288, -47.256391], [-72.066065, -47.254914], [-72.068085, -47.254949], [-72.068422, -47.254352]], [[-72.032528, -47.282652], [-72.034433, -47.282801], [-72.035861, -47.283584], [-72.035733, -47.284093], [-72.034781, -47.285149], [-72.031851, -47.284677], [-72.029415, -47.283708], [-72.028903, -47.282267], [-72.032199, -47.281373], [-72.031723, -47.281733], [-72.032528, -47.282652]]]]}}, {"type": "Feature", "properties": {"id": "lago-bertrand", "name": "Lago Bertrand", "type": "lake", "region": "aysen", "season": "2026-2027", "opens": "2026-10-12", "closes": "2027-05-06", "cat": "oct", "rule_level": "region", "phases": [{"s": "2026-10-12", "e": "2026-11-09", "mode": "catch_and_release", "label": "Pesca con devolución obligatoria"}, {"s": "2026-10-12", "e": "2027-01-15", "mode": "retention", "label": "Pesca con retención: 2 ejemplares sin límite de peso (salmon chinook)"}, {"s": "2026-11-10", "e": "2027-04-01", "mode": "retention", "label": "Pesca con retención: 3 ejemplares o hasta 15 kilos"}, {"s": "2027-04-02", "e": "2027-05-06", "mode": "catch_and_release", "label": "Pesca con devolución obligatoria"}], "veda": ["Prohibida cualquier actividad de pesca del 07 de mayo al 11 de octubre (años 2025-2027).", "Veda biológica del chinook: 16 de enero al 11 de octubre (años 2025-2027)."], "gear": ["Señuelos artificiales. Chinguillo."], "prohibitions": ["Prohibida la extracción (incluso con devolución) todo el año en zonas de protección de desove: desagüe lago Pollux, desagüe lago Frío, Pozón Ibáñez (río Claro) y otras (coordenadas en Res. Ex. 3004-2024 y 893-2025)."], "sources": [{"doc": "Res. Ex. N° 3004, 31 dic 2024 (mod. Res. Ex. N° 893, 08 abr 2025), DZ Pesca y Acuicultura Aysén", "url": null}, {"doc": "Res. Ex. N° 3004, 31 dic 2024 (mod. Res. Ex. N° 893, 08 abr 2025), DZ Aysén", "url": null}]}, "geometry": {"type": "MultiPolygon", "coordinates": [[[[-72.87875, -46.97825], [-72.875096, -46.977161], [-72.8745, -46.97625], [-72.87125, -46.9765], [-72.8645, -46.9785], [-72.85975, -46.98325], [-72.8565, -46.9835], [-72.85525, -46.983], [-72.8515, -46.98525], [-72.8495, -46.991], [-72.8475, -46.99275], [-72.84775, -46.994], [-72.847, -46.99625], [-72.84425, -47.0005], [-72.84275, -47.0015], [-72.842, -47.004], [-72.8405, -47.0055], [-72.841, -47.00625], [-72.8405, -47.00775], [-72.83875, -47.009], [-72.8385, -47.013], [-72.836097, -47.017442], [-72.833294, -47.018989], [-72.830336, -47.018197], [-72.830265, -47.016749], [-72.831381, -47.015974], [-72.83575, -47.0095], [-72.8355, -47.00825], [-72.837077, -47.002834], [-72.838707, -47.0018], [-72.84, -46.99725], [-72.8395, -46.996], [-72.84025, -46.9955], [-72.841, -46.993], [-72.84125, -46.98775], [-72.84225, -46.9875], [-72.84225, -46.9855], [-72.843, -46.98475], [-72.84225, -46.98025], [-72.8405, -46.9785], [-72.8405, -46.97625], [-72.841, -46.976], [-72.83975, -46.9755], [-72.8395, -46.974], [-72.83725, -46.97225], [-72.83825, -46.9705], [-72.8355, -46.96825], [-72.8305, -46.96675], [-72.82975, -46.965], [-72.8275, -46.963], [-72.826, -46.96275], [-72.824, -46.961], [-72.81975, -46.959], [-72.81525, -46.959], [-72.812, -46.95775], [-72.810249, -46.959084], [-72.80886, -46.95931], [-72.807184, -46.958689], [-72.807611, -46.957443], [-72.806516, -46.956774], [-72.806503, -46.95799], [-72.804604, -46.957746], [-72.802974, -46.955926], [-72.803207, -46.954959], [-72.800494, -46.951182], [-72.798062, -46.949422], [-72.797854, -46.947732], [-72.795477, -46.947001], [-72.789716, -46.946999], [-72.787, -46.94325], [-72.78675, -46.94225], [-72.78775, -46.9405], [-72.7865, -46.93775], [-72.7875, -46.9355], [-72.78925, -46.93425], [-72.7915, -46.93], [-72.79225, -46.92975], [-72.79275, -46.93325], [-72.792, -46.93775], [-72.79275, -46.9385], [-72.79575, -46.94075], [-72.79875, -46.94125], [-72.7995, -46.9405], [-72.80125, -46.94225], [-72.80375, -46.9415], [-72.8065, -46.942], [-72.8085, -46.94125], [-72.81175, -46.94175], [-72.812, -46.94525], [-72.8115, -46.946], [-72.8125, -46.94725], [-72.81275, -46.95], [-72.8175, -46.95425], [-72.822, -46.9555], [-72.82425, -46.953], [-72.82375, -46.95225], [-72.8245, -46.95175], [-72.82475, -46.949], [-72.82775, -46.94925], [-72.82575, -46.94875], [-72.8265, -46.9465], [-72.82575, -46.94575], [-72.8285, -46.94325], [-72.82925, -46.941], [-72.82925, -46.93875], [-72.82825, -46.93575], [-72.82925, -46.93525], [-72.832, -46.9365], [-72.83225, -46.9375], [-72.83425, -46.9375], [-72.83525, -46.9365], [-72.835, -46.935], [-72.836, -46.93325], [-72.8345, -46.93175], [-72.834, -46.93], [-72.83275, -46.92925], [-72.82975, -46.92975], [-72.8295, -46.92925], [-72.8305, -46.92675], [-72.833, -46.92425], [-72.8335, -46.923], [-72.83275, -46.92275], [-72.834, -46.922], [-72.83375, -46.921], [-72.83525, -46.91825], [-72.83375, -46.9155], [-72.836, -46.90825], [-72.83725, -46.90775], [-72.8365, -46.90675], [-72.83675, -46.9055], [-72.83925, -46.90225], [-72.8385, -46.8995], [-72.83975, -46.89875], [-72.83875, -46.89775], [-72.8385, -46.89525], [-72.84125, -46.891], [-72.842, -46.88825], [-72.842, -46.88725], [-72.841, -46.887], [-72.84025, -46.88575], [-72.84075, -46.88375], [-72.84175, -46.883], [-72.841, -46.8825], [-72.8415, -46.8815], [-72.83825, -46.87925], [-72.83775, -46.87725], [-72.83625, -46.87675], [-72.83475, -46.87475], [-72.835, -46.87425], [-72.83175, -46.8715], [-72.831, -46.8695], [-72.8315, -46.8685], [-72.82875, -46.866], [-72.82875, -46.865], [-72.8245, -46.86175], [-72.823, -46.86175], [-72.82275, -46.86025], [-72.8205, -46.85925], [-72.82, -46.85725], [-72.819, -46.85675], [-72.8175, -46.8575], [-72.81625, -46.857], [-72.8165, -46.856], [-72.8155, -46.8555], [-72.81475, -46.85375], [-72.81275, -46.85275], [-72.8115, -46.853], [-72.811, -46.851], [-72.81175, -46.84975], [-72.80825, -46.84775], [-72.804427, -46.847383], [-72.802664, -46.845766], [-72.802875, -46.84476], [-72.807372, -46.847], [-72.811831, -46.846324], [-72.812217, -46.845157], [-72.812893, -46.844992], [-72.8215, -46.8515], [-72.828, -46.85425], [-72.8295, -46.85325], [-72.8305, -46.85375], [-72.832, -46.85275], [-72.8325, -46.85125], [-72.834, -46.851], [-72.839, -46.8525], [-72.841, -46.8525], [-72.84225, -46.85425], [-72.8455, -46.85625], [-72.84475, -46.8615], [-72.847, -46.86125], [-72.849, -46.8655], [-72.85175, -46.8655], [-72.85225, -46.86425], [-72.8565, -46.865], [-72.857, -46.86675], [-72.858, -46.86775], [-72.8595, -46.868], [-72.86075, -46.87], [-72.864, -46.87075], [-72.86675, -46.87275], [-72.86825, -46.87275], [-72.869, -46.87425], [-72.8715, -46.876], [-72.87225, -46.87925], [-72.874, -46.88025], [-72.87425, -46.8825], [-72.8775, -46.88625], [-72.878, -46.888], [-72.87875, -46.88825], [-72.87875, -46.891], [-72.8795, -46.89325], [-72.8755, -46.89525], [-72.875, -46.8975], [-72.874, -46.8985], [-72.8745, -46.901], [-72.877, -46.903], [-72.88075, -46.90425], [-72.882, -46.904], [-72.88275, -46.90475], [-72.88275, -46.906], [-72.8815, -46.90725], [-72.881, -46.91], [-72.879324, -46.911236], [-72.878, -46.9135], [-72.87875, -46.91475], [-72.87825, -46.916], [-72.877, -46.9165], [-72.87725, -46.917], [-72.8755, -46.919], [-72.8755, -46.926], [-72.877, -46.9305], [-72.876, -46.93125], [-72.87625, -46.93325], [-72.8775, -46.9385], [-72.8785, -46.939], [-72.8795, -46.9435], [-72.8805, -46.94525], [-72.88, -46.946], [-72.8815, -46.94825], [-72.88175, -46.95525], [-72.88275, -46.95775], [-72.88225, -46.959], [-72.886, -46.9615], [-72.8915, -46.96775], [-72.8895, -46.9705], [-72.89, -46.97175], [-72.88825, -46.9735], [-72.8895, -46.97725], [-72.88725, -46.97825], [-72.88075, -46.9775], [-72.87875, -46.97825]], [[-72.831345, -46.946092], [-72.831345, -46.946092]], [[-72.830079, -46.943708], [-72.829499, -46.94376], [-72.828856, -46.946045], [-72.830363, -46.947517], [-72.831061, -46.946803], [-72.831173, -46.945298], [-72.830079, -46.943708]]]]}}, {"type": "Feature", "properties": {"id": "lago-elizalde", "name": "Lago Elizalde", "type": "lake", "region": "aysen", "season": "2026-2027", "opens": "2026-10-12", "closes": "2027-05-06", "cat": "oct", "rule_level": "region", "phases": [{"s": "2026-10-12", "e": "2026-11-09", "mode": "catch_and_release", "label": "Pesca con devolución obligatoria"}, {"s": "2026-10-12", "e": "2027-01-15", "mode": "retention", "label": "Pesca con retención: 2 ejemplares sin límite de peso (salmon chinook)"}, {"s": "2026-11-10", "e": "2027-04-01", "mode": "retention", "label": "Pesca con retención: 3 ejemplares o hasta 15 kilos"}, {"s": "2027-04-02", "e": "2027-05-06", "mode": "catch_and_release", "label": "Pesca con devolución obligatoria"}], "veda": ["Prohibida cualquier actividad de pesca del 07 de mayo al 11 de octubre (años 2025-2027).", "Veda biológica del chinook: 16 de enero al 11 de octubre (años 2025-2027)."], "gear": ["Señuelos artificiales. Chinguillo."], "prohibitions": ["Prohibida la extracción (incluso con devolución) todo el año en zonas de protección de desove: desagüe lago Pollux, desagüe lago Frío, Pozón Ibáñez (río Claro) y otras (coordenadas en Res. Ex. 3004-2024 y 893-2025)."], "sources": [{"doc": "Res. Ex. N° 3004, 31 dic 2024 (mod. Res. Ex. N° 893, 08 abr 2025), DZ Pesca y Acuicultura Aysén", "url": null}, {"doc": "Res. Ex. N° 3004, 31 dic 2024 (mod. Res. Ex. N° 893, 08 abr 2025), DZ Aysén", "url": null}]}, "geometry": {"type": "MultiPolygon", "coordinates": [[[[-72.413429, -45.787607], [-72.414759, -45.78753], [-72.416453, -45.785802], [-72.416753, -45.783709], [-72.42439, -45.785752], [-72.436645, -45.78678], [-72.439764, -45.783352], [-72.439713, -45.780849], [-72.438393, -45.77905], [-72.435234, -45.777563], [-72.430002, -45.77843], [-72.428293, -45.777353], [-72.423447, -45.776102], [-72.419077, -45.776307], [-72.416986, -45.77785], [-72.41582, -45.781175], [-72.414415, -45.781415], [-72.413815, -45.780867], [-72.41354, -45.77773], [-72.410198, -45.775485], [-72.408364, -45.775365], [-72.40713, -45.774062], [-72.401217, -45.775605], [-72.39736, -45.77473], [-72.396726, -45.773016], [-72.394258, -45.772005], [-72.393452, -45.769486], [-72.394035, -45.76904], [-72.391207, -45.766435], [-72.390007, -45.766401], [-72.389305, -45.765595], [-72.385722, -45.764481], [-72.382774, -45.764515], [-72.382037, -45.763418], [-72.38094, -45.763213], [-72.372542, -45.763332], [-72.368137, -45.76131], [-72.365103, -45.760796], [-72.364418, -45.759836], [-72.360784, -45.760419], [-72.360355, -45.759219], [-72.359139, -45.760025], [-72.357167, -45.759476], [-72.354236, -45.759785], [-72.353431, -45.758996], [-72.349043, -45.757916], [-72.345769, -45.755602], [-72.34385, -45.756682], [-72.339088, -45.755297], [-72.338845, -45.753648], [-72.334253, -45.751965], [-72.331785, -45.752968], [-72.32891, -45.75323], [-72.325873, -45.751561], [-72.321099, -45.751332], [-72.318782, -45.75216], [-72.317559, -45.75146], [-72.31404, -45.753204], [-72.313042, -45.754424], [-72.309346, -45.754843], [-72.308047, -45.754525], [-72.308289, -45.753118], [-72.306958, -45.752972], [-72.302409, -45.756243], [-72.300339, -45.756468], [-72.298365, -45.757531], [-72.295382, -45.756386], [-72.28842, -45.756225], [-72.282743, -45.758287], [-72.280598, -45.76054], [-72.276285, -45.763055], [-72.272648, -45.763601], [-72.267401, -45.765614], [-72.263635, -45.765435], [-72.253969, -45.768197], [-72.249785, -45.770958], [-72.247274, -45.774887], [-72.244334, -45.77785], [-72.23875, -45.780072], [-72.235048, -45.779433], [-72.227812, -45.779897], [-72.225972, -45.780686], [-72.220629, -45.779526], [-72.214449, -45.779511], [-72.206628, -45.781685], [-72.207068, -45.782601], [-72.206124, -45.782979], [-72.199761, -45.782254], [-72.196446, -45.778961], [-72.197508, -45.777854], [-72.196173, -45.772881], [-72.194778, -45.772829], [-72.193801, -45.771673], [-72.183641, -45.766638], [-72.181115, -45.76792], [-72.179741, -45.76719], [-72.178593, -45.768367], [-72.177239, -45.767544], [-72.174822, -45.767867], [-72.171467, -45.770058], [-72.170485, -45.772696], [-72.170563, -45.773385], [-72.173612, -45.774939], [-72.175407, -45.774849], [-72.176093, -45.776376], [-72.180728, -45.776353], [-72.183743, -45.778931], [-72.186946, -45.779448], [-72.18664, -45.780555], [-72.187396, -45.781524], [-72.185192, -45.782463], [-72.18487, -45.783948], [-72.185084, -45.785673], [-72.186179, -45.786099], [-72.190674, -45.785991], [-72.1965, -45.787005], [-72.198919, -45.788426], [-72.20328, -45.788486], [-72.204997, -45.788366], [-72.206107, -45.787139], [-72.216225, -45.786503], [-72.218564, -45.787394], [-72.218574, -45.788534], [-72.227378, -45.790482], [-72.235714, -45.788682], [-72.241645, -45.789711], [-72.244815, -45.788768], [-72.251808, -45.782272], [-72.256265, -45.778947], [-72.259693, -45.777302], [-72.265777, -45.777044], [-72.271605, -45.778278], [-72.272993, -45.77749], [-72.27781, -45.777747], [-72.278513, -45.77713], [-72.282866, -45.776685], [-72.28386, -45.775073], [-72.290236, -45.772674], [-72.290922, -45.770086], [-72.292104, -45.76844], [-72.294341, -45.768354], [-72.297651, -45.769319], [-72.302238, -45.769166], [-72.3036, -45.767298], [-72.303537, -45.766263], [-72.314026, -45.76335], [-72.326898, -45.76251], [-72.331578, -45.763264], [-72.339376, -45.766675], [-72.347466, -45.768526], [-72.34918, -45.767737], [-72.351631, -45.768954], [-72.362464, -45.769006], [-72.369697, -45.772708], [-72.372816, -45.773891], [-72.377718, -45.774593], [-72.380546, -45.775896], [-72.382414, -45.77893], [-72.385722, -45.780318], [-72.386699, -45.782032], [-72.39095, -45.784929], [-72.393298, -45.784466], [-72.394875, -45.785614], [-72.39467, -45.786334], [-72.396692, -45.785871], [-72.405382, -45.786036], [-72.413429, -45.787607]]]]}}, {"type": "Feature", "properties": {"id": "lago-la-paloma", "name": "Lago La Paloma", "type": "lake", "region": "aysen", "season": "2026-2027", "opens": "2026-10-12", "closes": "2027-05-06", "cat": "oct", "rule_level": "region", "phases": [{"s": "2026-10-12", "e": "2026-11-09", "mode": "catch_and_release", "label": "Pesca con devolución obligatoria"}, {"s": "2026-10-12", "e": "2027-01-15", "mode": "retention", "label": "Pesca con retención: 2 ejemplares sin límite de peso (salmon chinook)"}, {"s": "2026-11-10", "e": "2027-04-01", "mode": "retention", "label": "Pesca con retención: 3 ejemplares o hasta 15 kilos"}, {"s": "2027-04-02", "e": "2027-05-06", "mode": "catch_and_release", "label": "Pesca con devolución obligatoria"}], "veda": ["Prohibida cualquier actividad de pesca del 07 de mayo al 11 de octubre (años 2025-2027).", "Veda biológica del chinook: 16 de enero al 11 de octubre (años 2025-2027)."], "gear": ["Señuelos artificiales. Chinguillo."], "prohibitions": ["Prohibida la extracción (incluso con devolución) todo el año en zonas de protección de desove: desagüe lago Pollux, desagüe lago Frío, Pozón Ibáñez (río Claro) y otras (coordenadas en Res. Ex. 3004-2024 y 893-2025)."], "sources": [{"doc": "Res. Ex. N° 3004, 31 dic 2024 (mod. Res. Ex. N° 893, 08 abr 2025), DZ Pesca y Acuicultura Aysén", "url": null}, {"doc": "Res. Ex. N° 3004, 31 dic 2024 (mod. Res. Ex. N° 893, 08 abr 2025), DZ Aysén", "url": null}]}, "geometry": {"type": "MultiPolygon", "coordinates": [[[[-72.087886, -45.90592], [-72.088305, -45.907812], [-72.090601, -45.908361], [-72.091185, -45.909178], [-72.093465, -45.909495], [-72.094249, -45.910615], [-72.098053, -45.912431], [-72.097743, -45.913844], [-72.099087, -45.913653], [-72.103786, -45.916378], [-72.109178, -45.917154], [-72.112128, -45.91908], [-72.112037, -45.920203], [-72.114024, -45.920075], [-72.116197, -45.921532], [-72.120349, -45.920955], [-72.123144, -45.923138], [-72.125545, -45.922923], [-72.126847, -45.924038], [-72.129436, -45.924239], [-72.131322, -45.92336], [-72.135536, -45.924078], [-72.138993, -45.923696], [-72.141265, -45.921235], [-72.141823, -45.919757], [-72.147233, -45.917257], [-72.147577, -45.916218], [-72.142164, -45.914206], [-72.14084, -45.914808], [-72.137798, -45.914777], [-72.136439, -45.913883], [-72.12914, -45.913049], [-72.126464, -45.911777], [-72.124732, -45.911547], [-72.123578, -45.912329], [-72.117473, -45.911192], [-72.112752, -45.909288], [-72.110143, -45.905911], [-72.10547, -45.904295], [-72.10067, -45.901246], [-72.099146, -45.902071], [-72.098068, -45.901739], [-72.094887, -45.898648], [-72.095134, -45.897759], [-72.09273, -45.894545], [-72.090837, -45.894541], [-72.089136, -45.893686], [-72.089549, -45.891677], [-72.085628, -45.887562], [-72.083375, -45.887051], [-72.082903, -45.885064], [-72.079598, -45.884971], [-72.07808, -45.884191], [-72.077603, -45.882297], [-72.078005, -45.880721], [-72.077271, -45.880017], [-72.071428, -45.876419], [-72.068969, -45.876796], [-72.067628, -45.878238], [-72.069181, -45.88071], [-72.071001, -45.886277], [-72.072278, -45.887025], [-72.0785, -45.894416], [-72.078449, -45.896193], [-72.083098, -45.899111], [-72.083107, -45.900965], [-72.085592, -45.902428], [-72.086109, -45.904111], [-72.087886, -45.90592]]]]}}, {"type": "Feature", "properties": {"id": "lago-pollux", "name": "Lago Pollux", "type": "lake", "region": "aysen", "season": "2026-2027", "opens": "2026-10-12", "closes": "2027-05-06", "cat": "oct", "rule_level": "region", "phases": [{"s": "2026-10-12", "e": "2026-11-09", "mode": "catch_and_release", "label": "Pesca con devolución obligatoria"}, {"s": "2026-10-12", "e": "2027-01-15", "mode": "retention", "label": "Pesca con retención: 2 ejemplares sin límite de peso (salmon chinook)"}, {"s": "2026-11-10", "e": "2027-04-01", "mode": "retention", "label": "Pesca con retención: 3 ejemplares o hasta 15 kilos"}, {"s": "2027-04-02", "e": "2027-05-06", "mode": "catch_and_release", "label": "Pesca con devolución obligatoria"}], "veda": ["Prohibida cualquier actividad de pesca del 07 de mayo al 11 de octubre (años 2025-2027).", "Veda biológica del chinook: 16 de enero al 11 de octubre (años 2025-2027)."], "gear": ["Señuelos artificiales. Chinguillo."], "prohibitions": ["Prohibida la extracción (incluso con devolución) todo el año en zonas de protección de desove: desagüe lago Pollux, desagüe lago Frío, Pozón Ibáñez (río Claro) y otras (coordenadas en Res. Ex. 3004-2024 y 893-2025)."], "sources": [{"doc": "Res. Ex. N° 3004, 31 dic 2024 (mod. Res. Ex. N° 893, 08 abr 2025), DZ Pesca y Acuicultura Aysén", "url": null}, {"doc": "Res. Ex. N° 3004, 31 dic 2024 (mod. Res. Ex. N° 893, 08 abr 2025), DZ Aysén", "url": null}]}, "geometry": {"type": "MultiPolygon", "coordinates": [[[[-71.883405, -45.711751], [-71.883575, -45.71117], [-71.885433, -45.712409], [-71.887085, -45.712057], [-71.886993, -45.710472], [-71.887812, -45.709519], [-71.887219, -45.707254], [-71.890009, -45.703863], [-71.888217, -45.702497], [-71.88599, -45.702204], [-71.889519, -45.701147], [-71.889309, -45.700638], [-71.890831, -45.699079], [-71.889904, -45.698104], [-71.889923, -45.696219], [-71.886096, -45.6947], [-71.886449, -45.692123], [-71.884148, -45.691612], [-71.884605, -45.690663], [-71.883564, -45.689257], [-71.881282, -45.688347], [-71.87967, -45.686792], [-71.881227, -45.684192], [-71.876968, -45.681831], [-71.87552, -45.68031], [-71.870601, -45.679189], [-71.869361, -45.678357], [-71.869356, -45.676011], [-71.870965, -45.675246], [-71.871663, -45.674054], [-71.874139, -45.673619], [-71.874819, -45.67226], [-71.874381, -45.670854], [-71.870831, -45.669595], [-71.867993, -45.670489], [-71.864916, -45.669223], [-71.862809, -45.667842], [-71.858899, -45.663332], [-71.860542, -45.658932], [-71.859848, -45.657727], [-71.852655, -45.6532], [-71.848949, -45.652396], [-71.848, -45.650228], [-71.841853, -45.647112], [-71.8363, -45.642567], [-71.833978, -45.641779], [-71.831633, -45.639829], [-71.826494, -45.638164], [-71.82467, -45.639101], [-71.824059, -45.640313], [-71.824762, -45.641843], [-71.82746, -45.643362], [-71.829592, -45.646055], [-71.83431, -45.649572], [-71.834928, -45.652287], [-71.834192, -45.655321], [-71.834834, -45.656616], [-71.836499, -45.657428], [-71.835546, -45.659196], [-71.836126, -45.661321], [-71.83835, -45.662283], [-71.840007, -45.662122], [-71.84108, -45.661151], [-71.840769, -45.660153], [-71.842827, -45.65937], [-71.845259, -45.660427], [-71.846024, -45.661771], [-71.842676, -45.661693], [-71.842228, -45.663008], [-71.84535, -45.664637], [-71.846187, -45.665886], [-71.848687, -45.666797], [-71.850747, -45.668757], [-71.850296, -45.671243], [-71.850677, -45.672866], [-71.849132, -45.672682], [-71.847491, -45.673591], [-71.846999, -45.67593], [-71.84739, -45.676683], [-71.84934, -45.676924], [-71.851499, -45.679254], [-71.858934, -45.68106], [-71.861454, -45.68224], [-71.863965, -45.684706], [-71.865397, -45.684458], [-71.866084, -45.683297], [-71.868789, -45.683129], [-71.874157, -45.687265], [-71.876636, -45.692365], [-71.87692, -45.694885], [-71.87615, -45.697849], [-71.877773, -45.701242], [-71.880056, -45.701314], [-71.878377, -45.702389], [-71.878471, -45.703531], [-71.880278, -45.704546], [-71.878229, -45.704816], [-71.878127, -45.705527], [-71.879221, -45.706071], [-71.878079, -45.706531], [-71.878138, -45.70815], [-71.880273, -45.711439], [-71.882032, -45.712054], [-71.883405, -45.711751]], [[-71.880605, -45.698499], [-71.880546, -45.697866], [-71.879205, -45.698383], [-71.880605, -45.698499]]]]}}, {"type": "Feature", "properties": {"id": "lago-frio", "name": "Lago Frío", "type": "lake", "region": "aysen", "season": "2026-2027", "opens": "2026-10-12", "closes": "2027-05-06", "cat": "oct", "rule_level": "region", "phases": [{"s": "2026-10-12", "e": "2026-11-09", "mode": "catch_and_release", "label": "Pesca con devolución obligatoria"}, {"s": "2026-10-12", "e": "2027-01-15", "mode": "retention", "label": "Pesca con retención: 2 ejemplares sin límite de peso (salmon chinook)"}, {"s": "2026-11-10", "e": "2027-04-01", "mode": "retention", "label": "Pesca con retención: 3 ejemplares o hasta 15 kilos"}, {"s": "2027-04-02", "e": "2027-05-06", "mode": "catch_and_release", "label": "Pesca con devolución obligatoria"}], "veda": ["Prohibida cualquier actividad de pesca del 07 de mayo al 11 de octubre (años 2025-2027).", "Veda biológica del chinook: 16 de enero al 11 de octubre (años 2025-2027)."], "gear": ["Señuelos artificiales. Chinguillo."], "prohibitions": ["Prohibida la extracción (incluso con devolución) todo el año en zonas de protección de desove: desagüe lago Pollux, desagüe lago Frío, Pozón Ibáñez (río Claro) y otras (coordenadas en Res. Ex. 3004-2024 y 893-2025)."], "sources": [{"doc": "Res. Ex. N° 3004, 31 dic 2024 (mod. Res. Ex. N° 893, 08 abr 2025), DZ Pesca y Acuicultura Aysén", "url": null}, {"doc": "Res. Ex. N° 3004, 31 dic 2024 (mod. Res. Ex. N° 893, 08 abr 2025), DZ Aysén", "url": null}]}, "geometry": {"type": "MultiPolygon", "coordinates": [[[[-71.959012, -45.662454], [-71.954597, -45.66039], [-71.942351, -45.659604], [-71.938514, -45.657644], [-71.938533, -45.656611], [-71.936905, -45.653744], [-71.934896, -45.652765], [-71.935564, -45.653525], [-71.932785, -45.653414], [-71.932543, -45.652561], [-71.930689, -45.653771], [-71.931742, -45.654771], [-71.931243, -45.655114], [-71.927589, -45.653674], [-71.923994, -45.654752], [-71.921978, -45.657945], [-71.921547, -45.659962], [-71.923808, -45.663218], [-71.927077, -45.663595], [-71.932404, -45.662993], [-71.933756, -45.664653], [-71.933903, -45.665951], [-71.933182, -45.667822], [-71.931353, -45.668591], [-71.931063, -45.66973], [-71.931991, -45.671068], [-71.936148, -45.672592], [-71.937184, -45.672116], [-71.939611, -45.672506], [-71.943119, -45.67483], [-71.950801, -45.672142], [-71.952628, -45.672838], [-71.95461, -45.672592], [-71.955688, -45.67379], [-71.959535, -45.672735], [-71.961232, -45.670307], [-71.961198, -45.669164], [-71.955678, -45.666251], [-71.956418, -45.664681], [-71.958047, -45.663913], [-71.959012, -45.662454]], [[-71.955743, -45.673363], [-71.954977, -45.673094], [-71.955743, -45.673363]]]]}}, {"type": "Feature", "properties": {"id": "lago-riesco", "name": "Lago Riesco", "type": "lake", "region": "aysen", "season": "2026-2027", "opens": "2026-10-12", "closes": "2027-05-06", "cat": "oct", "rule_level": "region", "phases": [{"s": "2026-10-12", "e": "2026-11-09", "mode": "catch_and_release", "label": "Pesca con devolución obligatoria"}, {"s": "2026-10-12", "e": "2027-01-15", "mode": "retention", "label": "Pesca con retención: 2 ejemplares sin límite de peso (salmon chinook)"}, {"s": "2026-11-10", "e": "2027-04-01", "mode": "retention", "label": "Pesca con retención: 3 ejemplares o hasta 15 kilos"}, {"s": "2027-04-02", "e": "2027-05-06", "mode": "catch_and_release", "label": "Pesca con devolución obligatoria"}], "veda": ["Prohibida cualquier actividad de pesca del 07 de mayo al 11 de octubre (años 2025-2027).", "Veda biológica del chinook: 16 de enero al 11 de octubre (años 2025-2027)."], "gear": ["Señuelos artificiales. Chinguillo."], "prohibitions": ["Prohibida la extracción (incluso con devolución) todo el año en zonas de protección de desove: desagüe lago Pollux, desagüe lago Frío, Pozón Ibáñez (río Claro) y otras (coordenadas en Res. Ex. 3004-2024 y 893-2025)."], "sources": [{"doc": "Res. Ex. N° 3004, 31 dic 2024 (mod. Res. Ex. N° 893, 08 abr 2025), DZ Pesca y Acuicultura Aysén", "url": null}, {"doc": "Res. Ex. N° 3004, 31 dic 2024 (mod. Res. Ex. N° 893, 08 abr 2025), DZ Aysén", "url": null}]}, "geometry": {"type": "MultiPolygon", "coordinates": [[[[-72.678723, -45.500051], [-72.689389, -45.502665], [-72.702332, -45.502038], [-72.701351, -45.503403], [-72.702673, -45.505358], [-72.70164, -45.508347], [-72.702853, -45.509091], [-72.703534, -45.51126], [-72.705867, -45.513302], [-72.709537, -45.51464], [-72.709869, -45.515692], [-72.713914, -45.519429], [-72.71768, -45.525172], [-72.722819, -45.530275], [-72.726724, -45.53275], [-72.726936, -45.533928], [-72.728902, -45.535528], [-72.729173, -45.536842], [-72.733204, -45.539338], [-72.73594, -45.542449], [-72.736917, -45.544268], [-72.736442, -45.547215], [-72.738024, -45.553881], [-72.737756, -45.55476], [-72.739955, -45.558646], [-72.740918, -45.559262], [-72.742426, -45.558622], [-72.744148, -45.558881], [-72.746095, -45.560214], [-72.74624, -45.558577], [-72.747897, -45.556736], [-72.747849, -45.559865], [-72.750092, -45.560826], [-72.751366, -45.562473], [-72.752838, -45.563226], [-72.75526, -45.562956], [-72.753257, -45.559286], [-72.752699, -45.553314], [-72.748582, -45.54825], [-72.748345, -45.546515], [-72.746248, -45.542213], [-72.7461, -45.539134], [-72.743099, -45.533706], [-72.739349, -45.528796], [-72.730686, -45.522967], [-72.727735, -45.516809], [-72.725335, -45.514476], [-72.725254, -45.511732], [-72.724415, -45.510213], [-72.723028, -45.509135], [-72.721765, -45.50686], [-72.719131, -45.505529], [-72.717293, -45.5033], [-72.708263, -45.498925], [-72.706401, -45.49732], [-72.700339, -45.495928], [-72.699591, -45.494558], [-72.699591, -45.49348], [-72.703561, -45.489929], [-72.705508, -45.485179], [-72.711724, -45.478891], [-72.715251, -45.477118], [-72.718576, -45.47656], [-72.724188, -45.470766], [-72.726602, -45.470784], [-72.728419, -45.470047], [-72.730215, -45.470704], [-72.731748, -45.470005], [-72.732647, -45.468632], [-72.732413, -45.46648], [-72.730288, -45.463716], [-72.728116, -45.462326], [-72.716339, -45.466707], [-72.710781, -45.465488], [-72.708635, -45.46615], [-72.702262, -45.471854], [-72.697268, -45.474726], [-72.69722, -45.475691], [-72.69597, -45.47646], [-72.696136, -45.477427], [-72.6934, -45.479618], [-72.689914, -45.483804], [-72.690268, -45.485493], [-72.688921, -45.486628], [-72.689168, -45.487899], [-72.688406, -45.48884], [-72.686459, -45.488659], [-72.684243, -45.490957], [-72.682181, -45.490963], [-72.679367, -45.493898], [-72.679287, -45.49514], [-72.676087, -45.499136], [-72.678723, -45.500051]], [[-72.746111, -45.557132], [-72.746079, -45.557551], [-72.746111, -45.557132]], [[-72.747538, -45.556533], [-72.746197, -45.558227], [-72.746224, -45.556687], [-72.747538, -45.556533]], [[-72.745771, -45.557003], [-72.745784, -45.557739], [-72.745771, -45.557003]], [[-72.743568, -45.556736], [-72.743829, -45.557125], [-72.743568, -45.556736]], [[-72.743547, -45.55717], [-72.744097, -45.557333], [-72.743547, -45.55717]], [[-72.743633, -45.557561], [-72.744091, -45.557472], [-72.743633, -45.557561]], [[-72.744411, -45.55775], [-72.744738, -45.558791], [-72.742817, -45.558475], [-72.744411, -45.55775]]]]}}, {"type": "Feature", "properties": {"id": "lago-rosselot", "name": "Lago Rosselot", "type": "lake", "region": "aysen", "season": "2026-2027", "opens": "2026-10-12", "closes": "2027-05-06", "cat": "oct", "rule_level": "region", "phases": [{"s": "2026-10-12", "e": "2026-11-09", "mode": "catch_and_release", "label": "Pesca con devolución obligatoria"}, {"s": "2026-10-12", "e": "2027-01-15", "mode": "retention", "label": "Pesca con retención: 2 ejemplares sin límite de peso (salmon chinook)"}, {"s": "2026-11-10", "e": "2027-04-01", "mode": "retention", "label": "Pesca con retención: 3 ejemplares o hasta 15 kilos"}, {"s": "2027-04-02", "e": "2027-05-06", "mode": "catch_and_release", "label": "Pesca con devolución obligatoria"}], "veda": ["Prohibida cualquier actividad de pesca del 07 de mayo al 11 de octubre (años 2025-2027).", "Veda biológica del chinook: 16 de enero al 11 de octubre (años 2025-2027)."], "gear": ["Señuelos artificiales. Chinguillo."], "prohibitions": ["Prohibida la extracción (incluso con devolución) todo el año en zonas de protección de desove: desagüe lago Pollux, desagüe lago Frío, Pozón Ibáñez (río Claro) y otras (coordenadas en Res. Ex. 3004-2024 y 893-2025)."], "sources": [{"doc": "Res. Ex. N° 3004, 31 dic 2024 (mod. Res. Ex. N° 893, 08 abr 2025), DZ Pesca y Acuicultura Aysén", "url": null}, {"doc": "Res. Ex. N° 3004, 31 dic 2024 (mod. Res. Ex. N° 893, 08 abr 2025), DZ Aysén", "url": null}]}, "geometry": {"type": "MultiPolygon", "coordinates": [[[[-72.367694, -44.144799], [-72.369304, -44.142867], [-72.368167, -44.14152], [-72.367437, -44.137909], [-72.368167, -44.136107], [-72.366021, -44.13191], [-72.366268, -44.130393], [-72.365205, -44.128229], [-72.365484, -44.126142], [-72.364336, -44.123377], [-72.361944, -44.120898], [-72.36116, -44.117108], [-72.358253, -44.113164], [-72.358038, -44.111138], [-72.355667, -44.107163], [-72.354841, -44.104436], [-72.346258, -44.098989], [-72.343115, -44.093411], [-72.338984, -44.08975], [-72.334274, -44.084287], [-72.333341, -44.084001], [-72.331828, -44.081134], [-72.329317, -44.079585], [-72.327493, -44.076456], [-72.327096, -44.073874], [-72.322934, -44.068686], [-72.322762, -44.066482], [-72.32155, -44.065711], [-72.32244, -44.063945], [-72.322075, -44.063066], [-72.32023, -44.062234], [-72.317848, -44.058263], [-72.316368, -44.057114], [-72.316743, -44.052858], [-72.314372, -44.047445], [-72.314168, -44.045671], [-72.317795, -44.040543], [-72.321786, -44.03927], [-72.321475, -44.03421], [-72.319876, -44.027854], [-72.320337, -44.025417], [-72.321711, -44.022909], [-72.3217, -44.018805], [-72.322805, -44.016722], [-72.321721, -44.007084], [-72.322826, -44.005178], [-72.322065, -44.003257], [-72.323642, -44.000988], [-72.324253, -43.997222], [-72.322515, -43.995763], [-72.319329, -43.995338], [-72.311937, -43.996419], [-72.309973, -43.995454], [-72.309791, -43.994412], [-72.307849, -43.992537], [-72.306669, -43.992845], [-72.306926, -43.99452], [-72.305371, -43.995632], [-72.305049, -43.99677], [-72.303128, -43.996843], [-72.302452, -43.99777], [-72.300006, -43.99824], [-72.29947, -43.999058], [-72.299781, -44.000648], [-72.302163, -44.002207], [-72.299899, -44.002925], [-72.297882, -44.002493], [-72.295092, -44.003982], [-72.294502, -44.004985], [-72.293065, -44.005348], [-72.294481, -44.005256], [-72.295951, -44.003774], [-72.297785, -44.003403], [-72.298289, -44.002701], [-72.298408, -44.003203], [-72.300446, -44.002801], [-72.300703, -44.003674], [-72.298472, -44.00541], [-72.298751, -44.008165], [-72.296122, -44.012895], [-72.29771, -44.014376], [-72.297174, -44.015256], [-72.29726, -44.019229], [-72.299159, -44.021004], [-72.300703, -44.024746], [-72.296036, -44.029158], [-72.296948, -44.030408], [-72.29462, -44.031457], [-72.296552, -44.035722], [-72.293912, -44.039794], [-72.294277, -44.040705], [-72.295328, -44.041044], [-72.297506, -44.040427], [-72.297699, -44.041445], [-72.297077, -44.042401], [-72.298118, -44.043342], [-72.301723, -44.040712], [-72.303697, -44.041923], [-72.303868, -44.042872], [-72.299711, -44.044483], [-72.303429, -44.043435], [-72.301873, -44.046072], [-72.300221, -44.046319], [-72.300789, -44.046928], [-72.300414, -44.049033], [-72.296267, -44.050319], [-72.296562, -44.054793], [-72.298654, -44.05743], [-72.298493, -44.058371], [-72.297206, -44.059073], [-72.300703, -44.061625], [-72.301669, -44.063745], [-72.302538, -44.06911], [-72.30198, -44.07032], [-72.302195, -44.072309], [-72.303225, -44.074529], [-72.305553, -44.077088], [-72.30521, -44.078244], [-72.306304, -44.079786], [-72.306594, -44.081813], [-72.308214, -44.083508], [-72.307828, -44.084734], [-72.308814, -44.089373], [-72.311196, -44.089673], [-72.312258, -44.090629], [-72.312334, -44.091839], [-72.313911, -44.092185], [-72.314715, -44.095183], [-72.318578, -44.099089], [-72.320723, -44.104051], [-72.323416, -44.107988], [-72.327493, -44.110106], [-72.332225, -44.11462], [-72.335969, -44.116931], [-72.33716, -44.118833], [-72.338523, -44.11938], [-72.342063, -44.123108], [-72.345711, -44.128722], [-72.345432, -44.130078], [-72.347513, -44.136007], [-72.347739, -44.139141], [-72.349488, -44.141581], [-72.34952, -44.144068], [-72.348629, -44.149242], [-72.345539, -44.150135], [-72.345218, -44.151158], [-72.34629, -44.151859], [-72.345861, -44.153553], [-72.346913, -44.155207], [-72.346172, -44.161496], [-72.347224, -44.162958], [-72.346891, -44.164113], [-72.345979, -44.164605], [-72.345829, -44.166375], [-72.346752, -44.167707], [-72.346215, -44.169092], [-72.343018, -44.172647], [-72.344091, -44.173886], [-72.343394, -44.174733], [-72.344917, -44.173725], [-72.346741, -44.174363], [-72.346612, -44.175064], [-72.347707, -44.174425], [-72.350968, -44.176879], [-72.353007, -44.177618], [-72.355045, -44.179988], [-72.357963, -44.179103], [-72.360174, -44.173155], [-72.360292, -44.169985], [-72.360785, -44.169554], [-72.360399, -44.167545], [-72.361869, -44.163836], [-72.362019, -44.160757], [-72.364315, -44.157286], [-72.3641, -44.149957], [-72.365806, -44.148472], [-72.365924, -44.147302], [-72.36763, -44.146362], [-72.367694, -44.144799]], [[-72.358366, -44.175687], [-72.357867, -44.178742], [-72.355801, -44.179361], [-72.355072, -44.175968], [-72.356933, -44.175891], [-72.357185, -44.177241], [-72.357223, -44.175814], [-72.358366, -44.175687]], [[-72.30051, -44.040118], [-72.299019, -44.041723], [-72.30051, -44.040118]], [[-72.315509, -44.001073], [-72.318717, -44.002362], [-72.319136, -44.00355], [-72.31787, -44.004052], [-72.316067, -44.002277], [-72.314597, -44.003157], [-72.312291, -44.001274], [-72.313567, -44.000648], [-72.315509, -44.001073]], [[-72.36468, -44.126096], [-72.36402, -44.126242], [-72.36468, -44.126096]]]]}}, {"type": "Feature", "properties": {"id": "lago-verde", "name": "Lago Verde", "type": "lake", "region": "aysen", "season": "2026-2027", "opens": "2026-10-12", "closes": "2027-05-06", "cat": "oct", "rule_level": "region", "phases": [{"s": "2026-10-12", "e": "2026-11-09", "mode": "catch_and_release", "label": "Pesca con devolución obligatoria"}, {"s": "2026-10-12", "e": "2027-01-15", "mode": "retention", "label": "Pesca con retención: 2 ejemplares sin límite de peso (salmon chinook)"}, {"s": "2026-11-10", "e": "2027-04-01", "mode": "retention", "label": "Pesca con retención: 3 ejemplares o hasta 15 kilos"}, {"s": "2027-04-02", "e": "2027-05-06", "mode": "catch_and_release", "label": "Pesca con devolución obligatoria"}], "veda": ["Prohibida cualquier actividad de pesca del 07 de mayo al 11 de octubre (años 2025-2027).", "Veda biológica del chinook: 16 de enero al 11 de octubre (años 2025-2027)."], "gear": ["Señuelos artificiales. Chinguillo."], "prohibitions": ["Prohibida la extracción (incluso con devolución) todo el año en zonas de protección de desove: desagüe lago Pollux, desagüe lago Frío, Pozón Ibáñez (río Claro) y otras (coordenadas en Res. Ex. 3004-2024 y 893-2025)."], "sources": [{"doc": "Res. Ex. N° 3004, 31 dic 2024 (mod. Res. Ex. N° 893, 08 abr 2025), DZ Pesca y Acuicultura Aysén", "url": null}, {"doc": "Res. Ex. N° 3004, 31 dic 2024 (mod. Res. Ex. N° 893, 08 abr 2025), DZ Aysén", "url": null}]}, "geometry": {"type": "MultiPolygon", "coordinates": [[[[-71.929666, -44.272205], [-71.926132, -44.274059], [-71.925912, -44.275946], [-71.930288, -44.276919], [-71.933529, -44.276776], [-71.943929, -44.280633], [-71.945341, -44.281782], [-71.94527, -44.282769], [-71.946107, -44.283429], [-71.94431, -44.285122], [-71.944793, -44.285629], [-71.946475, -44.285874], [-71.949303, -44.284891], [-71.95722, -44.287401], [-71.957307, -44.286875], [-71.955354, -44.285574], [-71.957516, -44.284744], [-71.96336, -44.285083], [-71.965738, -44.284298], [-71.974395, -44.286319], [-71.976683, -44.288376], [-71.976744, -44.288976], [-71.975475, -44.289453], [-71.972743, -44.289527], [-71.970503, -44.288291], [-71.966998, -44.287488], [-71.969166, -44.290463], [-71.970655, -44.291462], [-71.97725, -44.291741], [-71.979299, -44.290445], [-71.981284, -44.290883], [-71.986594, -44.28789], [-71.99343, -44.291289], [-72.001736, -44.292977], [-72.004307, -44.294845], [-72.006544, -44.298133], [-72.010867, -44.30043], [-72.013355, -44.300569], [-72.016673, -44.30209], [-72.01775, -44.29925], [-72.01925, -44.298], [-72.018885, -44.295331], [-72.017237, -44.293438], [-72.017485, -44.292012], [-72.016528, -44.291018], [-72.016474, -44.287954], [-72.015707, -44.28735], [-72.013, -44.28775], [-72.011221, -44.286892], [-72.0085, -44.287], [-72.01225, -44.28575], [-72.01775, -44.286], [-72.0135, -44.2845], [-72.009135, -44.285727], [-72.00975, -44.28525], [-72.00925, -44.28475], [-72.01025, -44.2835], [-72.01025, -44.2825], [-72.01075, -44.28325], [-72.012539, -44.28295], [-72.008, -44.2805], [-71.998878, -44.278342], [-71.99075, -44.2785], [-71.990404, -44.277762], [-71.983, -44.2755], [-71.97775, -44.2755], [-71.96625, -44.27375], [-71.9635, -44.27425], [-71.960156, -44.272573], [-71.96, -44.27175], [-71.9575, -44.2695], [-71.954162, -44.267948], [-71.95075, -44.265392], [-71.947, -44.26525], [-71.9435, -44.264], [-71.940429, -44.263872], [-71.933786, -44.265108], [-71.9265, -44.26475], [-71.923142, -44.262831], [-71.916648, -44.260896], [-71.914011, -44.258604], [-71.9115, -44.2585], [-71.910526, -44.257604], [-71.90814, -44.257719], [-71.906139, -44.2567], [-71.903731, -44.254513], [-71.901478, -44.253891], [-71.899365, -44.252077], [-71.898045, -44.25069], [-71.8985, -44.2495], [-71.89775, -44.2485], [-71.899016, -44.248377], [-71.900555, -44.246705], [-71.903087, -44.240741], [-71.902251, -44.238024], [-71.902873, -44.236883], [-71.9025, -44.23625], [-71.905987, -44.230904], [-71.90625, -44.2295], [-71.907108, -44.22895], [-71.908307, -44.225534], [-71.907706, -44.225488], [-71.90675, -44.227], [-71.904, -44.22725], [-71.90125, -44.22925], [-71.899441, -44.229385], [-71.8985, -44.22925], [-71.897228, -44.227504], [-71.892729, -44.226392], [-71.89, -44.224], [-71.88975, -44.222], [-71.88675, -44.22025], [-71.882667, -44.221142], [-71.87975, -44.2235], [-71.878564, -44.22475], [-71.878164, -44.226316], [-71.881576, -44.228357], [-71.88525, -44.22925], [-71.888, -44.23125], [-71.889215, -44.233158], [-71.8885, -44.241], [-71.88745, -44.242269], [-71.8855, -44.24275], [-71.8845, -44.24475], [-71.8835, -44.245], [-71.878152, -44.239524], [-71.875264, -44.239795], [-71.876464, -44.241618], [-71.876166, -44.242977], [-71.876993, -44.244555], [-71.876135, -44.246193], [-71.876758, -44.24691], [-71.875638, -44.247167], [-71.873089, -44.246414], [-71.874243, -44.247852], [-71.875898, -44.248563], [-71.878679, -44.248431], [-71.88167, -44.249518], [-71.881651, -44.25064], [-71.884124, -44.255353], [-71.884001, -44.259007], [-71.885401, -44.260438], [-71.885374, -44.26237], [-71.887909, -44.265945], [-71.886592, -44.266567], [-71.878561, -44.261202], [-71.883647, -44.265273], [-71.887131, -44.270115], [-71.88922, -44.270818], [-71.890371, -44.268613], [-71.892571, -44.267875], [-71.89393, -44.269083], [-71.897302, -44.269688], [-71.898992, -44.271649], [-71.901146, -44.270699], [-71.904903, -44.27162], [-71.904729, -44.275369], [-71.905488, -44.275509], [-71.909506, -44.274951], [-71.912566, -44.272302], [-71.919, -44.26925], [-71.924353, -44.270239], [-71.927442, -44.271982], [-71.929666, -44.272205]]], [[[-72.081052, -46.863169], [-72.088444, -46.863499], [-72.090247, -46.862428], [-72.093052, -46.862445], [-72.095002, -46.861143], [-72.096885, -46.860782], [-72.097231, -46.85923], [-72.098808, -46.858073], [-72.102574, -46.858166], [-72.10296, -46.854923], [-72.107348, -46.85419], [-72.108185, -46.85259], [-72.112423, -46.84942], [-72.115009, -46.848276], [-72.115771, -46.846793], [-72.11856, -46.845832], [-72.119815, -46.844012], [-72.117584, -46.841752], [-72.117423, -46.840725], [-72.11885, -46.839748], [-72.119043, -46.838009], [-72.117747, -46.836969], [-72.116666, -46.836967], [-72.109773, -46.840838], [-72.107633, -46.842302], [-72.099216, -46.851732], [-72.089565, -46.857212], [-72.085553, -46.858812], [-72.08407, -46.858498], [-72.082393, -46.860228], [-72.079989, -46.86066], [-72.081052, -46.863169]]], [[[-71.741258, -42.725453], [-71.74323, -42.725084], [-71.745955, -42.726207], [-71.74825, -42.7255], [-71.74873, -42.724754], [-71.748338, -42.723494], [-71.749546, -42.72167], [-71.748767, -42.719249], [-71.745457, -42.718051], [-71.741026, -42.718228], [-71.738821, -42.717594], [-71.73509, -42.715688], [-71.73148, -42.711348], [-71.724332, -42.710919], [-71.722527, -42.712596], [-71.723701, -42.71528], [-71.725448, -42.71648], [-71.727996, -42.71564], [-71.728959, -42.71597], [-71.729879, -42.71743], [-71.729071, -42.719617], [-71.730364, -42.720875], [-71.731453, -42.720875], [-71.733891, -42.722422], [-71.737295, -42.722167], [-71.741258, -42.725453]]], [[[-71.712843, -39.134963], [-71.711524, -39.135144], [-71.711592, -39.135868], [-71.710544, -39.136157], [-71.708752, -39.135296], [-71.710955, -39.1323], [-71.714045, -39.12977], [-71.717737, -39.127824], [-71.71913, -39.127869], [-71.72031, -39.12874], [-71.720565, -39.129464], [-71.719896, -39.130212], [-71.713049, -39.132327], [-71.714022, -39.13367], [-71.712843, -39.134963]]], [[[-71.899586, -41.970884], [-71.898955, -41.971001], [-71.897598, -41.969737], [-71.899305, -41.968287], [-71.901153, -41.965386], [-71.902136, -41.963211], [-71.901832, -41.962416], [-71.903843, -41.962065], [-71.903914, -41.965386], [-71.904779, -41.966346], [-71.904241, -41.967398], [-71.904709, -41.96824], [-71.904428, -41.970158], [-71.901691, -41.972311], [-71.899586, -41.970884]]]]}}]}